"Path","Category","Width","Height","Pixels","NormalizedSHA256"
"natural-clic2022/000001_3aa809acae2b342a96e0ebf32828203f51fccd2ce34d4005e3018aa629d0c484_4001d58ee68a.png","natural-clic2022","1152","2048","2359296","4001d58ee68a96272f229ea84e2bcc935dee620a17fd334cd173edb947d8f26b"
"natural-clic2022/000002_425b3b553124b203bcd3d58b4e00ad61f2b2b5d844c187d1c4fa53aa693ce69b_520dab5f5e38.png","natural-clic2022","1536","2048","3145728","520dab5f5e38e9fc3bf11c2ae529ecc4623739054bdac60e447b87b4bd47c7d9"
"natural-clic2022/000003_47c001b9e0b91b5aed2f3f18d25e948f7afb44e73786c9bfcf85b286b721d31a_a78b06ed3ea7.png","natural-clic2022","1639","2048","3356672","a78b06ed3ea71f9671ccf6e7243acc7f860c4cd7c008d2b98fddbcfb0461c2cb"
"natural-clic2022/000004_48f1c5360eaff7244bcb2d5ea9c72ae474bb6c11a03e3dca4e1916f114ee1c5d_4c667987cabd.png","natural-clic2022","2048","1365","2795520","4c667987cabdb9938d0c84cf5b2d22b9bdee03e6060bb09630ce27b8b446016f"
"natural-clic2022/000005_491bebfd7df29f785296beade1ec660a0f110c314522c052f1bece6863844720_0e3e4123bc51.png","natural-clic2022","1365","2048","2795520","0e3e4123bc51abf31bfedbba2f97eb321b2c96826ec6fb165ed23bd7606ea99f"
"natural-clic2022/000006_4e863481b2dc77925a5f94834a1245a8a06b088965462258b0758faf9fe6f93d_a84db6302722.png","natural-clic2022","2048","1365","2795520","a84db6302722a8cd4ca498b11aae4a65bbddbfbdfcc26aeb36bfb74a0ba63ec2"
"natural-clic2022/000007_560581020f24fe1d6ba7ee053541d290692531a4e378d6598f8f293725a4bd5b_1c7bd2bd751c.png","natural-clic2022","2048","1365","2795520","1c7bd2bd751ca613bf455ad033784290d5bc29dd9c5afce18570ac0403dbf3d4"
"natural-clic2022/000008_61c79b60d18882c962eeae88455089f2f55af9f3f392175ea2d87aa6fd7d25a5_fc17cfafe5ef.png","natural-clic2022","1639","2048","3356672","fc17cfafe5ef9abc84133ccb7ef9dc6dd0d092ee99eeec701795fac16a78310c"
"natural-clic2022/000009_62750dfeafd0c3afeb589b67c13dcf6046a30cf86516dc21ea6239330d879b6e_b05ec4592249.png","natural-clic2022","2048","1152","2359296","b05ec459224923b2de6a7b839d323db64c110b78a3ffef43bfef7113ebc38566"
"natural-clic2022/000010_6c8bcf69a7ddf7136b9404fc3a2156ea6d6a620e42f7c5ead39351c13f39fd38_83075f1d31a1.png","natural-clic2022","1851","2048","3790848","83075f1d31a194162844106782c1485a9b8bcd1f414d8c646f51354631a04f9f"
"natural-clic2022/000011_7c91f78c6f5b077ca301439e1b116f3ce4a1e09d5f98749985dd78dbcf767d03_1b8a34a6de57.png","natural-clic2022","1365","2048","2795520","1b8a34a6de57b1ad53a36dbfef6b666f0ffcd77b6ef719088f5d19203b9821ba"
"natural-clic2022/000012_7dc505e152232442373060afd1b93fa11b2160834a7ad1e369c16d0229799c6e_4890308873a8.png","natural-clic2022","2048","1365","2795520","4890308873a8ef8a6415c6d794e6b5c751aeefac7ae5e6ab0deaa9ce6342df45"
"natural-clic2022/000013_827f973daa9d25684c9ff87aa3ac64994e20af2143791736bf4df1b47cfeaac4_db75c41d3ac6.png","natural-clic2022","1365","2048","2795520","db75c41d3ac6710bf228dfd508526df7838e7d59755c8e140820753163f938bf"
"natural-clic2022/000014_922e2f705d912381ddce09a49a1745b27b7085d335b690b4810545cf99bdd472_9e68cefaba1e.png","natural-clic2022","1151","2048","2357248","9e68cefaba1e4235ae84e7dfb4219a63105d8a48488f8518a63308ab66308950"
"natural-clic2022/000015_9c5e0f56f22023705f03328bc38eb89e923836361bd3a8ed8bc7f35886109f17_fca46382963e.png","natural-clic2022","2048","1365","2795520","fca46382963e577e0abadd0e14f5b85957128e67ab63729e6387f8618995b9e0"
"natural-clic2022/000016_9e248324151508f3e4790532329acca967cb9e0484f4fea697bab3a3957debd8_f62da2399f7d.png","natural-clic2022","2048","2048","4194304","f62da2399f7d2d168802b5567d354da74f7ba40bda8f4548791333db48880170"
"natural-clic2022/000017_a16b0f55803e97726680bf481a626098343cabf2d007c10616ea2220842139a9_7c0674956096.png","natural-clic2022","2048","1365","2795520","7c06749560969e3197b71cb08ed8123ad3dd8f781bba984e1b7a6917ad7e6bef"
"natural-clic2022/000018_a1fc1ce49df4f2c8a84a4c440112247f00404c7414595c00f18db6fbb67a7cbb_41f669cce4fe.png","natural-clic2022","2048","1365","2795520","41f669cce4fe5ba74f5bd7db63042f4168b683a64848cf5f7dba5d5dfb317582"
"natural-clic2022/000019_a8fb83357e4835ca4c2be5ae05901fe85658c9dd60480a6aaa7dd4b9c77b3a85_0a84359dfe5e.png","natural-clic2022","1571","2048","3217408","0a84359dfe5e78b295a1e7fe591c242db19431f2050c9ead177db5bf0739cd99"
"natural-clic2022/000020_ac266998857f26134c547579669dad08e205890d3db91146874851145d8094f1_b7301ec93a40.png","natural-clic2022","1365","2048","2795520","b7301ec93a4065a18f184741768abafe1e24a93a76a00696b8bbf7585673d21d"
"natural-clic2022/000021_b88f981d913301dce7bb7feef4c379525d1165b6d71d4c5808b073c015859f3f_4654ec661e47.png","natural-clic2022","1365","2048","2795520","4654ec661e47ad94727bba5dd04d74a8482366b1100a63110a8acadb5c3126d3"
"natural-clic2022/000022_c657013ece5053b0c9e378edb7c2cd11b7bd722911f5a1c93b7874903b0466de_115f74773278.png","natural-clic2022","2048","1365","2795520","115f74773278402dbd45b82c64f916b1f6fdf65f4c36eb8d632822fbac6f44bc"
"natural-clic2022/000023_cd272a9d4ae2d9eabbe58474facc4da00f280be40137597bf1e497f459eda284_3ae61e5134bc.png","natural-clic2022","1368","2048","2801664","3ae61e5134bc83ae8d39db92156943e206496ce8fe30b74b8af927af3aa96a4c"
"natural-clic2022/000024_cf79510012b96c7326c34eba548ea02b1e47097402fc872465679dd9e6dbc4ac_8ac95b4627e3.png","natural-clic2022","2048","1152","2359296","8ac95b4627e3d73af7cf623b0b4c6e3103cc47b5a1f28330e6bbdbd42bb77dd6"
"natural-clic2022/000025_d648eea37f8eee9b41a4554e3e4c7503a6544b58deb34b6cd3e4174554b8d5dd_a4466272ba52.png","natural-clic2022","2048","1135","2324480","a4466272ba521cc000c1e682c96ed0f08c34a4cc3769bb775f68c6ab1be44b1e"
"natural-clic2022/000026_e8d6d0d360345b092487e01a6e8e424c841bcdc7bf2fef47733fff4a955fd9ae_12eea12c8786.png","natural-clic2022","1365","2048","2795520","12eea12c878687dcf1d5320c7e6d7c1d944f0d2968e75a87b13fd78b4a4b01e4"
"natural-clic2022/000027_e8e26aea8c6b0cff8b8ec686ff55bc14c1b46aa651c4f8638080d12bd9c4bfb8_a66f4b15c427.png","natural-clic2022","1365","2048","2795520","a66f4b15c4274a3b897d8a9cc4cd587e8b1b3c858b3b65f4c4925f38343c8156"
"natural-clic2022/000028_ebb9c170bb6b0557f6c6f89eae1f43ca96c7ff44ccfc2562df2b01c359b28599_27c53b2285a9.png","natural-clic2022","2048","1365","2795520","27c53b2285a920dcb421b2d55fcb30f825aa39a68c694d4778fd060de2a36433"
"natural-clic2022/000029_eddd329c3075910b63a1b7f1e57169ad752d1df968c0c8ce1fbb52b4053ca274_bde1c0470900.png","natural-clic2022","1581","2048","3237888","bde1c04709008ca33560d2a458a548e5e3281ef636359e3a39c0eb632361e355"
"natural-clic2022/000030_efb029bd08cfefbcf41b0858c229562843dc52e2eb44e0fdfdb476a7184421c5_eaa0a7f8902d.png","natural-clic2022","1365","2048","2795520","eaa0a7f8902d2b00b0df36d8028084fb202c9f8673938538f0eb1768f0e900d7"
"natural-div2k/000031_0801_bebe4d60d6fa.png","natural-div2k","2040","1356","2766240","bebe4d60d6fa8f38ee88927c386634e028b2dde031a7162e090987b637e3f735"
"natural-div2k/000032_0802_9a12b2ba1f35.png","natural-div2k","2040","1356","2766240","9a12b2ba1f3550435fb3c71c3da6f44960327dfd46915c46487509c6ac406aa8"
"natural-div2k/000033_0803_5d155324d13c.png","natural-div2k","2040","1536","3133440","5d155324d13cf2b1268be0be8fda28f99e342bb41ef011b14c17acf8ad19a1d3"
"natural-div2k/000034_0804_89dfd719f089.png","natural-div2k","2040","1200","2448000","89dfd719f0899f95c548d11b3d74ee11b650df58f70f69a42043e23bc41aa37a"
"natural-div2k/000035_0805_fcf75d34d24c.png","natural-div2k","2040","1536","3133440","fcf75d34d24c7f2b7f3a969c53a6dd3942079f8929ac0c574a8fd0b589eb1b1c"
"natural-div2k/000036_0806_a25fffd8ea02.png","natural-div2k","2040","1356","2766240","a25fffd8ea02a693b93c9791687c7ccab55530633f16a1384464b63ec165e175"
"natural-div2k/000037_0807_70e7b552e560.png","natural-div2k","2040","1128","2301120","70e7b552e56096e7e37dfdd5b99fc27f96c905c78cc3fb20b29e0a7e05accb84"
"natural-div2k/000038_0808_e3d583404139.png","natural-div2k","2040","1356","2766240","e3d583404139545dd3801caa6f6530ba3f4cc8c847c621f02cc418c5514e65ab"
"natural-div2k/000039_0809_40fdcbf3e629.png","natural-div2k","2040","1356","2766240","40fdcbf3e629fc72f66feb3d97995e7e0d8d86c113749b4f98e50f7d7c75dfb4"
"natural-div2k/000040_0810_9cb3b5171682.png","natural-div2k","2040","1536","3133440","9cb3b5171682cf4aae1f24c5c25ac4591784c927a27a6cdfd5e9d78da3d5e614"
"natural-div2k/000041_0811_7b689cf7dc27.png","natural-div2k","2040","1356","2766240","7b689cf7dc27cce64d7decc42af2168f0110e2cdf49fdac9b7bc5d1999b47a43"
"natural-div2k/000042_0812_aa97c8261246.png","natural-div2k","2040","1536","3133440","aa97c8261246ba53fc7cb1e9835da7b641c7038eeeea6795807bf572724dad2c"
"natural-div2k/000043_0813_8a2058432d17.png","natural-div2k","2040","1464","2986560","8a2058432d17d71b6b506e5e31df63b4dc0c4b9a328fd821cba2be934875c0e4"
"natural-div2k/000044_0814_75f55b05473a.png","natural-div2k","2040","1356","2766240","75f55b05473a71ce1dde841553c5c918522b7f214f99972763d915ae3fde8a95"
"natural-div2k/000045_0815_2c1044d591bb.png","natural-div2k","2040","1356","2766240","2c1044d591bb401027e71b4ca56f44974ae7f05594b19c35551529f8c8b46a70"
"natural-div2k/000046_0816_5744e39c1cc0.png","natural-div2k","2040","1356","2766240","5744e39c1cc0b743f1a19baaefe5af1f5afbf2c99d001f62ce141bd8f92210a9"
"natural-div2k/000047_0817_f39c695b91b0.png","natural-div2k","2040","1536","3133440","f39c695b91b04fcabc579cb25ac4813ee1364c31a0d183e555f9ac6a8e582fe0"
"natural-div2k/000048_0818_90a0cc7fd43d.png","natural-div2k","2040","1536","3133440","90a0cc7fd43d4945fa0f1c4f37f774981c72a895418f72fefa07e69750c39022"
"natural-div2k/000049_0819_b470a67ea084.png","natural-div2k","2040","1356","2766240","b470a67ea084a1e8898c62895b7b6b4b97404191c80c17dfbfb7a8f769ebddb2"
"natural-div2k/000050_0820_981cad1c661a.png","natural-div2k","2040","1356","2766240","981cad1c661ac76cadd628f14484338297d9da925a14c70d1382858cbfbd97d9"
"natural-div2k/000051_0821_3609b910480b.png","natural-div2k","2040","1356","2766240","3609b910480b9b63c607e23872b9e9468eb1b095982dff8df3c15f1b39487191"
"natural-div2k/000052_0822_d8d7d5fd2442.png","natural-div2k","2040","1596","3255840","d8d7d5fd24428648689ee3a5ef4b4185cbeb2d8b494e39f9db0c3efb1524193a"
"natural-div2k/000053_0823_7ab39c09b86f.png","natural-div2k","2040","1284","2619360","7ab39c09b86fda57bb0279e486904f2c2f327b85932e35c07c9b5a929004f050"
"natural-div2k/000054_0824_965ee0431c89.png","natural-div2k","2040","1356","2766240","965ee0431c89044087f95b015cbb389bae0a78e755108ef6217c7b77d56e662d"
"natural-div2k/000055_0825_0a8bafca7131.png","natural-div2k","2040","1356","2766240","0a8bafca7131ed93b4839984b4d6af2bf4d258479551e8b252acc89bba0c800f"
"natural-div2k/000056_0826_c80a2d74ecfd.png","natural-div2k","2040","1536","3133440","c80a2d74ecfd715190d378e9c48f4688ca126757acb85689fe73dbc8dd6c392b"
"natural-div2k/000057_0827_f379ed709e81.png","natural-div2k","2040","1536","3133440","f379ed709e814209407068a58e47736c1ffd23cd1b02e13987e75f5a14997a96"
"natural-div2k/000058_0828_ee33b5cb995c.png","natural-div2k","2040","1356","2766240","ee33b5cb995c7e4ef3b2e6decf92202074efbda465336d99b8bf296777dbf1dd"
"natural-div2k/000059_0829_c21596ef49fd.png","natural-div2k","2040","1356","2766240","c21596ef49fdaeb45c29df037db269581b1ae5268a5c6e50fe1e497192538b75"
"natural-div2k/000060_0830_357a824f023a.png","natural-div2k","2040","816","1664640","357a824f023a112bdb9002f1cd5d0c702d68c5eeed39fdc17207411df91baa18"
"natural-div2k/000061_0831_ca235c310f14.png","natural-div2k","2040","1356","2766240","ca235c310f14dc53c2b90aefb797b4d3c9428f03179403f12b226b2472d445f5"
"natural-div2k/000062_0832_5f74baa5dec7.png","natural-div2k","2040","1356","2766240","5f74baa5dec704f3d90d1d20a278e21a93f7eb6ae22e577ed9d0bc5cfc022ca6"
"natural-div2k/000063_0833_d19fca5757bb.png","natural-div2k","2040","1548","3157920","d19fca5757bb8288f3359ef0a29e57a1902b88d64e7f9de947b6a6931a4e8bcb"
"natural-div2k/000064_0834_3769098f75d6.png","natural-div2k","2040","1356","2766240","3769098f75d6cc89a0bdb4973edb7dbced4c81e4a1c5fdef690ceda8e9bd49c8"
"natural-div2k/000065_0835_a364aed04df4.png","natural-div2k","1620","2040","3304800","a364aed04df41e511978af2856c546488173423927e45d22fc37b9445cd6bce2"
"natural-div2k/000066_0836_9f0044f7b3f1.png","natural-div2k","2040","1536","3133440","9f0044f7b3f15e75354ef5c388f59a135d92954173ef51076f66416289fb0585"
"natural-div2k/000067_0837_25a1c9430cfe.png","natural-div2k","2040","1356","2766240","25a1c9430cfee30bf2f02dc02cf7f489b3d6a3cf104776138a0bf0220fe786f3"
"natural-div2k/000068_0838_926b93cd13f9.png","natural-div2k","2040","1356","2766240","926b93cd13f943fe2e44748b9faf6b5c010b5683eab78f68041b5ffbe22c85bb"
"natural-div2k/000069_0839_e8c4f22711ea.png","natural-div2k","2040","1356","2766240","e8c4f22711ea811f6821d8b076e5ad2516d150f8e3456fc839deb28392034610"
"natural-div2k/000070_0840_cf6f369b0fc5.png","natural-div2k","2040","1356","2766240","cf6f369b0fc5442ee8a1ac056a106c2205da7e362e1964772a43ab6f92ed2d44"
"natural-div2k/000071_0841_1af5e9fe77f5.png","natural-div2k","2040","1356","2766240","1af5e9fe77f501de5ff0deb5fcda217db0e3bdfa6496fbde604a00147ffca7a0"
"natural-div2k/000072_0842_6d89560b5e51.png","natural-div2k","2040","1356","2766240","6d89560b5e511afd69767ad1f896abab9d786d504ded356ccd5f13a6c2b56907"
"natural-div2k/000073_0843_355ced80fe4d.png","natural-div2k","2040","1356","2766240","355ced80fe4dcfc7a7fc688ed24b60afc2e3551201bcae79978b11bdc55ba08b"
"natural-div2k/000074_0844_6a4e3b82e671.png","natural-div2k","1356","2040","2766240","6a4e3b82e6710a39e59477aedf4e7e0dd0796a62e11a2456a6239f6dc7d4ded2"
"natural-div2k/000075_0845_0e52efb3e860.png","natural-div2k","2040","1356","2766240","0e52efb3e86062469cbda9d130107f1493bca803cacc6adcb44335fa223ce1dd"
"natural-div2k/000076_0846_1ea6a4ca5cfb.png","natural-div2k","2040","1368","2790720","1ea6a4ca5cfba2ec5b50801e559d88af4ec472db7d2ea2316e1b8843b7b6c092"
"natural-div2k/000077_0847_f7a1962fe172.png","natural-div2k","1356","2040","2766240","f7a1962fe172e34c8a077d8f4b4c90bf50ec28c87fef40b8d8a24c70da2e21e4"
"natural-div2k/000078_0848_b51af75407a7.png","natural-div2k","2040","1536","3133440","b51af75407a78606c8b041323df63f9702e0c01a80f7a456701c3a31dad69360"
"natural-div2k/000079_0849_8887da0ba3a2.png","natural-div2k","2040","1356","2766240","8887da0ba3a24262c31d59d4ac79546751a0a2f29cef6194dfb889daac0f197a"
"natural-div2k/000080_0850_a01f09abf971.png","natural-div2k","2040","1356","2766240","a01f09abf971f6d0d302c0c462c24316819868c9c7960c51951f11831868a703"
"natural-div2k/000081_0851_78b55dbf7fad.png","natural-div2k","2040","1344","2741760","78b55dbf7fadb8c96fbdb2f4d783f515e5b2a422ccf1420652a3366a6e900b38"
"natural-div2k/000082_0852_83fec9af97e2.png","natural-div2k","2040","1152","2350080","83fec9af97e22e5ef63fd4b17f2ff18332886419bd30ea535582fe4f22c90017"
"natural-div2k/000083_0853_be950f771461.png","natural-div2k","2040","1356","2766240","be950f7714615312e427f653ff3afdb8d8ddfac8d0de58517a7f8d0328f24e79"
"natural-div2k/000084_0854_200082811cd5.png","natural-div2k","2040","1068","2178720","200082811cd55d0f908ebb59b37eafe06c0ffe21398360f7d8cd6faef25e900a"
"natural-div2k/000085_0855_dc4c4d7f713f.png","natural-div2k","2040","2040","4161600","dc4c4d7f713f1fff177e63aa340271e4d7d96fbfacbbacb7a6464e249cd930fc"
"natural-div2k/000086_0856_ee4aa268b719.png","natural-div2k","2040","1356","2766240","ee4aa268b719cc303373c5591b67dae6197a8cd2cb606a9995f443dbce0b8f16"
"natural-div2k/000087_0857_b58dc3ba4172.png","natural-div2k","2040","1416","2888640","b58dc3ba41727618d105e5cc371a8242a1371d8aa321d77365a34de8928d7b2c"
"natural-div2k/000088_0858_a0630451e96b.png","natural-div2k","2040","1356","2766240","a0630451e96b19f9df9e41dc8cec9efb6500e6adcfba5b11f65a68a1c6606ce8"
"natural-div2k/000089_0859_fcb8800ff612.png","natural-div2k","2040","1356","2766240","fcb8800ff61218ca3a5344e1a764485cd1973aada4891ad85175e83ae6be81ac"
"natural-div2k/000090_0860_dc1c067b6c0e.png","natural-div2k","2040","1536","3133440","dc1c067b6c0e12c414343a0c3a8dca01f597b2e4712ed5beeaf4f58b44603a04"
"natural-div2k/000091_0861_85b986647399.png","natural-div2k","2040","1356","2766240","85b9866473995f1e4ac4f722458b76fabbc2bf1f032349bffd9e72971bc65528"
"natural-div2k/000092_0862_4dae6db276c3.png","natural-div2k","2040","1356","2766240","4dae6db276c3e38b2c0b3e1ec18d2437530bdde9fcb961c78a349907181fbbca"
"natural-div2k/000093_0863_04ebcee3828f.png","natural-div2k","1500","2040","3060000","04ebcee3828f8edd88658c5450ceafabc45ab36571faf0aebc2b6e768ea96392"
"natural-div2k/000094_0864_b6dab6361cb8.png","natural-div2k","2040","1356","2766240","b6dab6361cb8762b4593c4d30004ae84159ccd4d13832e0ecc0ff5bbe130ddec"
"natural-div2k/000095_0865_660f9864983a.png","natural-div2k","2040","1536","3133440","660f9864983a21213c553c3b7b138c826f7150e5cd71109634a2805873e42d79"
"natural-div2k/000096_0866_f44aca5cb182.png","natural-div2k","1356","2040","2766240","f44aca5cb18274bdac9044869d4646836dbe7c1f83a634dc75e2c39aa14fa7ed"
"natural-div2k/000097_0867_378d066cd1ae.png","natural-div2k","1356","2040","2766240","378d066cd1ae755d023ac2cd0576ad071e5763de8413b4fc12338dbf3e8c9541"
"natural-div2k/000098_0868_00ffbd2c22f9.png","natural-div2k","2040","1356","2766240","00ffbd2c22f9051ddb3c0f0502872d0827c7a5b0433d016947b872bea11ac4ab"
"natural-div2k/000099_0869_bacf11732dcb.png","natural-div2k","1356","2040","2766240","bacf11732dcbb9f1714d1a960c4a0ab71de1538e774daf46f0de5e1db3339ef3"
"natural-div2k/000100_0870_83bd073a9f3f.png","natural-div2k","2040","1572","3206880","83bd073a9f3fd64b13911156ac4442f69f137debfc83a85cadd14ce4f2b9496f"
"natural-div2k/000101_0871_07f9f8b8f154.png","natural-div2k","2040","1356","2766240","07f9f8b8f154433b2b2c9c211dc0ed104a1e109232dd8858d957868094c93153"
"natural-div2k/000102_0872_228cb51944e3.png","natural-div2k","2040","1356","2766240","228cb51944e3d973a443acc6b8206f37c387bcc888642b6143047f02bbdd1a66"
"natural-div2k/000103_0873_fc51381937bb.png","natural-div2k","2040","1356","2766240","fc51381937bb8d9ecd1171793892127b92fddfe5f3a0382c1b25d590b1872393"
"natural-div2k/000104_0874_0b1d3337b086.png","natural-div2k","2040","1356","2766240","0b1d3337b086921609dc01f132d1c841ab562ceab728ddc5e526b1c2da048634"
"natural-div2k/000105_0875_41f937ba8102.png","natural-div2k","2040","1536","3133440","41f937ba81024f57d8173cc7f40e63e0fac437ba64a5898310afec2b31504274"
"natural-div2k/000106_0876_aed55052fea0.png","natural-div2k","2040","1356","2766240","aed55052fea0269b07c45699a906e0a01a4e441e7d45332266647dc189c09fab"
"natural-div2k/000107_0877_e354b66050e4.png","natural-div2k","2040","1152","2350080","e354b66050e46bd81e71e9b3267236408b423e44569e909508ad0a6ab78fcaf6"
"natural-div2k/000108_0878_f7a8bea7df56.png","natural-div2k","2040","1740","3549600","f7a8bea7df567bfe77c19ef100b7ce7cf3b04763edd1818256263a6cafe14319"
"natural-div2k/000109_0879_d9a3b40cc225.png","natural-div2k","2040","1872","3818880","d9a3b40cc225a4466b82aec6342c50f8292e3212cd6773b960ab89cbb42bfbcf"
"natural-div2k/000110_0880_2e11b4551282.png","natural-div2k","1356","2040","2766240","2e11b4551282d97c40f373d5c51675ed3af8ca5b7759355255d28e1bd53125d4"
"natural-div2k/000111_0881_9436abd497cb.png","natural-div2k","2040","1260","2570400","9436abd497cb55449a2715685c15c5f587c7c88f88a698529e2cefe8e1c2424e"
"natural-div2k/000112_0882_95116bb9d1f9.png","natural-div2k","2040","1356","2766240","95116bb9d1f9c8df2e75659177ea3168a6a9fb75dfdffcead2f67fe59bfcd667"
"natural-div2k/000113_0883_d0e41135bddb.png","natural-div2k","2040","1380","2815200","d0e41135bddb74a84582fd1a70d3ffe09486c107089b494adc43f87d8a7b2c89"
"natural-div2k/000114_0884_db341c0af708.png","natural-div2k","2040","1356","2766240","db341c0af708dce03ea2490bf9ea66034d0ce91daa0b20026397bb612a643bbe"
"natural-div2k/000115_0885_c231228b2375.png","natural-div2k","2040","1356","2766240","c231228b23754962211aa44349b65a7f63e268f61db2f18d826c464898cba3be"
"natural-div2k/000116_0886_9a8174e4b292.png","natural-div2k","2040","1356","2766240","9a8174e4b29289ec24e13c54be623bfef33af6265dc432a8fea40ddab01109db"
"natural-div2k/000117_0887_5fe46ff6b530.png","natural-div2k","2040","1356","2766240","5fe46ff6b5306e636948451f8a03e5cc010f8d10d253e7c54fb98cadec6030f9"
"natural-div2k/000118_0888_1b4af9c90f74.png","natural-div2k","2040","1356","2766240","1b4af9c90f745be97f23845055eb417d8c3bbbf3332889b7c5cb0054430c2748"
"natural-div2k/000119_0889_6de0c2af80a3.png","natural-div2k","2040","1356","2766240","6de0c2af80a30088a2f32f459accef762218be00333d669b75d0aa44f51ad6f6"
"natural-div2k/000120_0890_fb10d1706e0d.png","natural-div2k","2040","1368","2790720","fb10d1706e0d53817c506a109938a17dee2e826d411c7f3113ae151b6fe38bfa"
"natural-div2k/000121_0891_624f8a7af653.png","natural-div2k","1668","2040","3402720","624f8a7af65321bcfb9cc6f68453093b81cb4f621ea2922ba725d8b91e6b3b55"
"natural-div2k/000122_0892_ae9ffa5d9eb4.png","natural-div2k","2040","1284","2619360","ae9ffa5d9eb405979f0792f17814ca83f919397882c57634b5197b792a2db6e9"
"natural-div2k/000123_0893_2b3a4193b61a.png","natural-div2k","2040","1356","2766240","2b3a4193b61ac1f7c24d0e12f47100d62c37e75b112b8c90a00a6646499267ae"
"natural-div2k/000124_0894_80aff5eeea08.png","natural-div2k","1356","2040","2766240","80aff5eeea08cc518030f05ac44bdaa0ca1eb4050633332ae1bae8f8ec9bbd7f"
"natural-div2k/000125_0895_a9c4b10be0a3.png","natural-div2k","2040","1284","2619360","a9c4b10be0a3749887883eb14d1f713c62412f1c429580fa9adcfa7ecb06ec8d"
"natural-div2k/000126_0896_a231c8ee58a6.png","natural-div2k","2040","1356","2766240","a231c8ee58a6bf3fb3f9df9c54f9cd4716a48e746214377fe708240978bf7c22"
"natural-div2k/000127_0897_795581d89498.png","natural-div2k","2040","1368","2790720","795581d894981d59b7a9cb9371ea2af813168690f920bd6ea4caa9f635675281"
"natural-div2k/000128_0898_82acd33850ec.png","natural-div2k","2040","1356","2766240","82acd33850ecf9743d1dc86cad141e63f461b25951b829de36d6392db1c01214"
"natural-div2k/000129_0899_cbad5d162105.png","natural-div2k","2040","1356","2766240","cbad5d162105057c739f5cf32c03bf66bd0863b704f70679bb5e18acbf27b08e"
"natural-div2k/000130_0900_807267b4315a.png","natural-div2k","2040","1152","2350080","807267b4315a7b29a1eaa3e73136e75d64740e010f484d3b9548884efd85dd4e"
"qoi-icon_512/000131_actions_address_book_new_a9d53b13a45e.png","qoi-icon_512","512","512","262144","a9d53b13a45e912f1ea4e94fad719dc9040dff87af72cfba8b4ba60588924a20"
"qoi-icon_512/000132_actions_appointment_new_d6b5ed738d2c.png","qoi-icon_512","512","512","262144","d6b5ed738d2cb3344a2f5276e5daef2f48b47d07c4ca5ddc15890f703d8c4577"
"qoi-icon_512/000133_actions_bookmark_new_0f316b63284d.png","qoi-icon_512","512","512","262144","0f316b63284d1ae2b24539b615bd0b856904c74cb2b76a25ed0d90e71216f738"
"qoi-icon_512/000134_actions_contact_new_1a7b9ebedb27.png","qoi-icon_512","512","512","262144","1a7b9ebedb272697d7e57f14fde6f4e04bf0329e6ac592d3ff87363ac3be7b46"
"qoi-icon_512/000135_actions_document_new_464d74d616d5.png","qoi-icon_512","512","512","262144","464d74d616d505ee6b36321c2a24e827f13b41fe1520a872fd7e68ce7ad54694"
"qoi-icon_512/000136_actions_document_open_c6415b3c31f6.png","qoi-icon_512","512","512","262144","c6415b3c31f65fffeeebec1bc4c76231c1cccb430d17f45b24ae714a4142dce1"
"qoi-icon_512/000137_actions_document_print_preview_8ecd2b2e157c.png","qoi-icon_512","512","512","262144","8ecd2b2e157cf2189b3abfab73f34985296d6b33c17f708e6dc6890f24645d3a"
"qoi-icon_512/000138_actions_document_print_9446063309a2.png","qoi-icon_512","512","512","262144","9446063309a20f08714cedcca3524bd06fdd4ca27ad20231efe2973e5dd39d86"
"qoi-icon_512/000139_actions_document_properties_27597e9f9952.png","qoi-icon_512","512","512","262144","27597e9f99525532c8f84d45e2fb829c47071b7acb688e30144d6e4400cf2a9f"
"qoi-icon_512/000140_actions_document_save_as_316cc4f80aef.png","qoi-icon_512","512","512","262144","316cc4f80aefc9c74c6cf05b4f0ada4d72fcd520992c7f4a94c0b582d1d95205"
"qoi-icon_512/000141_actions_document_save_8abc614e257e.png","qoi-icon_512","512","512","262144","8abc614e257e64f9abb29ea3b5d1ed4e099d5bfe84b313aea0a9fde32dda25e2"
"qoi-icon_512/000142_actions_edit_clear_aeaf9fba0199.png","qoi-icon_512","512","512","262144","aeaf9fba0199e17d65f058e7c60690498c35e753957671f0096db336975bdc3e"
"qoi-icon_512/000143_actions_edit_copy_ddb0b62d0026.png","qoi-icon_512","512","512","262144","ddb0b62d002674147dd61575bf8d24c53b9765e803fa6d227f1b28465532d61e"
"qoi-icon_512/000144_actions_edit_cut_b7bba5f3f5ed.png","qoi-icon_512","512","512","262144","b7bba5f3f5edfb9f913bd7fb309c416380c4bc69e0bb4e549ec6af65d99c3f1c"
"qoi-icon_512/000145_actions_edit_delete_742247018861.png","qoi-icon_512","512","512","262144","7422470188613f9a046744b2c3c40a1d72590b677fd4add4089689e2d9a4e948"
"qoi-icon_512/000146_actions_edit_find_replace_0036d932b31f.png","qoi-icon_512","512","512","262144","0036d932b31fdaede30394e7a697b7057c57459974c638a7d15562376d5ecd4c"
"qoi-icon_512/000147_actions_edit_find_28306fcec271.png","qoi-icon_512","512","512","262144","28306fcec27126c8b375aebf40af1b6bdc9126a34167eb7ed9b718d804c80cbb"
"qoi-icon_512/000148_actions_edit_paste_6af995dad93d.png","qoi-icon_512","512","512","262144","6af995dad93d004941049eab4e4f92bf42cb59d0ae6470e7724244d8e91339ae"
"qoi-icon_512/000149_actions_edit_redo_0909bfcf1d5d.png","qoi-icon_512","512","512","262144","0909bfcf1d5d075334d4479ab602cc7bc0cb7eb43b9d06116fd67b72b575101b"
"qoi-icon_512/000150_actions_edit_select_all_0b01c4282c6d.png","qoi-icon_512","512","512","262144","0b01c4282c6d3da9c0b7ab07310f001b419823dae94331e97ba7a02e4d430655"
"qoi-icon_512/000151_actions_edit_undo_b45d6efd3742.png","qoi-icon_512","512","512","262144","b45d6efd3742295d0803d8d094710f56e79faafef86a9692beeb12adc5fe38cc"
"qoi-icon_512/000152_actions_folder_new_69e9961ac030.png","qoi-icon_512","512","512","262144","69e9961ac0308654818bec66c3723199e036c5d9ce77e8c98fb4473be62eeb19"
"qoi-icon_512/000153_actions_format_indent_less_1d132ad08a9a.png","qoi-icon_512","512","512","262144","1d132ad08a9a448a4df02d803c1a9c7b6ec1d9de20b454c1d6c23cae5cdc2ea8"
"qoi-icon_512/000154_actions_format_indent_more_4c94f0b3b83c.png","qoi-icon_512","512","512","262144","4c94f0b3b83c28e0d842ee3efd3983931304257309450c60801936495f4cf1a2"
"qoi-icon_512/000155_actions_format_justify_center_a9b0a380ff2c.png","qoi-icon_512","512","512","262144","a9b0a380ff2c2eed5cf520e92f8a53a7646b880895372e7d102a1d7023f1336f"
"qoi-icon_512/000156_actions_format_justify_fill_10618921a000.png","qoi-icon_512","512","512","262144","10618921a000d09bbf671bf9ce8fa59e358355aa06c5fe477e4fb38f3e377565"
"qoi-icon_512/000157_actions_format_justify_left_48796fc227fe.png","qoi-icon_512","512","512","262144","48796fc227fe9eeeffcd1ebabd5da0025c5c117fb0225d5b332f96fed82d116d"
"qoi-icon_512/000158_actions_format_justify_right_da010b6345f5.png","qoi-icon_512","512","512","262144","da010b6345f5e3807a7418d41ff2d353ad09e090bc5c536cbbdc8e4c7b2c6d53"
"qoi-icon_512/000159_actions_format_text_bold_03c6672d3ffe.png","qoi-icon_512","512","512","262144","03c6672d3ffecb0946b92d921d6fe78d9334486f1d95b376af99233a4713501f"
"qoi-icon_512/000160_actions_format_text_italic_0e7f1a2de518.png","qoi-icon_512","512","512","262144","0e7f1a2de51822ce08d31377e9dd1923499b69ad51801532287c23bdef24126a"
"qoi-icon_512/000161_actions_format_text_strikethrough_5d6610655382.png","qoi-icon_512","512","512","262144","5d6610655382f5b3ced9b39aa0e5cd33cf6169a878b5cc078b4a3e7a9a49b673"
"qoi-icon_512/000162_actions_format_text_underline_3b367b401000.png","qoi-icon_512","512","512","262144","3b367b401000e783cd6e145f466d19c2df97587f974bdda4439d5e4c4e4fd9d5"
"qoi-icon_512/000163_actions_go_bottom_49630cd05f07.png","qoi-icon_512","512","512","262144","49630cd05f070231debdcb16b5cb42fe4dbe50b16d021a51524313aca1e94649"
"qoi-icon_512/000164_actions_go_down_e1d2ba5c31ee.png","qoi-icon_512","512","512","262144","e1d2ba5c31ee561bde0e9b0bddab7f518e7459cc89da681ff7f2850f05106b33"
"qoi-icon_512/000165_actions_go_first_d1eb28e30428.png","qoi-icon_512","512","512","262144","d1eb28e3042874f29f9d1d854c63603a7dc8597027da768b30a4b779dd97b9b0"
"qoi-icon_512/000166_actions_go_home_292b1ef379fa.png","qoi-icon_512","512","512","262144","292b1ef379fa33651d16dbba9b1c4b9ef770487d787935b92d3d4410060487f6"
"qoi-icon_512/000167_actions_go_jump_e832014b5d5f.png","qoi-icon_512","512","512","262144","e832014b5d5f7ec2218f5b9a2da255a2e8189f3376a8c08a041035f0dea99228"
"qoi-icon_512/000168_actions_go_last_757c75cbf35e.png","qoi-icon_512","512","512","262144","757c75cbf35e26535ccadbe8724f89a0d764e60f7c9d3f78df9aada6d9335194"
"qoi-icon_512/000169_actions_go_next_7df71e119f06.png","qoi-icon_512","512","512","262144","7df71e119f06c332dc6097a445e75bc9756d001d5e2064043647a27dd748088e"
"qoi-icon_512/000170_actions_go_previous_87e527030620.png","qoi-icon_512","512","512","262144","87e527030620d527b8a0c5f3b60cfdc9a9629db2ef88bba6f18b2c4f975d4085"
"qoi-icon_512/000171_actions_go_top_4cfa0b6b0600.png","qoi-icon_512","512","512","262144","4cfa0b6b0600417422c22d8b34b753d29baa31a8252a6c7ead6d8733f1e9fa5a"
"qoi-icon_512/000172_actions_go_up_dc1ea68a91ed.png","qoi-icon_512","512","512","262144","dc1ea68a91eda5f76b5d24324670e71c6ae13d7dd673acc267ba34e5e47193f9"
"qoi-icon_512/000173_actions_list_add_c78d106f72f6.png","qoi-icon_512","512","512","262144","c78d106f72f62a0a1281d22e592f009a875433171fcd67a26fe7c89cc396eaa8"
"qoi-icon_512/000174_actions_list_remove_a4fdb69a6fda.png","qoi-icon_512","512","512","262144","a4fdb69a6fda122438861aef8fe4515878fc01111aedb3f1fe58eb00df1c8e9e"
"qoi-icon_512/000175_actions_mail_forward_780e8789ceaf.png","qoi-icon_512","512","512","262144","780e8789ceafadd5ab77e79b122e58762644af509a3c7f9ad826e59e11ddc2a4"
"qoi-icon_512/000176_actions_mail_mark_junk_6bf4e672a791.png","qoi-icon_512","512","512","262144","6bf4e672a791874df13cf4f528e082c588941f1fbb477ed769d0af2487163aa6"
"qoi-icon_512/000177_actions_mail_message_new_be3b32e6dfa5.png","qoi-icon_512","512","512","262144","be3b32e6dfa57b1a4564187c18e7e8ec98fdf39102ba538009267fae830a9bf2"
"qoi-icon_512/000178_actions_mail_reply_all_cbb8095fc282.png","qoi-icon_512","512","512","262144","cbb8095fc282a8658ff2eb7947d4a9860075baa64b1a6b5862854e3fec6c152b"
"qoi-icon_512/000179_actions_mail_reply_sender_fee78a994bd8.png","qoi-icon_512","512","512","262144","fee78a994bd8aee53e88df1ada8c546a5bbf116f578a2fe3fed8f2b861dd9b2a"
"qoi-icon_512/000180_actions_mail_send_receive_d955b28b8d1d.png","qoi-icon_512","512","512","262144","d955b28b8d1da1eda563bf637f3385ff78a7a027f33520fb73757e93e0d781b5"
"qoi-icon_512/000181_actions_media_eject_31df94d8b5df.png","qoi-icon_512","512","512","262144","31df94d8b5df149ba3b8ceb3abf18dfacc1f487950fa514f43524d2b6fc2e70f"
"qoi-icon_512/000182_actions_media_playback_pause_a2ac59dbd071.png","qoi-icon_512","512","512","262144","a2ac59dbd071c4ec506e7a0d38729824a5bd25527ca0c8fee1b1c8cc69746ed0"
"qoi-icon_512/000183_actions_media_playback_start_3f06652478fb.png","qoi-icon_512","512","512","262144","3f06652478fb91e2a284da23ec23c031d29eef22ba52acf1da326ff01335689f"
"qoi-icon_512/000184_actions_media_playback_stop_9442fd8c77f0.png","qoi-icon_512","512","512","262144","9442fd8c77f010b3bc5f1ae3ad11149ba5a5d78d11218aaab667ceb89147e8ea"
"qoi-icon_512/000185_actions_media_record_12165a6d0246.png","qoi-icon_512","512","512","262144","12165a6d02465102f10f566cfddea66507e1037263ff31c13522aa1c06019783"
"qoi-icon_512/000186_actions_media_seek_backward_5ec59d710021.png","qoi-icon_512","512","512","262144","5ec59d7100219df67e7d88457ffe3d9d7b201566ad89f9e438200193b68c034d"
"qoi-icon_512/000187_actions_media_seek_forward_f75aebf48852.png","qoi-icon_512","512","512","262144","f75aebf48852e4537bc6facd4794d4398cd9f5d38b47c526da219466cdedd2cc"
"qoi-icon_512/000188_actions_media_skip_backward_bf782e9b4497.png","qoi-icon_512","512","512","262144","bf782e9b4497ca1af0a6decfb8a3e901778720f6f80a3018bd63e095696e098a"
"qoi-icon_512/000189_actions_media_skip_forward_2475924eaa44.png","qoi-icon_512","512","512","262144","2475924eaa443d06509e69c4f77431fcf110ae0c18edd54d53a708deb77d9c81"
"qoi-icon_512/000190_actions_process_stop_d2094b8231f2.png","qoi-icon_512","512","512","262144","d2094b8231f2c95f78c84dfb1affe9d9a551d1727355063ab02488ba23f5767d"
"qoi-icon_512/000191_actions_system_lock_screen_3f44fd2e8bff.png","qoi-icon_512","512","512","262144","3f44fd2e8bff4a9854d12b594c40da73aca1c2036bcba5cc53ce49733b0a9a9e"
"qoi-icon_512/000192_actions_system_log_out_c211e30e6e23.png","qoi-icon_512","512","512","262144","c211e30e6e238161cbfed20114a49c8a222e9f0e812f4cb5aa35ce8068850e7f"
"qoi-icon_512/000193_actions_system_search_af3032e101c1.png","qoi-icon_512","512","512","262144","af3032e101c1c90f07a1540ca8b6ce3c7ee71357ddc4d6ba433846aaa50b7883"
"qoi-icon_512/000194_actions_system_shutdown_2e3a08fd8ed9.png","qoi-icon_512","512","512","262144","2e3a08fd8ed9093862e6fd49537d3ba54c162c6d58dd0f6ce2347b953b505f91"
"qoi-icon_512/000195_actions_tab_new_a68fd1a0d552.png","qoi-icon_512","512","512","262144","a68fd1a0d552cf42164ae0e071a38bdc7898e123b2359125ccb18b7f931d58c9"
"qoi-icon_512/000196_actions_view_fullscreen_565ed52b1a76.png","qoi-icon_512","512","512","262144","565ed52b1a768d505a682579dd28be3a8e178aa6c0a0eed8f07486c8805e308f"
"qoi-icon_512/000197_actions_view_refresh_d83ab0aacdeb.png","qoi-icon_512","512","512","262144","d83ab0aacdebe27007bf6e5f2f5dd00155c8c11e5426a7dbb6cc71fc4c480477"
"qoi-icon_512/000198_actions_window_new_bf25389f4f1f.png","qoi-icon_512","512","512","262144","bf25389f4f1f1d0284441d60d4101398feafbd0beeb80d38b963590878d56be8"
"qoi-icon_512/000199_apps_accessories_calculator_57dcc91c441d.png","qoi-icon_512","512","512","262144","57dcc91c441db336c69a605254c90bcdd49b8700ddd9047b99bc724ded617a91"
"qoi-icon_512/000200_apps_accessories_character_map_2c1cbab30f84.png","qoi-icon_512","512","512","262144","2c1cbab30f843b745190d13e2c14e9ab428e8bd0fe6b0f0159feaf5b67627fb4"
"qoi-icon_512/000201_apps_accessories_text_editor_32f74f061d67.png","qoi-icon_512","512","512","262144","32f74f061d670751317e45b880f2871fc5f6e5b77512bb84e47ea2076c4f9d90"
"qoi-icon_512/000202_apps_help_browser_26fb31f9cfa0.png","qoi-icon_512","512","512","262144","26fb31f9cfa0af17f02aebcf194af26619d756b80d09a75d8c292d9c0c72ef36"
"qoi-icon_512/000203_apps_internet_group_chat_a2e0799b33dc.png","qoi-icon_512","512","512","262144","a2e0799b33dc376a6d23d6007f221b4179a19b139ddbbfc877d606c1cf5979f3"
"qoi-icon_512/000204_apps_internet_mail_69d6d77850bd.png","qoi-icon_512","512","512","262144","69d6d77850bde43b3ff557a0d4823fb4c4fdfa5275a897772e9edc461f43b5b0"
"qoi-icon_512/000205_apps_internet_news_reader_992d734fbfdb.png","qoi-icon_512","512","512","262144","992d734fbfdb231ba6075ebb56d33b0735796d4cc9b847faec1d98eac7a7a124"
"qoi-icon_512/000206_apps_internet_web_browser_85d36431d206.png","qoi-icon_512","512","512","262144","85d36431d20674d93b186d78ac6b073a3db39980531f7a5b0f94b7666f1f4453"
"qoi-icon_512/000207_apps_office_calendar_c02494c5c2ad.png","qoi-icon_512","512","512","262144","c02494c5c2ad48d3013be559ce43f144801948ab5d3063eaea1b8a56840434ba"
"qoi-icon_512/000208_apps_preferences_desktop_accessibility_4cdcffd14577.png","qoi-icon_512","512","512","262144","4cdcffd14577669eeac4faccf5db80a70d2bacab9971acbb585c1dc23e8e3bde"
"qoi-icon_512/000209_apps_preferences_desktop_assistive_technology_ee6be1492bc1.png","qoi-icon_512","512","512","262144","ee6be1492bc140f645c836e64a42240984a18ec59c0444a8e2fb940fd870bceb"
"qoi-icon_512/000210_apps_preferences_desktop_font_173809901499.png","qoi-icon_512","512","512","262144","1738099014992c651195af87f2dd32dd947a6006b7ed7d61843407632518dded"
"qoi-icon_512/000211_apps_preferences_desktop_keyboard_shortcuts_b152f67f655f.png","qoi-icon_512","512","512","262144","b152f67f655febaa7db414f59cbe4c5e94585eb9df8ef278c703a85fe30f8a53"
"qoi-icon_512/000212_apps_preferences_desktop_locale_5bdf167ab940.png","qoi-icon_512","512","512","262144","5bdf167ab940e175e0cd60a9fdf53ac189c399eacec779f38b3b8f1679fad626"
"qoi-icon_512/000213_apps_preferences_desktop_multimedia_aa15356e7ecc.png","qoi-icon_512","512","512","262144","aa15356e7eccd7210c77d98c9cf4bcdad06816bff33c8d7238f4772fcc3a135a"
"qoi-icon_512/000214_apps_preferences_desktop_remote_desktop_b0f1ab995c3f.png","qoi-icon_512","512","512","262144","b0f1ab995c3faee4efb48ce685e76c5a9411c15dd28a19e6d1ccd9b7d6de6c40"
"qoi-icon_512/000215_apps_preferences_desktop_screensaver_88f522a7b575.png","qoi-icon_512","512","512","262144","88f522a7b5757d86dc3e425b0ca02e7b9ae775e65a697012b8f222fe0171f9e2"
"qoi-icon_512/000216_apps_preferences_desktop_theme_41fe16e4ee97.png","qoi-icon_512","512","512","262144","41fe16e4ee97dac34a28fc92a50b37f61cf8e79d767d4ee3ea63d6630081e647"
"qoi-icon_512/000217_apps_preferences_desktop_wallpaper_fc2fce5ee42f.png","qoi-icon_512","512","512","262144","fc2fce5ee42fce46185e3d3d6933f45d63fbe9cab389ab6778b6463ee9ce1c1e"
"qoi-icon_512/000218_apps_preferences_system_network_proxy_82c9af44c649.png","qoi-icon_512","512","512","262144","82c9af44c649e2e147cc0cc74b70e507244b81f4487da78953c3f4b1abb77d2f"
"qoi-icon_512/000219_apps_preferences_system_session_2668e052d202.png","qoi-icon_512","512","512","262144","2668e052d202f15ba73e7f0fa2168ccbdc9edc0bf6f48b6718fa7161088f5b8a"
"qoi-icon_512/000220_apps_preferences_system_windows_8530fed22b29.png","qoi-icon_512","512","512","262144","8530fed22b29b42bb5b4489b49fbcf421a653c93281c476ec6cf4c428c9bd700"
"qoi-icon_512/000221_apps_system_file_manager_b4479ec1bd76.png","qoi-icon_512","512","512","262144","b4479ec1bd76f46feeaa3d472353eaeb4c304d29aadd2fb01082f54475f6fa6b"
"qoi-icon_512/000222_apps_system_installer_10d1ca1b97eb.png","qoi-icon_512","512","512","262144","10d1ca1b97eb212af295fc1c7390d35af77a5250245af2d4edbbcb8ebb5135aa"
"qoi-icon_512/000223_apps_system_software_update_d8ec56ad04b6.png","qoi-icon_512","512","512","262144","d8ec56ad04b64123738df7f3e5dfd14e97dc89e4bc6913506d47c915f16df232"
"qoi-icon_512/000224_apps_system_users_3728a3b5009f.png","qoi-icon_512","512","512","262144","3728a3b5009fd25fa08ba91ac76c1cdc0b0e613993a6d8b8e94338b3c8bb6d97"
"qoi-icon_512/000225_apps_utilities_system_monitor_fe653ee36009.png","qoi-icon_512","512","512","262144","fe653ee360097649a64f64373ef940f3624703b9456440432af36dab7fe50de6"
"qoi-icon_512/000226_apps_utilities_terminal_334a4dcaabc0.png","qoi-icon_512","512","512","262144","334a4dcaabc05c40b141f7ba29dfe8a567a308cd073e40d826ea322914efddcf"
"qoi-icon_512/000227_categories_applications_accessories_3b3539442254.png","qoi-icon_512","512","512","262144","3b3539442254caf1b5304fea7b6c46927624956e498833db081d49ccbfd75283"
"qoi-icon_512/000228_categories_applications_development_ad5d4f4ac991.png","qoi-icon_512","512","512","262144","ad5d4f4ac991b5e90bd7701997470bdb3ae8ff2de3bc3ebe2966f3df7cea0d58"
"qoi-icon_512/000229_categories_applications_games_fbcb038441c6.png","qoi-icon_512","512","512","262144","fbcb038441c6094777f523da845076060507c89c9d354344db0b9d720c628337"
"qoi-icon_512/000230_categories_applications_graphics_de0fd2d4ac72.png","qoi-icon_512","512","512","262144","de0fd2d4ac72bafe2ae47d1294f0b63ff341194d6280a9fd830135064277ea62"
"qoi-icon_512/000231_categories_applications_internet_b1095cb2567f.png","qoi-icon_512","512","512","262144","b1095cb2567f2fa56a46e481b20a81ee99a00bc3bea88cb6f611c9aaa33ea253"
"qoi-icon_512/000232_categories_applications_multimedia_2ebcc455874b.png","qoi-icon_512","512","512","262144","2ebcc455874b060c249172971dea3736d63143091fa93a3eda09832c3e70fdf7"
"qoi-icon_512/000233_categories_applications_office_591d5fa665d6.png","qoi-icon_512","512","512","262144","591d5fa665d6439d8e0e328ef11bfdf8f3cf2f958e73fff9b8f332832043ba81"
"qoi-icon_512/000234_categories_applications_other_7d7e6a91b5b4.png","qoi-icon_512","512","512","262144","7d7e6a91b5b43cba82d389db83de4fcbabfad5491afa52f015f8ddd8d8c628a3"
"qoi-icon_512/000235_categories_applications_system_a4ab323f85c7.png","qoi-icon_512","512","512","262144","a4ab323f85c7829b0d51c95f14a5dda143d31218f076156c4ec66c0edb4108c6"
"qoi-icon_512/000236_categories_preferences_desktop_peripherals_d8e88bbeda5c.png","qoi-icon_512","512","512","262144","d8e88bbeda5c1c3875f868f35982c0f047e72c28473e3dd3d69457876c02b397"
"qoi-icon_512/000237_categories_preferences_desktop_759b98eccef0.png","qoi-icon_512","512","512","262144","759b98eccef0f074f75ad20ec221cbfaefa41809ec12a64b554bc5de91cf938b"
"qoi-icon_512/000238_categories_preferences_system_6d11afd5de3f.png","qoi-icon_512","512","512","262144","6d11afd5de3f1121b4b8479c99b22978e7d6544ab3849d23e04d05dfe5dd49eb"
"qoi-icon_512/000239_devices_audio_card_99fdc8935368.png","qoi-icon_512","512","512","262144","99fdc8935368ef01f3390bfde07b5b917b54915d5937845bf886a3b3dc44320f"
"qoi-icon_512/000240_devices_audio_input_microphone_1bd928cf247d.png","qoi-icon_512","512","512","262144","1bd928cf247dae89b297c4f405677f09d5bd6be9d0fa4bd9e8e41fa7d0c516b5"
"qoi-icon_512/000241_devices_battery_c2a63a7326bd.png","qoi-icon_512","512","512","262144","c2a63a7326bd651f447e2740dff47d0b0d00d7bfccc8951ed4fb36b32563dfd3"
"qoi-icon_512/000242_devices_camera_photo_54325e8ce936.png","qoi-icon_512","512","512","262144","54325e8ce93698e13a96db17f71691246f8ee1d7a2c63d5c7101f68f5274aaf8"
"qoi-icon_512/000243_devices_camera_video_f6101491c9d8.png","qoi-icon_512","512","512","262144","f6101491c9d876bdd7c7cfd2424a9f797cf1e2dd7e2e41a54662b452dc8e9439"
"qoi-icon_512/000244_devices_computer_d2c4521eb521.png","qoi-icon_512","512","512","262144","d2c4521eb521bdc7e8d170feb45d7998bc8bb75a4a717c41e17eef8fc6a5efd5"
"qoi-icon_512/000245_devices_drive_harddisk_ff7d3cfd11ee.png","qoi-icon_512","512","512","262144","ff7d3cfd11ee68312cc43337c9b66178229046a2d5d5bf50726a3c99358facf6"
"qoi-icon_512/000246_devices_drive_optical_20add41d7c31.png","qoi-icon_512","512","512","262144","20add41d7c312b6b5dcdc63e49998b7897ee408a12753b42692cb5664d02d42b"
"qoi-icon_512/000247_devices_drive_removable_media_8b1d6dda32ef.png","qoi-icon_512","512","512","262144","8b1d6dda32ef60850ee0825681782bc4c6a351e41a2c7d9b694193a83aa14f74"
"qoi-icon_512/000248_devices_input_gaming_a9df09e50263.png","qoi-icon_512","512","512","262144","a9df09e50263a52b604d69205a32efe4bae6c4e246aed66301f86530ac6f55da"
"qoi-icon_512/000249_devices_input_keyboard_18ad6a1ed9a8.png","qoi-icon_512","512","512","262144","18ad6a1ed9a8b05d2d2f45bc3adafbd092a131de58fab10a57fa87b6b6d4446a"
"qoi-icon_512/000250_devices_input_mouse_e910fb3db6f7.png","qoi-icon_512","512","512","262144","e910fb3db6f7f4f420520e4fa7d1e46f37c1fa7d1d24e53437754a2dfbba1ebb"
"qoi-icon_512/000251_devices_media_flash_fd2a842b08af.png","qoi-icon_512","512","512","262144","fd2a842b08afa3ebf3038601eb936518ce4dc65fc71302ab4dbf893e74928546"
"qoi-icon_512/000252_devices_media_floppy_051f2fac4c96.png","qoi-icon_512","512","512","262144","051f2fac4c96361888a541f8e35382553445378a17c32f6608d396d586c810c5"
"qoi-icon_512/000253_devices_media_optical_d43e72dc1de3.png","qoi-icon_512","512","512","262144","d43e72dc1de361b618ebee5f19ff3ac7b10facb262e1cd12e41865e7f50738eb"
"qoi-icon_512/000254_devices_multimedia_player_0839f0858689.png","qoi-icon_512","512","512","262144","0839f085868943281479f59399654b397e334e114f385bc38fd4f14d82e6c7bc"
"qoi-icon_512/000255_devices_network_wired_02959c3a9c8d.png","qoi-icon_512","512","512","262144","02959c3a9c8d78b26d0114768f296488a14b3634fb32e641cc66ae8c92095613"
"qoi-icon_512/000256_devices_network_wireless_c78070c67de0.png","qoi-icon_512","512","512","262144","c78070c67de0f30facb7a4e3eb2ef2473f7a4d5c7214bce089a362c46abb48ba"
"qoi-icon_512/000257_devices_printer_64a8465ad99c.png","qoi-icon_512","512","512","262144","64a8465ad99cab5c82f4fe8ad13243e59925777b9f283837ca48ee65214690ab"
"qoi-icon_512/000258_devices_video_display_9b01ac857159.png","qoi-icon_512","512","512","262144","9b01ac857159b34652c4024dff9cd2a0c0aa6b3877bb844038600b962e804976"
"qoi-icon_512/000259_emblems_emblem_favorite_ffdd95b58bbd.png","qoi-icon_512","512","512","262144","ffdd95b58bbda354418383d37b6d2f2b346bd789dc1336247c47c3466468ed77"
"qoi-icon_512/000260_emblems_emblem_important_19e3a77b7915.png","qoi-icon_512","512","512","262144","19e3a77b791524370b3945ac55aa0f58c84f01925b3d265a440c41b3f8a4b04e"
"qoi-icon_512/000261_emblems_emblem_photos_e35370edfe4d.png","qoi-icon_512","512","512","262144","e35370edfe4d524084cc80d9700b9e685301c2f961d258f2885cdae2cc08f118"
"qoi-icon_512/000262_emblems_emblem_readonly_f772e3fc9689.png","qoi-icon_512","512","512","262144","f772e3fc96893c5d09aeba98fcb3cfea503e9b3195a410050e77f1f4218c2fd6"
"qoi-icon_512/000263_emblems_emblem_symbolic_link_2408b74b5582.png","qoi-icon_512","512","512","262144","2408b74b55829ea67630b545ded516f640521040bb1e83bf648e377c6c5a9773"
"qoi-icon_512/000264_emblems_emblem_system_b42ba560de9f.png","qoi-icon_512","512","512","262144","b42ba560de9f8c5bf08ec1970e8b45a5da58721493431446219340b159082083"
"qoi-icon_512/000265_emblems_emblem_unreadable_5a746e724eee.png","qoi-icon_512","512","512","262144","5a746e724eee0bd490157c2304972f5e2a4e24ba0269ca6dbb0fb263f8ab86cf"
"qoi-icon_512/000266_emotes_face_angel_26dae4ce1dfd.png","qoi-icon_512","512","512","262144","26dae4ce1dfd8a36db0eaea967fd5e3717b699633bab4a7e68d0a4c91c6b19a9"
"qoi-icon_512/000267_emotes_face_crying_3c7fb4ba92d8.png","qoi-icon_512","512","512","262144","3c7fb4ba92d8257e01253fc4ef7bfaf0a2a588e192edfc58b862e799bb2c6674"
"qoi-icon_512/000268_emotes_face_devilish_48d3c20d7a3b.png","qoi-icon_512","512","512","262144","48d3c20d7a3b417fecfdb0283c39a886bb6079a48477b6fb219cfd4d21375479"
"qoi-icon_512/000269_emotes_face_glasses_354fc6ba81d9.png","qoi-icon_512","512","512","262144","354fc6ba81d921fa5817c70b95b8ca888c9086b4d1f5edfd11c993521fea8dcc"
"qoi-icon_512/000270_emotes_face_grin_0c17a34aadce.png","qoi-icon_512","512","512","262144","0c17a34aadcecf20913ecdd09496ca1bd729d46dd8321faaaed140fcd09365b1"
"qoi-icon_512/000271_emotes_face_kiss_c90e2a5b1e07.png","qoi-icon_512","512","512","262144","c90e2a5b1e078ccf6875552a382a92ecbaae180e32cd9e82c11e008c69563e42"
"qoi-icon_512/000272_emotes_face_monkey_3675e36a2b03.png","qoi-icon_512","512","512","262144","3675e36a2b030a249d6cb5c5b4dcddc27e468170f2c6e302ac8638fbdfc45a80"
"qoi-icon_512/000273_emotes_face_plain_e48c591bc5bf.png","qoi-icon_512","512","512","262144","e48c591bc5bfad52068dc7a94c37c9780425008752a318650a7a5d1601f1a8d0"
"qoi-icon_512/000274_emotes_face_sad_1a22c7e67585.png","qoi-icon_512","512","512","262144","1a22c7e67585a0e1c913eeadccb582bec3b4ae8b56d0528b9782a20528ccf4fb"
"qoi-icon_512/000275_emotes_face_smile_big_715daee9fb7e.png","qoi-icon_512","512","512","262144","715daee9fb7e0bb1297fe5481cf8558473d3241a91fb69a845a592b350d6cf67"
"qoi-icon_512/000276_emotes_face_smile_6328e70db2f1.png","qoi-icon_512","512","512","262144","6328e70db2f1dabd9e26e942e5807e9c304794e694dc528825a7922b8a249088"
"qoi-icon_512/000277_emotes_face_surprise_88db6214095e.png","qoi-icon_512","512","512","262144","88db6214095efe86112708aff95ea068256b2c8b87fbc00e612033033b45d501"
"qoi-icon_512/000278_emotes_face_wink_a5f7fa75229a.png","qoi-icon_512","512","512","262144","a5f7fa75229ae09b46c1305a2a1ebf84228401901bc8f926e57c3bd7d63814f7"
"qoi-icon_512/000279_mimetypes_application_certificate_f892cef25204.png","qoi-icon_512","512","512","262144","f892cef25204125e967e876e9a528816a26ee609bf25e5502bc8d422bc582ee4"
"qoi-icon_512/000280_mimetypes_application_x_executable_2b497a664b61.png","qoi-icon_512","512","512","262144","2b497a664b611cca10a03123423afb42095584b670ce2b4266aa426e5901193d"
"qoi-icon_512/000281_mimetypes_audio_x_generic_6c43733491e1.png","qoi-icon_512","512","512","262144","6c43733491e14e42ed391a147227a24528756b68606fd59a1ea27dd2f928c95e"
"qoi-icon_512/000282_mimetypes_font_x_generic_832a3990a56a.png","qoi-icon_512","512","512","262144","832a3990a56a11fb15d8ca155b7eeaba52816afc398dd5c4919d3d44ed1b4d4c"
"qoi-icon_512/000283_mimetypes_image_x_generic_fd55700792a4.png","qoi-icon_512","512","512","262144","fd55700792a47c7e752fe00690cc0e169159e4e9652e889b32f7916c462461ac"
"qoi-icon_512/000284_mimetypes_package_x_generic_9a02e97a6da6.png","qoi-icon_512","512","512","262144","9a02e97a6da66a601d79da8dfb0ba3976c9a0bebdb66a0f6fd29625036f1ae5d"
"qoi-icon_512/000285_mimetypes_text_html_1692dd983265.png","qoi-icon_512","512","512","262144","1692dd9832659bf32836c6e6222fb5b2b56c4b380edcef75e71541279a0ef25d"
"qoi-icon_512/000286_mimetypes_text_x_generic_template_8b52bacd89e3.png","qoi-icon_512","512","512","262144","8b52bacd89e32c72def7d6ba7fcd1c2d07d0a1850bd91cfd2ff3dbee8abc9e26"
"qoi-icon_512/000287_mimetypes_text_x_generic_ef7511da5b5c.png","qoi-icon_512","512","512","262144","ef7511da5b5c469a79cb9991d3218ac3237106260a03848fc5f5bfdffca93768"
"qoi-icon_512/000288_mimetypes_text_x_script_3ca3abf37dcf.png","qoi-icon_512","512","512","262144","3ca3abf37dcfd02b7c571b5c9de8f29f2d9053b9c051dadc0949653a0ca7f5ff"
"qoi-icon_512/000289_mimetypes_video_x_generic_dd3d21786313.png","qoi-icon_512","512","512","262144","dd3d21786313eeb3f04a753d09696864ffdf97ebc06eb862dbe2a457a847ce13"
"qoi-icon_512/000290_mimetypes_x_office_address_book_43d4f9d486bb.png","qoi-icon_512","512","512","262144","43d4f9d486bb95808200e109b43254a26174efe20dad6004268a5b311a060ac1"
"qoi-icon_512/000291_mimetypes_x_office_calendar_c042b53b1857.png","qoi-icon_512","512","512","262144","c042b53b1857b320d6f68f4bed98c699f8cb6cbf9282219c6407a228ff3d563a"
"qoi-icon_512/000292_mimetypes_x_office_document_template_3e4e352cae75.png","qoi-icon_512","512","512","262144","3e4e352cae75622e7f4c672b753e026351c37989ade2d197e135892182a3b746"
"qoi-icon_512/000293_mimetypes_x_office_document_75df60dc6a5a.png","qoi-icon_512","512","512","262144","75df60dc6a5ade43c5c6e844ae7c132eec9cad0fb6fedf64dbe061dc4da7e995"
"qoi-icon_512/000294_mimetypes_x_office_drawing_template_65a375ac1ed5.png","qoi-icon_512","512","512","262144","65a375ac1ed54f0b9384940e1930e18b1abae64b03e2d42af9a748772a2bfd6d"
"qoi-icon_512/000295_mimetypes_x_office_drawing_82fb98c10533.png","qoi-icon_512","512","512","262144","82fb98c10533779dbc5ac7bece85cdbefa2a95f5d004b37342734955d797a252"
"qoi-icon_512/000296_mimetypes_x_office_presentation_template_45267cd24822.png","qoi-icon_512","512","512","262144","45267cd248226c28a2f988bb4aa62a9e248df45db6ca2a7d0f43cabbd5fb6249"
"qoi-icon_512/000297_mimetypes_x_office_presentation_b326de9b7e64.png","qoi-icon_512","512","512","262144","b326de9b7e645d8993471db57294e3d9c1e7410518417aa19220976f63bb5904"
"qoi-icon_512/000298_mimetypes_x_office_spreadsheet_template_fe4f062f9c45.png","qoi-icon_512","512","512","262144","fe4f062f9c45fa399b29b9bce5683c56518175ad4ac1bb30c1c6ae6078cac922"
"qoi-icon_512/000299_mimetypes_x_office_spreadsheet_7ab2771cb852.png","qoi-icon_512","512","512","262144","7ab2771cb8529e480b754a97643cd99074b36a452f8bfc9c5afde8f7ddb31ae5"
"qoi-icon_512/000300_places_folder_remote_eef2bfb86666.png","qoi-icon_512","512","512","262144","eef2bfb86666086009009c20d40f9fda26352d4d868122019f09b023c533a588"
"qoi-icon_512/000301_places_folder_saved_search_d7ee467012e4.png","qoi-icon_512","512","512","262144","d7ee467012e43cbea5364822cae90aaa8fc6b80af6acfbbfa17ccc078e5778f7"
"qoi-icon_512/000302_places_folder_faeae35e89af.png","qoi-icon_512","512","512","262144","faeae35e89af4c209324c33f7c9eb27be0526528d6ff490f28bc8fdc014ab9b4"
"qoi-icon_512/000303_places_network_server_7d53e4286224.png","qoi-icon_512","512","512","262144","7d53e4286224509f4d5b369a0a43152b52d73c33ac33e6ce976c0a6b05786a85"
"qoi-icon_512/000304_places_network_workgroup_cce79dd7b3d9.png","qoi-icon_512","512","512","262144","cce79dd7b3d977ab3805388da201586a9881b7cfa0a61f98e4e351e9d4091d22"
"qoi-icon_512/000305_places_start_here_2f0ca63a86b4.png","qoi-icon_512","512","512","262144","2f0ca63a86b45d96d0a8a726ee566c019c6c5742cb3bf8ef4b16ea78caa1f08d"
"qoi-icon_512/000306_places_user_desktop_e93c7b04fe96.png","qoi-icon_512","512","512","262144","e93c7b04fe96896529364fa7c96bf6f92d5719c74cd2f27dd2817ddb47587f8f"
"qoi-icon_512/000307_places_user_home_f0d7dfc57fc1.png","qoi-icon_512","512","512","262144","f0d7dfc57fc123117b085bc38c949c91a58b816f7641dcb3af79a7a96fc12a24"
"qoi-icon_512/000308_places_user_trash_0da3ceb65b99.png","qoi-icon_512","512","512","262144","0da3ceb65b99f7bed2e2be6fa8bb48c7492e0d875596007d157d1cf283f3500e"
"qoi-icon_512/000309_status_audio_volume_high_3fa3e3a08765.png","qoi-icon_512","512","512","262144","3fa3e3a0876510d7d6990e6d50878c07fba06789cee7332ce5c561d9046f070b"
"qoi-icon_512/000310_status_audio_volume_low_51504681dbd4.png","qoi-icon_512","512","512","262144","51504681dbd4913c50c25c94a8885a7bcce9606a2fb8fae66d98ba59b0b483ea"
"qoi-icon_512/000311_status_audio_volume_medium_e8f581608832.png","qoi-icon_512","512","512","262144","e8f58160883253a47b1bec417d1b636552944ec294174ba8515e0749f42281d0"
"qoi-icon_512/000312_status_audio_volume_muted_886e1bc9d2ed.png","qoi-icon_512","512","512","262144","886e1bc9d2ed85032f94ae754a1b593169226f9c0a11dafdb0af13863e8c0e53"
"qoi-icon_512/000313_status_battery_caution_50fdc4bf9a00.png","qoi-icon_512","512","512","262144","50fdc4bf9a001fdda81d1fa092c716af7a290971421752518f3a39789465f7a8"
"qoi-icon_512/000314_status_dialog_error_d795c3a143da.png","qoi-icon_512","512","512","262144","d795c3a143dae8bbfae180d81c78b62a41db44a6a472635250a90c605bdee258"
"qoi-icon_512/000315_status_dialog_information_5d78925ee069.png","qoi-icon_512","512","512","262144","5d78925ee069fa15db0fd270e9f07c26593dd65a0b9f215b065a12f16867980d"
"qoi-icon_512/000316_status_dialog_warning_37eed6b0f9a0.png","qoi-icon_512","512","512","262144","37eed6b0f9a007c50fb4b685ea33efcb844727ea17a2e2254b73d393662cd9d3"
"qoi-icon_512/000317_status_folder_drag_accept_5cb76895e892.png","qoi-icon_512","512","512","262144","5cb76895e892573bc2839e4258cc1e0aa2d7204b5b5784fc0856d4832f15ccbd"
"qoi-icon_512/000318_status_folder_open_13c7db54707c.png","qoi-icon_512","512","512","262144","13c7db54707cd95c25fdb46360793a06c4063c77b642258f898bbb21ece03853"
"qoi-icon_512/000319_status_folder_visiting_17735ba526d2.png","qoi-icon_512","512","512","262144","17735ba526d21efd6a2c6cb55304ee09d7445b88d38c0e8d3ef787e20450891b"
"qoi-icon_512/000320_status_image_loading_46b5eae6b90e.png","qoi-icon_512","512","512","262144","46b5eae6b90ec09cb59ca6549425b411b405be344a69790c2ff27940f02e57d0"
"qoi-icon_512/000321_status_image_missing_e104f5a6e1ff.png","qoi-icon_512","512","512","262144","e104f5a6e1ff4b02591bcc2ded5783ad068cf7530e4ddb05bfa7233e155ac162"
"qoi-icon_512/000322_status_mail_attachment_c5701cfb904c.png","qoi-icon_512","512","512","262144","c5701cfb904cecd43c58e9cb48e67546425699befc40f52bc9b70ea22f32210b"
"qoi-icon_512/000323_status_network_error_b5dc6985012c.png","qoi-icon_512","512","512","262144","b5dc6985012cf44a4cb0707b7574ffe1a09d32afb0f833be9bcee6007e4ee422"
"qoi-icon_512/000324_status_network_idle_5caf765d0bc3.png","qoi-icon_512","512","512","262144","5caf765d0bc3811f03d73fc4850003f8aaa58b05137d5ef7b7337f6dd0ba8238"
"qoi-icon_512/000325_status_network_offline_9e21d87c683a.png","qoi-icon_512","512","512","262144","9e21d87c683a70d98445ab754fe28eaf41e168a5b9218b8946aabb1c5978f25e"
"qoi-icon_512/000326_status_network_receive_8f358416b4ca.png","qoi-icon_512","512","512","262144","8f358416b4ca3a84cf3b5791c7788f8e51427a88911b6b5801fd7f7c3d6c0044"
"qoi-icon_512/000327_status_network_transmit_receive_cf3af81a6cbb.png","qoi-icon_512","512","512","262144","cf3af81a6cbba926726d1412c59df72aa08a5000b59ebc844079ef5642808004"
"qoi-icon_512/000328_status_network_transmit_814cdb73f762.png","qoi-icon_512","512","512","262144","814cdb73f762034dcca8404903a30870cc964a7ad9144d30907846f6fb6f180c"
"qoi-icon_512/000329_status_network_wireless_encrypted_078b78605ac5.png","qoi-icon_512","512","512","262144","078b78605ac5943211ccdd2367e4677fbc87ab7912629e752cb2706ea673f7d6"
"qoi-icon_512/000330_status_printer_error_9e9b9bae01a6.png","qoi-icon_512","512","512","262144","9e9b9bae01a61193d2ec0bf964db51f1b670779291fbd5bafce3828893465531"
"qoi-icon_512/000331_status_software_update_available_cfffbdc45d28.png","qoi-icon_512","512","512","262144","cfffbdc45d2824d58893ec2e3c55a775c35c49365506c4b7690d536c9c9c4461"
"qoi-icon_512/000332_status_software_update_urgent_037494732758.png","qoi-icon_512","512","512","262144","037494732758338422645bea03e8d0d8ba05dfffc0218ed8721b0b84fde4fa62"
"qoi-icon_512/000333_status_user_trash_full_d5f57bee3ae2.png","qoi-icon_512","512","512","262144","d5f57bee3ae2c7ce767cbaf07c55e25f0b1da823b648dc12b4de59e6c6847d1f"
"qoi-icon_512/000334_status_weather_clear_night_4ddf934f7af0.png","qoi-icon_512","512","512","262144","4ddf934f7af042275a4d15076a1361c4df4f91267358b6b3e93618dfd2d8d81a"
"qoi-icon_512/000335_status_weather_clear_46b5c8835e41.png","qoi-icon_512","512","512","262144","46b5c8835e41f1781d43719ab9850f5e3dd322b2d66d169767d5806093825026"
"qoi-icon_512/000336_status_weather_few_clouds_night_46f69c77fd86.png","qoi-icon_512","512","512","262144","46f69c77fd86cbdf538a164d7b85f75abd71a3066a9d067d4389edac6a160da1"
"qoi-icon_512/000337_status_weather_few_clouds_8d9b7c109302.png","qoi-icon_512","512","512","262144","8d9b7c109302b4d0abae2b0a8cc13ab8a083ca3f3eecbc3764fab98c98619103"
"qoi-icon_512/000338_status_weather_overcast_461653214602.png","qoi-icon_512","512","512","262144","461653214602bca6010a2acabec55a247fd0ab8e5f4e0880f13dff56a8b05663"
"qoi-icon_512/000339_status_weather_severe_alert_20f76ef8277d.png","qoi-icon_512","512","512","262144","20f76ef8277deb65963e5f9a731dbf9f5a657c00a5a94f42ece2269ae98935d0"
"qoi-icon_512/000340_status_weather_showers_scattered_184eb1ee1a30.png","qoi-icon_512","512","512","262144","184eb1ee1a304dc6700b465d5736917c740ad6efa1102b80fe3e1515b0bcad76"
"qoi-icon_512/000341_status_weather_showers_83d9c879f47a.png","qoi-icon_512","512","512","262144","83d9c879f47a185672970861bf4a5fcf3c39c6eb269df10740766af5cb30cde2"
"qoi-icon_512/000342_status_weather_snow_bf62d24f819f.png","qoi-icon_512","512","512","262144","bf62d24f819f404c2fd91d1a4818d53f0a772eb05d270943ef159bf197b33962"
"qoi-icon_512/000343_status_weather_storm_9e0cd0e680ba.png","qoi-icon_512","512","512","262144","9e0cd0e680baff64d985fb5d94d794c7aabce6c6865c5cfe0dd57f2d76695d3e"
"qoi-icon_64/000344_actions_address_book_new_1895add14db3.png","qoi-icon_64","64","64","4096","1895add14db3f3eba4bca7071b022f8e179608a2b6a95dfc5e84be112c13cd33"
"qoi-icon_64/000345_actions_appointment_new_40cc611a0587.png","qoi-icon_64","64","64","4096","40cc611a0587ca4211c5b6dd25c9cd92998310aff2be2310eefb4f2f177b8465"
"qoi-icon_64/000346_actions_bookmark_new_6a0fb2014b90.png","qoi-icon_64","64","64","4096","6a0fb2014b9075708a7a3d2422bd59fc90d13a3745ee0026f73489da114dd890"
"qoi-icon_64/000347_actions_contact_new_3c2c92bd2562.png","qoi-icon_64","64","64","4096","3c2c92bd256275fa83cbab532877d5e4832c9c3aeb43b182d96a92b9d6b877cb"
"qoi-icon_64/000348_actions_document_new_b79995a4ad1b.png","qoi-icon_64","64","64","4096","b79995a4ad1b8d8a07847b4a29d371cf120b4f80f91ff5b0bf58586703936296"
"qoi-icon_64/000349_actions_document_open_afc037756636.png","qoi-icon_64","64","64","4096","afc0377566369b31193e0cb2bcb7891cd5e2ac12f3e468345b6ca6d3d811390a"
"qoi-icon_64/000350_actions_document_print_preview_bff50534bfc9.png","qoi-icon_64","64","64","4096","bff50534bfc936a557eb2300f0d1a3bffd1fbdd1a3bfe647988f92bfccec1a41"
"qoi-icon_64/000351_actions_document_print_3feff8afddc7.png","qoi-icon_64","64","64","4096","3feff8afddc7ab4e6c409fd686454bb469c38b8857ac5463bbb5105a7f70baaf"
"qoi-icon_64/000352_actions_document_properties_63088c793628.png","qoi-icon_64","64","64","4096","63088c793628f23f7ed5288c3d6ae4893ea2ed4ab477c3f8bec9de6af05a06b0"
"qoi-icon_64/000353_actions_document_save_as_fbb6e1a0f3b2.png","qoi-icon_64","64","64","4096","fbb6e1a0f3b2b2e1545561820a05ff908e76cde8239d388a1b360a831431aafa"
"qoi-icon_64/000354_actions_document_save_f2a52d86bcfa.png","qoi-icon_64","64","64","4096","f2a52d86bcfac678a9da4941684a599ec7d10d408ba2fa3d25b0535629e79820"
"qoi-icon_64/000355_actions_edit_clear_eeb16052e244.png","qoi-icon_64","64","64","4096","eeb16052e244d0f147cb2b1937edda1316216953aec404e80e5486c6f909a4fd"
"qoi-icon_64/000356_actions_edit_copy_a52cac16c7c2.png","qoi-icon_64","64","64","4096","a52cac16c7c203b05702489119aac465ed71349d7e30690e0dbc274dd35ebad0"
"qoi-icon_64/000357_actions_edit_cut_cee47b018f33.png","qoi-icon_64","64","64","4096","cee47b018f336a0680252114d8198421331af7f0d8d8dcd906a72f5f1671fa52"
"qoi-icon_64/000358_actions_edit_delete_057cdf44076c.png","qoi-icon_64","64","64","4096","057cdf44076c159fe0c772eaf0e2f8344ca05459280c952b06348f80931a3fda"
"qoi-icon_64/000359_actions_edit_find_replace_44014364e3fa.png","qoi-icon_64","64","64","4096","44014364e3fae771f6533b24a73385554ef60f3693e0040b163f9d5fb605580d"
"qoi-icon_64/000360_actions_edit_find_57fcd6c5ad8a.png","qoi-icon_64","64","64","4096","57fcd6c5ad8a1775f2d77863c20dbc5e2f4b1c079fe258c02cbc8d107a5f9752"
"qoi-icon_64/000361_actions_edit_paste_60c1b10b8235.png","qoi-icon_64","64","64","4096","60c1b10b8235db2de38647538289d1d2dfdcfb887c8f588cb4532506a3198477"
"qoi-icon_64/000362_actions_edit_redo_91d7f41aa3f8.png","qoi-icon_64","64","64","4096","91d7f41aa3f82ab7a1d14ad1451073ab69468c9839dff6147ac75b32fe69fbf3"
"qoi-icon_64/000363_actions_edit_select_all_9307aa355b58.png","qoi-icon_64","64","64","4096","9307aa355b582f7f5ac602164ae77ac99319db8589f88add46ba4114af061af0"
"qoi-icon_64/000364_actions_edit_undo_d1738ff359d9.png","qoi-icon_64","64","64","4096","d1738ff359d951568e1be69971a5f5ae0989b4bab7891e08ef18c95eb4681323"
"qoi-icon_64/000365_actions_folder_new_d45a533453e6.png","qoi-icon_64","64","64","4096","d45a533453e65b630a07ef3117988d110623baa0f8531aeb93541a672e12ddf1"
"qoi-icon_64/000366_actions_format_indent_less_0ac438e33072.png","qoi-icon_64","64","64","4096","0ac438e330728878a902df1637b0f0f3907ce4562e63729e1116015fa0ad70c9"
"qoi-icon_64/000367_actions_format_indent_more_c26dc7de86d1.png","qoi-icon_64","64","64","4096","c26dc7de86d19f916bf85cbeed2c9b69e9f2e7e60e8ed46ff006510689e1efe2"
"qoi-icon_64/000368_actions_format_justify_center_05b6deee1ae2.png","qoi-icon_64","64","64","4096","05b6deee1ae2484850d1e90bdfe1c626fb0163a615be1ffde3992f6403561891"
"qoi-icon_64/000369_actions_format_justify_fill_fbdb561db606.png","qoi-icon_64","64","64","4096","fbdb561db606867881fe71a58e1c08f4dda3f6562f537370827aebdf3cf0e8dd"
"qoi-icon_64/000370_actions_format_justify_left_5d7414836d67.png","qoi-icon_64","64","64","4096","5d7414836d6778fc7b1c30a0bf97e6ead4b33bc9f64369ff8f945151de60adca"
"qoi-icon_64/000371_actions_format_justify_right_852783cbb6ff.png","qoi-icon_64","64","64","4096","852783cbb6ff9171835a5d3c3d4030ed35e3370a8f78bea229121c968a8020c3"
"qoi-icon_64/000372_actions_format_text_bold_09f57f4c7ce7.png","qoi-icon_64","64","64","4096","09f57f4c7ce7e06a83460ac0a6fce8d37e1f48060713a0f9e050984ec15c232b"
"qoi-icon_64/000373_actions_format_text_italic_55d5ef276876.png","qoi-icon_64","64","64","4096","55d5ef276876b545e0eb04ce004e471e0472ed955816c3fcae677fa57b69ac49"
"qoi-icon_64/000374_actions_format_text_strikethrough_580cbea61ea4.png","qoi-icon_64","64","64","4096","580cbea61ea48c80af00b3dbf4a9ccdcbc72f73af96f2762ef76dd0474b453e4"
"qoi-icon_64/000375_actions_format_text_underline_c2bf655706b0.png","qoi-icon_64","64","64","4096","c2bf655706b0ab5683ed236f2d4c6bedb96cba2e4f2fe72407892b4acefc598e"
"qoi-icon_64/000376_actions_go_bottom_d8595d50bbb9.png","qoi-icon_64","64","64","4096","d8595d50bbb98f73b3c8a7b8bc443a7207b34d57e49dd4fb0a0456a52d7a3a12"
"qoi-icon_64/000377_actions_go_down_481abbdd719e.png","qoi-icon_64","64","64","4096","481abbdd719ed148c1b188e856aa2c56c33288cad49a34faeac6920d0a3f8865"
"qoi-icon_64/000378_actions_go_first_11e4eb500ac5.png","qoi-icon_64","64","64","4096","11e4eb500ac55e422051a367a97607a2c259c40e204b73365db54331ee5590a3"
"qoi-icon_64/000379_actions_go_home_acd5b0daaac4.png","qoi-icon_64","64","64","4096","acd5b0daaac432ddc772effcaae79e9fbb0dceaa574aee49fa95d7e4b9f0a802"
"qoi-icon_64/000380_actions_go_jump_e0ea46a4b86f.png","qoi-icon_64","64","64","4096","e0ea46a4b86f809f78ada5cb9084c4c1a754f64d7b3d97945b2daae1e3a6484d"
"qoi-icon_64/000381_actions_go_last_2a530fd6e169.png","qoi-icon_64","64","64","4096","2a530fd6e1695f653e019c406a9493bc80cd1ea5440ba1e326c9d3f09881f9dd"
"qoi-icon_64/000382_actions_go_next_4b5a263b9b13.png","qoi-icon_64","64","64","4096","4b5a263b9b13c2cf06eb4b50e4276b051b03e45067865de9a49e2b292ed9710d"
"qoi-icon_64/000383_actions_go_previous_9a0a463fc293.png","qoi-icon_64","64","64","4096","9a0a463fc29370da814f36b7443da7a0326ae2667f4895b1f97d7039cbf51964"
"qoi-icon_64/000384_actions_go_top_069f67367a37.png","qoi-icon_64","64","64","4096","069f67367a37cce19161eb55bf64427fa0b0b4f68e4a08b009898c007bb0254d"
"qoi-icon_64/000385_actions_go_up_3ebcb27582fa.png","qoi-icon_64","64","64","4096","3ebcb27582fae0c10b159f4020073bdb91eb6183a128b8aa62c9126692f9bc3d"
"qoi-icon_64/000386_actions_list_add_de236170aab5.png","qoi-icon_64","64","64","4096","de236170aab5bece05a4d56003f1b505afa013f503938b02d4d494844f6e81c1"
"qoi-icon_64/000387_actions_list_remove_fbe00fbc6a24.png","qoi-icon_64","64","64","4096","fbe00fbc6a2455761ec27259b6cb59c20e7d7e085422c6951ab6473a976886ae"
"qoi-icon_64/000388_actions_mail_forward_b7410a4133be.png","qoi-icon_64","64","64","4096","b7410a4133be07f6c2ed3e99d29b8a10a4e2db23b961696a06920f3ab777dcbc"
"qoi-icon_64/000389_actions_mail_mark_junk_8b38b16e431b.png","qoi-icon_64","64","64","4096","8b38b16e431b9b84296086cb6c235f7070e3ea3e46a8f4c402b5dcfbb3fcbc6a"
"qoi-icon_64/000390_actions_mail_message_new_ef05b5ab0980.png","qoi-icon_64","64","64","4096","ef05b5ab0980c375f7c11475786c229dcbe9d51d83b63d4dce3108ba864d4722"
"qoi-icon_64/000391_actions_mail_reply_all_7a9576e2e990.png","qoi-icon_64","64","64","4096","7a9576e2e990ccd90217d23258f0c98342844f79febe8bda5ab8205e3451b3a0"
"qoi-icon_64/000392_actions_mail_reply_sender_de5316cc1d35.png","qoi-icon_64","64","64","4096","de5316cc1d35f179b65359ed9b80ccd9f827585d1261d79318d936091e54ad87"
"qoi-icon_64/000393_actions_mail_send_receive_e49dcd6bfc48.png","qoi-icon_64","64","64","4096","e49dcd6bfc48e8e35867cc1bd185a94cde5519404402acf97e9483f8f1460a45"
"qoi-icon_64/000394_actions_media_eject_1c5fd22c4b5b.png","qoi-icon_64","64","64","4096","1c5fd22c4b5bca51531f17ff938a3d9d8e79056f22875c92b9920d4cdb2387b5"
"qoi-icon_64/000395_actions_media_playback_pause_4f04d3b2bb43.png","qoi-icon_64","64","64","4096","4f04d3b2bb4365aaa34a8cd5dcf942548eb6d78f57f823dcccfd62939d89ec87"
"qoi-icon_64/000396_actions_media_playback_start_d013af528167.png","qoi-icon_64","64","64","4096","d013af52816763a5db1ff04b925a8990be4c802e33cca3b86687254a8f6aa88f"
"qoi-icon_64/000397_actions_media_playback_stop_edf07c474740.png","qoi-icon_64","64","64","4096","edf07c47474059d684b36ae81f4a68983c10b5fb4cfd37b3978ce7f18df00946"
"qoi-icon_64/000398_actions_media_record_20ea461125a8.png","qoi-icon_64","64","64","4096","20ea461125a81edaf844e8ba416c9e56c12124d19e993b408fd197003137cdac"
"qoi-icon_64/000399_actions_media_seek_backward_97a0aeebbdb5.png","qoi-icon_64","64","64","4096","97a0aeebbdb5330be2277a3d0ff9ff4db44195b3b82cb5ecba01f4be42bf8378"
"qoi-icon_64/000400_actions_media_seek_forward_f8388358fdaf.png","qoi-icon_64","64","64","4096","f8388358fdafb924d18d509f383102280bf9d6460288535efdc7f635f4690b5d"
"qoi-icon_64/000401_actions_media_skip_backward_247b3d8ed1ba.png","qoi-icon_64","64","64","4096","247b3d8ed1ba231001a965731e9c7cc482fb32a3cc610af324edd9b4b26fa1e8"
"qoi-icon_64/000402_actions_media_skip_forward_3dbfb62a3462.png","qoi-icon_64","64","64","4096","3dbfb62a34627b111b49952671daeac6bda96d5523c03ff831ab283b02ff1597"
"qoi-icon_64/000403_actions_process_stop_947800c8a925.png","qoi-icon_64","64","64","4096","947800c8a9254a9259974108da64886e3dc01069b371028b5a6a01df94535609"
"qoi-icon_64/000404_actions_system_lock_screen_f5a6895a2109.png","qoi-icon_64","64","64","4096","f5a6895a2109b69115f611ccf5c7aacb134fd4fb6160467cbbfd43f2974c23c8"
"qoi-icon_64/000405_actions_system_log_out_d881523478cd.png","qoi-icon_64","64","64","4096","d881523478cd03be98b4cdcd18b39cc870ae7433519d7256dbf00c734e3f37be"
"qoi-icon_64/000406_actions_system_search_5812bc905312.png","qoi-icon_64","64","64","4096","5812bc905312a0a222062bbb62518d3e1ead68ac718c1d6fb1f48178945bd50e"
"qoi-icon_64/000407_actions_system_shutdown_d59d2006d4e6.png","qoi-icon_64","64","64","4096","d59d2006d4e6df896ebc8c6d2776970f003eafe6867451cbfe3e4160e6652635"
"qoi-icon_64/000408_actions_tab_new_4e3f84b77923.png","qoi-icon_64","64","64","4096","4e3f84b77923b29f722beb827643d427a2deea792fd8ebc3bd57e327a1f33a34"
"qoi-icon_64/000409_actions_view_fullscreen_9401309ef337.png","qoi-icon_64","64","64","4096","9401309ef337f44e28a458aa35c888ecaa9c2f21d33f896640a01db732230525"
"qoi-icon_64/000410_actions_view_refresh_8a8d3dcbb0b6.png","qoi-icon_64","64","64","4096","8a8d3dcbb0b6d32a3c1b3bcf0c322013deccbd150e8791398f5f08fc276b6d4b"
"qoi-icon_64/000411_actions_window_new_dbd0d4c2eafa.png","qoi-icon_64","64","64","4096","dbd0d4c2eafa03e1d5a3a99f5a83d692c20d846e02dcce9f5cb7ff35e634ad9b"
"qoi-icon_64/000412_apps_accessories_calculator_1940a8a5fb8b.png","qoi-icon_64","64","64","4096","1940a8a5fb8b045f7ef5ab81572458092bb0f05afb3f6bf97977f986f0502520"
"qoi-icon_64/000413_apps_accessories_character_map_ffab1fd6c90d.png","qoi-icon_64","64","64","4096","ffab1fd6c90d61dfa6cff36ea367545b32a4f2ad2dd8026335114719972f3726"
"qoi-icon_64/000414_apps_accessories_text_editor_40b0a3341889.png","qoi-icon_64","64","64","4096","40b0a3341889f8ab8ba518140fe93112f3a4576c2ca16dc82ff010c6b43d1d7d"
"qoi-icon_64/000415_apps_help_browser_83344c005300.png","qoi-icon_64","64","64","4096","83344c005300a71d481813acb8d190005c09ca05b0b2fd84f22daeabcdf01fcb"
"qoi-icon_64/000416_apps_internet_group_chat_26a1133c64e8.png","qoi-icon_64","64","64","4096","26a1133c64e80105de8e6a4e32c7c23b416fbd1d6fc6ead61e5b6e3b224f413f"
"qoi-icon_64/000417_apps_internet_mail_a81327c9f389.png","qoi-icon_64","64","64","4096","a81327c9f3898c9d50d3d75de69feee593afec280da3ac6285510b7268a244c0"
"qoi-icon_64/000418_apps_internet_news_reader_3883f24e764b.png","qoi-icon_64","64","64","4096","3883f24e764be3098afb4c419c5031ef719a904439247fcff3de55dfb7a4f1fc"
"qoi-icon_64/000419_apps_internet_web_browser_86f1c5ce3bbb.png","qoi-icon_64","64","64","4096","86f1c5ce3bbb8bc2095165d1f1499d600bc3b179f999462c165031dfe5a8c94f"
"qoi-icon_64/000420_apps_office_calendar_38f1667201d7.png","qoi-icon_64","64","64","4096","38f1667201d7328fb3c3df1998386a64486099b3d6634933fe03f9e4e6df52c8"
"qoi-icon_64/000421_apps_preferences_desktop_accessibility_1bdc12a9a082.png","qoi-icon_64","64","64","4096","1bdc12a9a082145d31bd444fce5f0e27fb4ce8c502272df14fcf25437b39f330"
"qoi-icon_64/000422_apps_preferences_desktop_assistive_technology_99a6314dfac3.png","qoi-icon_64","64","64","4096","99a6314dfac355acd21856c2130a303785032b48d8665bbf43e1b6aa6355ab05"
"qoi-icon_64/000423_apps_preferences_desktop_font_c1d05cbac635.png","qoi-icon_64","64","64","4096","c1d05cbac635e67c9ffcdd209eb4544cfd8191dc6276480a6b09c20a59f8782a"
"qoi-icon_64/000424_apps_preferences_desktop_keyboard_shortcuts_8cfac8c40ac9.png","qoi-icon_64","64","64","4096","8cfac8c40ac99e0afad96ca164fa499a55cb3764a3d8198f518f4156bf79a839"
"qoi-icon_64/000425_apps_preferences_desktop_locale_d2d659eee590.png","qoi-icon_64","64","64","4096","d2d659eee59056457bf9dc5c9a10e6e097c2b8d915263932e31a0979439f4218"
"qoi-icon_64/000426_apps_preferences_desktop_multimedia_13a36aeb0ff9.png","qoi-icon_64","64","64","4096","13a36aeb0ff907d846f3728df7dcefec475bd152bf0ad20e66b90323da9fc9a3"
"qoi-icon_64/000427_apps_preferences_desktop_remote_desktop_5c96e8dd5b08.png","qoi-icon_64","64","64","4096","5c96e8dd5b0812196f07dd049b576e77c0d85af0f76ff554e9262d1967f1f0dc"
"qoi-icon_64/000428_apps_preferences_desktop_screensaver_4252885d51ed.png","qoi-icon_64","64","64","4096","4252885d51ed2c4d8e567c042862cc3b23586c1d9975407fbc5bf895df773bc1"
"qoi-icon_64/000429_apps_preferences_desktop_theme_8e7349489c9d.png","qoi-icon_64","64","64","4096","8e7349489c9d171cd81815166408d89746c3f4c5ffb3c000e01ba2c65b24c8a3"
"qoi-icon_64/000430_apps_preferences_desktop_wallpaper_7d2e815ed495.png","qoi-icon_64","64","64","4096","7d2e815ed495c1733043db01b64d2139691f52144a3dde0f5652dce67184f1bf"
"qoi-icon_64/000431_apps_preferences_system_network_proxy_1f837e49be3a.png","qoi-icon_64","64","64","4096","1f837e49be3afcf8d39e8c4a387af7219b00037db3a282844f670189a60e6561"
"qoi-icon_64/000432_apps_preferences_system_session_ddc810600626.png","qoi-icon_64","64","64","4096","ddc81060062690fe44a3aabb8f97829cc2f6bc9146a74bd6d9dbf0f7e1e1f494"
"qoi-icon_64/000433_apps_preferences_system_windows_eff355264a74.png","qoi-icon_64","64","64","4096","eff355264a741bd12e985a830f1249cafeebe6f4baa2da587fb128193f05e5f0"
"qoi-icon_64/000434_apps_system_file_manager_77c596b0d0d9.png","qoi-icon_64","64","64","4096","77c596b0d0d9ab1f083e68e722a7d37d140ccd48136b38d5640fb442c323c8ea"
"qoi-icon_64/000435_apps_system_installer_071fd712da12.png","qoi-icon_64","64","64","4096","071fd712da1223fbb2d1550ad449da3c40aa4734e5ea3dc9c196441aba866ce7"
"qoi-icon_64/000436_apps_system_software_update_4d31bf787afa.png","qoi-icon_64","64","64","4096","4d31bf787afacb5a3adb54f4f49e34e2d944805073759b711767ea84a24aa10c"
"qoi-icon_64/000437_apps_system_users_9bcc858983be.png","qoi-icon_64","64","64","4096","9bcc858983be67cc353cb6f4201f3a32b9997293809a0c32425cb1118562e8a5"
"qoi-icon_64/000438_apps_utilities_system_monitor_9d28ca58b13c.png","qoi-icon_64","64","64","4096","9d28ca58b13c68b1183fff197d37d68cfb0306e652624f8b24a659aa4f7df415"
"qoi-icon_64/000439_apps_utilities_terminal_e27e312c759e.png","qoi-icon_64","64","64","4096","e27e312c759e71567b6502dbd2ec8239e0dfb8970671d89de2ecfe1a75c0f05a"
"qoi-icon_64/000440_categories_applications_accessories_b831997be6fc.png","qoi-icon_64","64","64","4096","b831997be6fcc53dfff268f9c427a491ca4eb2243b8921629deb7e438ad82817"
"qoi-icon_64/000441_categories_applications_development_bb7be578b848.png","qoi-icon_64","64","64","4096","bb7be578b8486551985ead0d489d9badbaa1bea4c7b3407e4edfa6f1f4c786dc"
"qoi-icon_64/000442_categories_applications_games_1bc49511becd.png","qoi-icon_64","64","64","4096","1bc49511becdf2e9787ac3a824b79538a24b09ce5e2d1d882d1a40b918d8fa04"
"qoi-icon_64/000443_categories_applications_graphics_97835a7b57af.png","qoi-icon_64","64","64","4096","97835a7b57af894533ce1f61add321b0c4884a4a1e08a7d7dacf6b73b2bb3986"
"qoi-icon_64/000444_categories_applications_internet_21faa8cc6e37.png","qoi-icon_64","64","64","4096","21faa8cc6e3778359515add9d7746c5ab3771e7dd7e6980ecde023237d6f1c37"
"qoi-icon_64/000445_categories_applications_multimedia_09d85bed8845.png","qoi-icon_64","64","64","4096","09d85bed88455f97335c2568bb9655caae971fbb70586dd5c3250c1c5b430772"
"qoi-icon_64/000446_categories_applications_office_db23af845b58.png","qoi-icon_64","64","64","4096","db23af845b589d7ece34d55174665f0a484ac3522922928f08f519050749334b"
"qoi-icon_64/000447_categories_applications_other_4928f88fdf68.png","qoi-icon_64","64","64","4096","4928f88fdf686268de53adea4161e07b958fc14effb73302ca1c618b90deb22a"
"qoi-icon_64/000448_categories_applications_system_63ff5f39ffa0.png","qoi-icon_64","64","64","4096","63ff5f39ffa09eb1e2ac69e410dd9a87e25a76c14e4c42c371acbdaadcf67773"
"qoi-icon_64/000449_categories_preferences_desktop_peripherals_71e22a3aac35.png","qoi-icon_64","64","64","4096","71e22a3aac35f5759fa08edcd70dff279f543d647a99b950b97258bcd6a1059e"
"qoi-icon_64/000450_categories_preferences_desktop_77e1959b4d34.png","qoi-icon_64","64","64","4096","77e1959b4d3426fd9daf4e627e3cfb125431f094ce2e8cc408e8f91d48e4bda4"
"qoi-icon_64/000451_categories_preferences_system_c287be7177ef.png","qoi-icon_64","64","64","4096","c287be7177efe4b73913e6e9ab062c60fa9827fb8284d065ee7ab4679aadb9b7"
"qoi-icon_64/000452_devices_audio_card_47a10d19f45b.png","qoi-icon_64","64","64","4096","47a10d19f45b79b002b0adacd19bdc05c21de70f83e264f0bcc34a42a0c86796"
"qoi-icon_64/000453_devices_audio_input_microphone_9b6f0acbc92d.png","qoi-icon_64","64","64","4096","9b6f0acbc92d983e4f1d31607e53dee101c0f07eeb449bc5069b86cf2c124aba"
"qoi-icon_64/000454_devices_battery_55b9ccf7cb39.png","qoi-icon_64","64","64","4096","55b9ccf7cb39ba4f223f3481e59cdbbcf5d97c6bd0be680d1af06a56d29e03ff"
"qoi-icon_64/000455_devices_camera_photo_b7ffbf9aecf7.png","qoi-icon_64","64","64","4096","b7ffbf9aecf7d2c7bfb24f87fa597ff6f79b80b91163e42b0665a2a77e24379c"
"qoi-icon_64/000456_devices_camera_video_8c7e15c2721e.png","qoi-icon_64","64","64","4096","8c7e15c2721ea37c7fea66b70913150b95ddc2bad93b2cc727bb7ec241970df4"
"qoi-icon_64/000457_devices_computer_3260b975d5c0.png","qoi-icon_64","64","64","4096","3260b975d5c0fad1444e6fcc5e0290e30d5abd7ac04825cf465b4e830533163d"
"qoi-icon_64/000458_devices_drive_harddisk_edef803ac45f.png","qoi-icon_64","64","64","4096","edef803ac45f7c925d7cb905684220e18793859b6dea98a322e092f71ad6a16a"
"qoi-icon_64/000459_devices_drive_optical_7a52725d5dd6.png","qoi-icon_64","64","64","4096","7a52725d5dd611f8a97730d516d6e20f37e4c697b760606a67b8a042dd9c25fc"
"qoi-icon_64/000460_devices_drive_removable_media_6d9665c95483.png","qoi-icon_64","64","64","4096","6d9665c95483c597e6e5f5afcc4729bb9ac7b15bd79effc6fd3412b786a81377"
"qoi-icon_64/000461_devices_input_gaming_a603105440a9.png","qoi-icon_64","64","64","4096","a603105440a9fabc815a171daa04e36b33e5124956d2bd3dd2ee3aaff9ec57e0"
"qoi-icon_64/000462_devices_input_keyboard_a1ab96cd70a2.png","qoi-icon_64","64","64","4096","a1ab96cd70a2276e59fc59fc83bc6dc00eb9075a3ef32b4a4ba01a769ecb82f4"
"qoi-icon_64/000463_devices_input_mouse_15f9714a704a.png","qoi-icon_64","64","64","4096","15f9714a704a6ce42c8a9645f3e1d67f782aea74cfc98f24f4cb173824dbddb4"
"qoi-icon_64/000464_devices_media_flash_8a00edfe0b03.png","qoi-icon_64","64","64","4096","8a00edfe0b03f1f2eb456ed0f64dcfedbd2c97a3e211fa48a151219e77668c17"
"qoi-icon_64/000465_devices_media_floppy_c7ff9e850662.png","qoi-icon_64","64","64","4096","c7ff9e850662d86fe31b1f6efc48e2b8255cb6af5175b67d33f7e539dd4bb982"
"qoi-icon_64/000466_devices_media_optical_ef691b6ba986.png","qoi-icon_64","64","64","4096","ef691b6ba9865a1909dd1b5fcebab3fd790d7b8b4b377846533aa330734bf4b3"
"qoi-icon_64/000467_devices_multimedia_player_6d822e346e75.png","qoi-icon_64","64","64","4096","6d822e346e752628c28978c2354d7dfbfffd695ea2b6f660192102052d30f7b1"
"qoi-icon_64/000468_devices_network_wired_0f65aed77d68.png","qoi-icon_64","64","64","4096","0f65aed77d683e3ab237968a62cdf46220676d06e5cdf228c29b3a45bc4d6a64"
"qoi-icon_64/000469_devices_network_wireless_f569b58e2695.png","qoi-icon_64","64","64","4096","f569b58e269581cccf64ce9974b59f88b602b844d6ccb90d3bec0d012aba48cd"
"qoi-icon_64/000470_devices_printer_05b53331c671.png","qoi-icon_64","64","64","4096","05b53331c67147210d6fb04bb360fa350eb33084a3e6bc1f7e4e955083d4f964"
"qoi-icon_64/000471_devices_video_display_0e4c32ca4c25.png","qoi-icon_64","64","64","4096","0e4c32ca4c256f749984a50d56047e34e1ef0fac3dfeec22477bfde8c934198f"
"qoi-icon_64/000472_emblems_emblem_favorite_b326cb92632a.png","qoi-icon_64","64","64","4096","b326cb92632af0a79bbcd9fecc432c41400f5a2f6eb280a1280603ca78225b9a"
"qoi-icon_64/000473_emblems_emblem_important_3514b0e73ca3.png","qoi-icon_64","64","64","4096","3514b0e73ca3ddf83881cd48a18e1d95260e78fd55c56a5ffc801f9d976037d7"
"qoi-icon_64/000474_emblems_emblem_photos_c3b78144e7f6.png","qoi-icon_64","64","64","4096","c3b78144e7f69a79545c7d862bd78b41b6b5c3b5f4e9c92f411bbd85fe8ab9ac"
"qoi-icon_64/000475_emblems_emblem_readonly_ac7367bb61f6.png","qoi-icon_64","64","64","4096","ac7367bb61f620bbe5eaf63758d1ff71477b661344cb8ae719241df09cd024ff"
"qoi-icon_64/000476_emblems_emblem_symbolic_link_0419e0f46eee.png","qoi-icon_64","64","64","4096","0419e0f46eee1e026d75248ec18ce1ac382f048fa68c71e0fbb07025a00fac9c"
"qoi-icon_64/000477_emblems_emblem_system_7a2e9ae69096.png","qoi-icon_64","64","64","4096","7a2e9ae69096dab552fa6ba02f0dd0ca68022a88487292cf0cbfb46bb1865132"
"qoi-icon_64/000478_emblems_emblem_unreadable_e2bfd8875160.png","qoi-icon_64","64","64","4096","e2bfd8875160089708b7b7e44263420e9a48dd2df8f5c4df748422a7d7983668"
"qoi-icon_64/000479_emotes_face_angel_818e9ab0cdf9.png","qoi-icon_64","64","64","4096","818e9ab0cdf9be642d99cdb709f6d8efcbe8237b3567ea0e20e44360b70c89c2"
"qoi-icon_64/000480_emotes_face_crying_87e1cd043a4c.png","qoi-icon_64","64","64","4096","87e1cd043a4c4534ac07f70048f2d6f6ee786f4903d07f55669fa459cd140607"
"qoi-icon_64/000481_emotes_face_devilish_ac54c093ce82.png","qoi-icon_64","64","64","4096","ac54c093ce8256cdc08165615138591fb24cfa4fbcff03d1c792025b762585f6"
"qoi-icon_64/000482_emotes_face_glasses_747159a317b7.png","qoi-icon_64","64","64","4096","747159a317b7b7384a5c1c3a7673ae4fa5b821ca80123864104bde2669f48212"
"qoi-icon_64/000483_emotes_face_grin_e1b5ff449c7c.png","qoi-icon_64","64","64","4096","e1b5ff449c7cb53c8ebd6f4cf2e0af38d92f80eadfe4f60450995b8e551a06da"
"qoi-icon_64/000484_emotes_face_kiss_afd9264b3858.png","qoi-icon_64","64","64","4096","afd9264b38580e3de5d0c081a7eda2df546059ed03a4b6c2d1ff6c2e4884bcc5"
"qoi-icon_64/000485_emotes_face_monkey_ff2c959aee32.png","qoi-icon_64","64","64","4096","ff2c959aee32bc025bd4b5cf968cbd15d7955d173afdd710a1e8245b1f3806c2"
"qoi-icon_64/000486_emotes_face_plain_8adf95479877.png","qoi-icon_64","64","64","4096","8adf9547987726412094270934fe09d4e9618cd39c6a71da637a5f634025e712"
"qoi-icon_64/000487_emotes_face_sad_e087bef38588.png","qoi-icon_64","64","64","4096","e087bef3858883463ba717e8339957c16ebb8a72761e34636ff8ce20835c7250"
"qoi-icon_64/000488_emotes_face_smile_big_b7f07332c8d1.png","qoi-icon_64","64","64","4096","b7f07332c8d14db45e09a8ebc66e48681a8e2cde14bf540c68cc6731699473dc"
"qoi-icon_64/000489_emotes_face_smile_4607677f6b45.png","qoi-icon_64","64","64","4096","4607677f6b45a211987f75c6a17a7d9c924115ab37a672d95845c76cdf576837"
"qoi-icon_64/000490_emotes_face_surprise_1772aaa69003.png","qoi-icon_64","64","64","4096","1772aaa690030cb0a064b9ca106922f5b3d3ba39f298f9bd98fe9294c727e8db"
"qoi-icon_64/000491_emotes_face_wink_c9e0992311e6.png","qoi-icon_64","64","64","4096","c9e0992311e6b5e13d2821bd3b0795436f5e58abc5d28d6b1d48a4f4f47eadb6"
"qoi-icon_64/000492_mimetypes_application_certificate_b6f294ee0f9d.png","qoi-icon_64","64","64","4096","b6f294ee0f9ddd5b17fc1039f393e69672639f7479f9cf963e9e21c2dbc73d5c"
"qoi-icon_64/000493_mimetypes_application_x_executable_c732f3e4d25b.png","qoi-icon_64","64","64","4096","c732f3e4d25beba04a1147a68fdac2fee1e3f54ecb570a5514f7b80324952f1e"
"qoi-icon_64/000494_mimetypes_audio_x_generic_8c3655979845.png","qoi-icon_64","64","64","4096","8c3655979845a891760507396fbbbc9aea6c5c90ab64f5f72b2d7fd69f2fa269"
"qoi-icon_64/000495_mimetypes_font_x_generic_6213ad15d8f6.png","qoi-icon_64","64","64","4096","6213ad15d8f6c4fb25123b1717fac42b31e1cd08e2fe5b4f5629a42e47870108"
"qoi-icon_64/000496_mimetypes_image_x_generic_30588b0ace3c.png","qoi-icon_64","64","64","4096","30588b0ace3c828f1b07e8a79b472de193171812ae3ec0297c8c98f9d6dc015f"
"qoi-icon_64/000497_mimetypes_package_x_generic_a27ed5cd0dd5.png","qoi-icon_64","64","64","4096","a27ed5cd0dd5da515c3a1d63b8ad470778bf8a46a62a2cce9ebfbe6796df073d"
"qoi-icon_64/000498_mimetypes_text_html_c0fa4e3551d9.png","qoi-icon_64","64","64","4096","c0fa4e3551d9f52ddbd110d921cc4130ec32d678e9da3ae51c3b2347d0a760bf"
"qoi-icon_64/000499_mimetypes_text_x_generic_template_a1f884b8dafc.png","qoi-icon_64","64","64","4096","a1f884b8dafc02feee1b81829a2e9e09efa130799c9848ecdf7c122be12ef76d"
"qoi-icon_64/000500_mimetypes_text_x_generic_9eef46d6b7d7.png","qoi-icon_64","64","64","4096","9eef46d6b7d72534912da9d5309e4aef352333bc4cabda351f8c148a5c069742"
"qoi-icon_64/000501_mimetypes_text_x_script_18ca23d4c99b.png","qoi-icon_64","64","64","4096","18ca23d4c99bb5e9e7028b0bd31b86c6de8fb8670d029072c3d89b6e9161c8b3"
"qoi-icon_64/000502_mimetypes_video_x_generic_683b9d673538.png","qoi-icon_64","64","64","4096","683b9d6735388810c6a928a2a9665ae7578556181d343c326a40020aaf40b279"
"qoi-icon_64/000503_mimetypes_x_office_address_book_e9de12f941cf.png","qoi-icon_64","64","64","4096","e9de12f941cf2860d17c6a98a602d4ffc592b5a62a024080412a62a355adaf22"
"qoi-icon_64/000504_mimetypes_x_office_calendar_ec2d11312a75.png","qoi-icon_64","64","64","4096","ec2d11312a757ba654f47bd04bc0cbe01f6ad8368361229d3663415ce289eaa7"
"qoi-icon_64/000505_mimetypes_x_office_document_template_86f1cf6c3487.png","qoi-icon_64","64","64","4096","86f1cf6c3487733c5b51e2b1abfac0d7b2a778151502218563fce9cb423d89ea"
"qoi-icon_64/000506_mimetypes_x_office_document_4ebce8027b73.png","qoi-icon_64","64","64","4096","4ebce8027b73bac79062d0aa1d7c3e32f38df5676a78ba3b992a46355b7fd5c9"
"qoi-icon_64/000507_mimetypes_x_office_drawing_template_68fb3797acaa.png","qoi-icon_64","64","64","4096","68fb3797acaae343b1d2db4496e80067bc60b65f1cfb7666bcaf2902a92d7bd0"
"qoi-icon_64/000508_mimetypes_x_office_drawing_d30a3cdfaa0d.png","qoi-icon_64","64","64","4096","d30a3cdfaa0df18811fe793cdb4a9fa07f5cb4704ac5633ae0b1496193bf14b8"
"qoi-icon_64/000509_mimetypes_x_office_presentation_template_d04d3f68b238.png","qoi-icon_64","64","64","4096","d04d3f68b238e4a82caffbd35030b57e3235e99f130052f8c8b19b18294578fd"
"qoi-icon_64/000510_mimetypes_x_office_presentation_51484303cf2f.png","qoi-icon_64","64","64","4096","51484303cf2ffa2861afc8abdccffcc396ddb2c2994069eaf0cbbedf424a290a"
"qoi-icon_64/000511_mimetypes_x_office_spreadsheet_template_4c9ddf8c4996.png","qoi-icon_64","64","64","4096","4c9ddf8c4996f762d9218c321b7e78f4e69af3200247a051d884e3cbfc1a551f"
"qoi-icon_64/000512_mimetypes_x_office_spreadsheet_6061c537658e.png","qoi-icon_64","64","64","4096","6061c537658e7f16ac60aa245feb9438bf1f8be0ba3ab7cf5dec33354b301857"
"qoi-icon_64/000513_places_folder_remote_d25d28e27e8e.png","qoi-icon_64","64","64","4096","d25d28e27e8e09a133dd3800cbcf23baf411e2e4f0cf569f30da2f658b7dd9a8"
"qoi-icon_64/000514_places_folder_saved_search_f2036f9036a4.png","qoi-icon_64","64","64","4096","f2036f9036a4b546f3b7bb6e119ce1601fba459f07fe411d9404b004011e5ce1"
"qoi-icon_64/000515_places_folder_2bd0aa870a6b.png","qoi-icon_64","64","64","4096","2bd0aa870a6ba0c600246886945a9632cb37fc784af974475840a86dbdec0bb7"
"qoi-icon_64/000516_places_network_server_2114e65a1e18.png","qoi-icon_64","64","64","4096","2114e65a1e18c24beb38e7ef7f578f003d79f20ee40cf9246bcce0b24ba1cc21"
"qoi-icon_64/000517_places_network_workgroup_9fdc9d06f21e.png","qoi-icon_64","64","64","4096","9fdc9d06f21ecb7a372370b5e6a5cbb18f5f02871ddc7e309d3dd47794dfabd0"
"qoi-icon_64/000518_places_start_here_2983559d14fe.png","qoi-icon_64","64","64","4096","2983559d14fe620cab6cb7261a69e02f56360ebd900a58cb531cfc696a22a842"
"qoi-icon_64/000519_places_user_desktop_6310c58a9c22.png","qoi-icon_64","64","64","4096","6310c58a9c22db6aec1e20d182264e9167cbfe84a46b7acdbeb08c9e7ea46b9a"
"qoi-icon_64/000520_places_user_home_cdd354d26797.png","qoi-icon_64","64","64","4096","cdd354d26797d66a4b414855690cebad0717f8db55b119880f336134cdfa338c"
"qoi-icon_64/000521_places_user_trash_6fd6301d9571.png","qoi-icon_64","64","64","4096","6fd6301d9571ad8272dd337a2a371fe7c943bd059c4efade87facd0a4840ff66"
"qoi-icon_64/000522_status_audio_volume_high_aa243ad0d3a9.png","qoi-icon_64","64","64","4096","aa243ad0d3a9c1707a53b22fa1165796dc432e5d6d0789576c15291a47a1f731"
"qoi-icon_64/000523_status_audio_volume_low_840b8aa95d85.png","qoi-icon_64","64","64","4096","840b8aa95d855bdcc52a227ca53fd9fa805255bcaf7366a22a467f5b6a8f103a"
"qoi-icon_64/000524_status_audio_volume_medium_c33b4f580ca8.png","qoi-icon_64","64","64","4096","c33b4f580ca8ab2db978e1f1ef2625e8537a24d7060400eb059057509d3701b8"
"qoi-icon_64/000525_status_audio_volume_muted_6a396a7110e3.png","qoi-icon_64","64","64","4096","6a396a7110e3aa52e4f93b462f5edfe0719d5584a96e116dccded7f573ea7ba1"
"qoi-icon_64/000526_status_battery_caution_c19f55b1a016.png","qoi-icon_64","64","64","4096","c19f55b1a0165fb09c92b12e642da3390c2cd532a2f0f5a4a38b708f5866279e"
"qoi-icon_64/000527_status_dialog_error_968b10c81825.png","qoi-icon_64","64","64","4096","968b10c818253b403f898f4053ca930dd67e8ac90ca2daf4d9a5a4c3e252e893"
"qoi-icon_64/000528_status_dialog_information_d953cf7c0336.png","qoi-icon_64","64","64","4096","d953cf7c0336dd08d3bc3b03545cc9cb7356cb9b3708a26d47a7c62bdef41246"
"qoi-icon_64/000529_status_dialog_warning_bc7b81c03b2c.png","qoi-icon_64","64","64","4096","bc7b81c03b2c183dc6d418568bfa512ce7c601ad5932257a64dbf4219eb29427"
"qoi-icon_64/000530_status_folder_drag_accept_9e5c7ccdb881.png","qoi-icon_64","64","64","4096","9e5c7ccdb8818f6ba92eca1fccc640e6757ddb31550795a30ca7ad8f4d5be57d"
"qoi-icon_64/000531_status_folder_open_4e7debf9d644.png","qoi-icon_64","64","64","4096","4e7debf9d64426567375771afc2ad68cc3f0392d87cca911e39a6b27e52e4c8c"
"qoi-icon_64/000532_status_folder_visiting_1e695e4e49f7.png","qoi-icon_64","64","64","4096","1e695e4e49f7b6f7161a818d9f33b3f720a96feb698daf5b016562da781c2775"
"qoi-icon_64/000533_status_image_loading_94a4566a7ca3.png","qoi-icon_64","64","64","4096","94a4566a7ca3d2aff9f93cf94b8af441cb2f26f3eb921bf2db6ae81f970d1033"
"qoi-icon_64/000534_status_image_missing_67805a39f16f.png","qoi-icon_64","64","64","4096","67805a39f16f9c7f3b161f17ee414814f209cbfde6fae25d6ee8634c20bd8139"
"qoi-icon_64/000535_status_mail_attachment_40cac34b4fc6.png","qoi-icon_64","64","64","4096","40cac34b4fc6346769fcecd79024cf901c0996a1b59968b3bda5c5ab5daf768d"
"qoi-icon_64/000536_status_network_error_54b66b02944a.png","qoi-icon_64","64","64","4096","54b66b02944a3eeb80c5de4af6397491f973d8128cfb10f691cbc8d2c4105943"
"qoi-icon_64/000537_status_network_idle_53ada320dee0.png","qoi-icon_64","64","64","4096","53ada320dee010b18ff656489674ba1e1b3b570cd299f4dfb6f8f5f36e0a2fa2"
"qoi-icon_64/000538_status_network_offline_dccf0ef9ab48.png","qoi-icon_64","64","64","4096","dccf0ef9ab48905a254dfacd3a8002eb6ed064d74cfc9bd0c68c982e525ab176"
"qoi-icon_64/000539_status_network_receive_6936bcda976e.png","qoi-icon_64","64","64","4096","6936bcda976e79f3d47f9d7aede4edd99de94d08da8ca4d8582f9fe4bc94701a"
"qoi-icon_64/000540_status_network_transmit_receive_1803290c60c6.png","qoi-icon_64","64","64","4096","1803290c60c677bc9fc24d929e09d55892a46ef8fc5a6902d7ee8d00aff91656"
"qoi-icon_64/000541_status_network_transmit_65e7f47cd4a8.png","qoi-icon_64","64","64","4096","65e7f47cd4a89740c58d140b4d51c9cb24621f607bae1314919e1dc0dd0e19e8"
"qoi-icon_64/000542_status_network_wireless_encrypted_e7f818599920.png","qoi-icon_64","64","64","4096","e7f818599920f1432b61aa97a7a323f603c8a5e9230128fc28911b0e5c110dde"
"qoi-icon_64/000543_status_printer_error_f9bb52cc5322.png","qoi-icon_64","64","64","4096","f9bb52cc5322d3938c617065bceb39b17fc0a01bb5965d1f25558aaf7e884446"
"qoi-icon_64/000544_status_software_update_available_d74d4806f2c6.png","qoi-icon_64","64","64","4096","d74d4806f2c657f3b43b1b2da1b5f3ea700b5e8d76dd1e95d7742b677251a8f6"
"qoi-icon_64/000545_status_software_update_urgent_fb0ed50fca12.png","qoi-icon_64","64","64","4096","fb0ed50fca126f0ab3c24ccc659e7c14f669505be9250c821d796051c9e5d698"
"qoi-icon_64/000546_status_user_trash_full_4ceb0e4bd2e7.png","qoi-icon_64","64","64","4096","4ceb0e4bd2e7cbe07fbf76eac06e2bf48fd937436b1a2f95ffcaffc8ee2f5926"
"qoi-icon_64/000547_status_weather_clear_night_582e05ba4485.png","qoi-icon_64","64","64","4096","582e05ba4485eb9617010618f27f7bbc9704a99621f8b520e36bc31434d32d7f"
"qoi-icon_64/000548_status_weather_clear_17fea40e879f.png","qoi-icon_64","64","64","4096","17fea40e879f75ee61ca560005f254355c21bec743715f4860ed67b61abc7115"
"qoi-icon_64/000549_status_weather_few_clouds_night_c3b9c4c5fdbe.png","qoi-icon_64","64","64","4096","c3b9c4c5fdbebc0f5ac82e65f9688b15a58795728f270cb7b193ac8d73d17e19"
"qoi-icon_64/000550_status_weather_few_clouds_4eeeeaa139aa.png","qoi-icon_64","64","64","4096","4eeeeaa139aa620682f017a319dd89e624eab097305bf58687cc259f29926585"
"qoi-icon_64/000551_status_weather_overcast_fb7cbacbf090.png","qoi-icon_64","64","64","4096","fb7cbacbf09010c4ba6fee9d630eaf8bb154bdf75dc368e67d484c93ff0ef20d"
"qoi-icon_64/000552_status_weather_severe_alert_c42a4a11d8da.png","qoi-icon_64","64","64","4096","c42a4a11d8da8e3a6c1f7bc669b2f1d93cdc7e2fe4b09a468674b29e7f89eaeb"
"qoi-icon_64/000553_status_weather_showers_scattered_fe90f7754ca3.png","qoi-icon_64","64","64","4096","fe90f7754ca36870c680c98b4ef74b4c77ac3bc62be0293e551f573d6f392e9a"
"qoi-icon_64/000554_status_weather_showers_28783ea8883d.png","qoi-icon_64","64","64","4096","28783ea8883d25836b91550b0050479c3de446152d9ed88dc068f15fccce2a17"
"qoi-icon_64/000555_status_weather_snow_2a3a86184e43.png","qoi-icon_64","64","64","4096","2a3a86184e4380ddf55b4f041e8d70463ebabacea1ba34b5186d238435d1b90c"
"qoi-icon_64/000556_status_weather_storm_206cf33a1618.png","qoi-icon_64","64","64","4096","206cf33a1618dfbdd3c9dc07e4cf543e1133de899e818e0acdbdc4d0d6d7bbea"
"qoi-photo_kodak/000557_kodim01_1f185fc6a3cb.png","qoi-photo_kodak","768","512","393216","1f185fc6a3cb570324a53b49ab1cee645af40f27ce261b3e9a8605ab8f01998f"
"qoi-photo_kodak/000558_kodim02_23c739b12aa6.png","qoi-photo_kodak","768","512","393216","23c739b12aa617c766149aaff7eb878f789aefb4de8ee4ca845893927d8a79ce"
"qoi-photo_kodak/000559_kodim03_423ec8c591d9.png","qoi-photo_kodak","768","512","393216","423ec8c591d98448452ed46ca435dd3f57ed3d8b3aa095af2c5406970d0ad2f0"
"qoi-photo_kodak/000560_kodim04_fd92ad5eb5f5.png","qoi-photo_kodak","512","768","393216","fd92ad5eb5f507d1caf6696bbb13dff82448a8185978c7d09876e54028cdee5a"
"qoi-photo_kodak/000561_kodim05_61eba1e5a6a6.png","qoi-photo_kodak","768","512","393216","61eba1e5a6a6564422006e982a3ecfcceba979376d8e1a0d92f2115ec35288e2"
"qoi-photo_kodak/000562_kodim06_f1b62964640e.png","qoi-photo_kodak","768","512","393216","f1b62964640ef7346f518c8f5f1f3817dff73a01a066309153f24debe5f2e484"
"qoi-photo_kodak/000563_kodim07_bf0fc495d716.png","qoi-photo_kodak","768","512","393216","bf0fc495d716556542ff83ecfd397b59ade94f5b4133360cddbc17677bd25528"
"qoi-photo_kodak/000564_kodim08_6dc3689568df.png","qoi-photo_kodak","768","512","393216","6dc3689568df28a9f0cb35c246f645635fbf7cf2b66442fadd0cffb871af04f7"
"qoi-photo_kodak/000565_kodim09_7269b887f18f.png","qoi-photo_kodak","512","768","393216","7269b887f18f3a5e0affb422f1fff05367034803a64a8758914d2a0fd458bed9"
"qoi-photo_kodak/000566_kodim10_587b39768db0.png","qoi-photo_kodak","512","768","393216","587b39768db0a6c415854fd155bb4a43a3965a0a45ef9f3806d2ee65884e6548"
"qoi-photo_kodak/000567_kodim11_a90a980b9fbb.png","qoi-photo_kodak","768","512","393216","a90a980b9fbb1206a36ae5bec5bd0534ef4605df2b60cccec0b0d05f0e982896"
"qoi-photo_kodak/000568_kodim12_5c9bc586ee33.png","qoi-photo_kodak","768","512","393216","5c9bc586ee3385862812db0ae5519e9e55b447672f7584075ba130dd7af234c4"
"qoi-photo_kodak/000569_kodim13_f7a6f8d67966.png","qoi-photo_kodak","768","512","393216","f7a6f8d6796687f61061a82408f18139525e72919c02e5f518d9a317e174aa22"
"qoi-photo_kodak/000570_kodim14_4a74239e0ca4.png","qoi-photo_kodak","768","512","393216","4a74239e0ca4c1c7596be3deb072b9d313f5873b17b734582e9c7608b4a164c6"
"qoi-photo_kodak/000571_kodim15_e939607e7cb0.png","qoi-photo_kodak","768","512","393216","e939607e7cb06ed24452e8aa3a3b6843094390e3fab3e7285419cfad4faa2fc5"
"qoi-photo_kodak/000572_kodim16_d6e35def5469.png","qoi-photo_kodak","768","512","393216","d6e35def546922ae9224d76759f21dfdd99033cd041ed1fb96ae9050889859c1"
"qoi-photo_kodak/000573_kodim17_a22922568c2d.png","qoi-photo_kodak","512","768","393216","a22922568c2d31031dc4f50a03150a452a37cfbd0f229c04cabcb92d14fcdb98"
"qoi-photo_kodak/000574_kodim18_8d3b5800a2ba.png","qoi-photo_kodak","512","768","393216","8d3b5800a2bab7d42b6e663b7465d35a0bbfa92d759e4c1a296ed46a8962b7b7"
"qoi-photo_kodak/000575_kodim19_a42aa7b5a453.png","qoi-photo_kodak","512","768","393216","a42aa7b5a453db46969e9d1b76b587d92d5773a9207f35397b001b03efc77297"
"qoi-photo_kodak/000576_kodim20_95fdc46cfa9b.png","qoi-photo_kodak","768","512","393216","95fdc46cfa9b57845ebb43fd55c193c8f3e8a10a597b45c297447611c4fc0a99"
"qoi-photo_kodak/000577_kodim21_ef2d5b290926.png","qoi-photo_kodak","768","512","393216","ef2d5b290926f2d1bcd53b7a057919875f8d4cca99c56036095e74485933f1b1"
"qoi-photo_kodak/000578_kodim22_073c8d4ce340.png","qoi-photo_kodak","768","512","393216","073c8d4ce340f29b933ae40c88b240696d88f2989fc1e4e7a38a93850e34bf2c"
"qoi-photo_kodak/000579_kodim23_8699d0a739d5.png","qoi-photo_kodak","768","512","393216","8699d0a739d513dad5e3ac17827bda3a82ff8b45ec0675bf3526a4fdd783b85a"
"qoi-photo_kodak/000580_kodim24_7a4854f994aa.png","qoi-photo_kodak","768","512","393216","7a4854f994aaa00f125d30f36fd0e11879483c9141a240e0f5585d6415a3313b"
"qoi-photo_tecnick/000581_RGB_OR_1200x1200_001_615a2c2cf3fb.png","qoi-photo_tecnick","1200","1200","1440000","615a2c2cf3fb0d02b6a06a5bc38b6c9363533f572196aad82e38170912b52495"
"qoi-photo_tecnick/000582_RGB_OR_1200x1200_002_43056b1ad44c.png","qoi-photo_tecnick","1200","1200","1440000","43056b1ad44cf01327901ba2554e0a2f397823721172cbbe5325fec8f84b9b41"
"qoi-photo_tecnick/000583_RGB_OR_1200x1200_003_aed56608b7ce.png","qoi-photo_tecnick","1200","1200","1440000","aed56608b7ce01b8a44e33d7c8733d2a68e06a6f0c353f98bca451f9ae7abc9e"
"qoi-photo_tecnick/000584_RGB_OR_1200x1200_004_c4ba2fbe1e05.png","qoi-photo_tecnick","1200","1200","1440000","c4ba2fbe1e05c427a9012fb0df80f6016e13bde3f855d480850e804be8238de4"
"qoi-photo_tecnick/000585_RGB_OR_1200x1200_005_2f8c1924bc2c.png","qoi-photo_tecnick","1200","1200","1440000","2f8c1924bc2cedcf9531b4c32c7e2dde96b6bf92d071b6fd8aa3ee0248bf2ca8"
"qoi-photo_tecnick/000586_RGB_OR_1200x1200_006_ca8b9cfd52c8.png","qoi-photo_tecnick","1200","1200","1440000","ca8b9cfd52c804a195ccbf783fb5f06f22a66111e796fd998905a59f7917182c"
"qoi-photo_tecnick/000587_RGB_OR_1200x1200_007_e825caf8926e.png","qoi-photo_tecnick","1200","1200","1440000","e825caf8926ef0838ca92e996c9119619668b1a020a869da05c2d1233f2d91eb"
"qoi-photo_tecnick/000588_RGB_OR_1200x1200_008_76d253c6de34.png","qoi-photo_tecnick","1200","1200","1440000","76d253c6de342702ceba623dc06894af3dc97ba5630112aab9e64b41cd3fb089"
"qoi-photo_tecnick/000589_RGB_OR_1200x1200_009_456c566ca3cd.png","qoi-photo_tecnick","1200","1200","1440000","456c566ca3cd8421a1e79d14bebe151e22ee9536f0f0b80edf702df5e976cd1e"
"qoi-photo_tecnick/000590_RGB_OR_1200x1200_010_7483f3cc1c1e.png","qoi-photo_tecnick","1200","1200","1440000","7483f3cc1c1e38440bfe8c13e193b4e5bb44ddfd04ee1a47e096c826edacca20"
"qoi-photo_tecnick/000591_RGB_OR_1200x1200_011_f5936983902f.png","qoi-photo_tecnick","1200","1200","1440000","f5936983902fa9718abc000f9328f6ab662c098893ab799fd42b5ceb05fd522f"
"qoi-photo_tecnick/000592_RGB_OR_1200x1200_012_633f3220d639.png","qoi-photo_tecnick","1200","1200","1440000","633f3220d63916c170a50d8cc5b8b7cd9d398bba428c964e3c28455131ec4464"
"qoi-photo_tecnick/000593_RGB_OR_1200x1200_013_66a599260126.png","qoi-photo_tecnick","1200","1200","1440000","66a59926012610f5b361d1f68e406ee7da8761955111a6714662f31efcff599e"
"qoi-photo_tecnick/000594_RGB_OR_1200x1200_014_38016db58b68.png","qoi-photo_tecnick","1200","1200","1440000","38016db58b68562ea27e43102178796e8f4a9c1165c4aaeb52a7dd071baa38e8"
"qoi-photo_tecnick/000595_RGB_OR_1200x1200_015_1de63c2ae557.png","qoi-photo_tecnick","1200","1200","1440000","1de63c2ae557f56a835c29c7eb0ea6de2196ccf164c991c5ccf30d63ef32a484"
"qoi-photo_tecnick/000596_RGB_OR_1200x1200_016_f8728348324f.png","qoi-photo_tecnick","1200","1200","1440000","f8728348324f8224f2c31587a044b514c3379e1c07af4e1c0070bbeaa3d0ef30"
"qoi-photo_tecnick/000597_RGB_OR_1200x1200_017_ccde7bc1467a.png","qoi-photo_tecnick","1200","1200","1440000","ccde7bc1467a45ea1c2a354a0528990193ea3f2c5007872abe10e400b180ff44"
"qoi-photo_tecnick/000598_RGB_OR_1200x1200_018_0ebe3dc26e3e.png","qoi-photo_tecnick","1200","1200","1440000","0ebe3dc26e3e22d72738cbd5382229ede9a70a0b5fb1d865643f0900b63050ed"
"qoi-photo_tecnick/000599_RGB_OR_1200x1200_019_d7c585584084.png","qoi-photo_tecnick","1200","1200","1440000","d7c585584084cb8e37aa36b907b8d22ca7fe0b372ecb1852eef22a6295b8bc62"
"qoi-photo_tecnick/000600_RGB_OR_1200x1200_020_09f245590457.png","qoi-photo_tecnick","1200","1200","1440000","09f24559045793a49acaf2fbbc2787b27d84d0533ca0b4e79e6d10b9ba5e4431"
"qoi-photo_tecnick/000601_RGB_OR_1200x1200_021_4e8a647f1e12.png","qoi-photo_tecnick","1200","1200","1440000","4e8a647f1e121ca7cf2564a6f01bd86508922b4bc7d17cfb54246cd9c5b83b42"
"qoi-photo_tecnick/000602_RGB_OR_1200x1200_022_ea59812c6b1b.png","qoi-photo_tecnick","1200","1200","1440000","ea59812c6b1b27ebf17f53b1411ad187d018d07b1580366223550c566acc2d09"
"qoi-photo_tecnick/000603_RGB_OR_1200x1200_023_5b5e069b0e9f.png","qoi-photo_tecnick","1200","1200","1440000","5b5e069b0e9f1ca0621b836433dd59ed0b092a0fa1bae0d2379dcaed2981838c"
"qoi-photo_tecnick/000604_RGB_OR_1200x1200_024_02707a900ae7.png","qoi-photo_tecnick","1200","1200","1440000","02707a900ae7e46b89f139affd8b86888794c4cacb0d869433d31e7106793769"
"qoi-photo_tecnick/000605_RGB_OR_1200x1200_025_8867a7e444d7.png","qoi-photo_tecnick","1200","1200","1440000","8867a7e444d7bf8f8fd248185903c1775ea21d8712625e5f38601da2af209004"
"qoi-photo_tecnick/000606_RGB_OR_1200x1200_026_6a561936b201.png","qoi-photo_tecnick","1200","1200","1440000","6a561936b201fc29f1075282e3c1247c8b0616f1045364b5fd6f3e28059e1aa0"
"qoi-photo_tecnick/000607_RGB_OR_1200x1200_027_5aad70509889.png","qoi-photo_tecnick","1200","1200","1440000","5aad705098893d54f23cbdf2da8ab43e19854231ea62050f176ef831d59bd572"
"qoi-photo_tecnick/000608_RGB_OR_1200x1200_028_917c33cba66f.png","qoi-photo_tecnick","1200","1200","1440000","917c33cba66fbd287bcffbbab24db23231e028ce81aa0f5bfc2aac42d879834e"
"qoi-photo_tecnick/000609_RGB_OR_1200x1200_029_6b9147510853.png","qoi-photo_tecnick","1200","1200","1440000","6b91475108533f63a2c709ab90da0ca194a19e480c0a7f5a006018322a9cd0d3"
"qoi-photo_tecnick/000610_RGB_OR_1200x1200_030_2419c2d8ffc1.png","qoi-photo_tecnick","1200","1200","1440000","2419c2d8ffc15da774eda9f3856a65f0c1e936966b92463b202e902ab0c6a2d5"
"qoi-photo_tecnick/000611_RGB_OR_1200x1200_031_146405173b62.png","qoi-photo_tecnick","1200","1200","1440000","146405173b620cfd016477695046b21747cde24dbd95c828fe811bdc275519d8"
"qoi-photo_tecnick/000612_RGB_OR_1200x1200_032_e924aea0d3ae.png","qoi-photo_tecnick","1200","1200","1440000","e924aea0d3ae3931971e5a4bee9d53384ae11d2926df499f4995f47cf6128434"
"qoi-photo_tecnick/000613_RGB_OR_1200x1200_033_a7d6582a29c2.png","qoi-photo_tecnick","1200","1200","1440000","a7d6582a29c29877cffd51a994c904c70ebf7d70793c9ebd06d4739e1dd3c359"
"qoi-photo_tecnick/000614_RGB_OR_1200x1200_034_5cfd0b0f9ba9.png","qoi-photo_tecnick","1200","1200","1440000","5cfd0b0f9ba9d969e9a8611a01637d59a85bd23fb31ed180f0a5e7218b2be1f5"
"qoi-photo_tecnick/000615_RGB_OR_1200x1200_035_764eec22d5d6.png","qoi-photo_tecnick","1200","1200","1440000","764eec22d5d613789b19cf2a7eb53fff9f34a42516cb72408ddb719bca24a56f"
"qoi-photo_tecnick/000616_RGB_OR_1200x1200_036_e72688fc043b.png","qoi-photo_tecnick","1200","1200","1440000","e72688fc043be3ca0234e5eb1f6efa5ace9c72c35a7ef0f28b48cfabb1cfc991"
"qoi-photo_tecnick/000617_RGB_OR_1200x1200_037_ec8d654fbce5.png","qoi-photo_tecnick","1200","1200","1440000","ec8d654fbce56e76d9df8e2e5e4033d4dc6bce4decf821faed532ee4adb4ed18"
"qoi-photo_tecnick/000618_RGB_OR_1200x1200_038_6885bb3201d2.png","qoi-photo_tecnick","1200","1200","1440000","6885bb3201d227f93740499f61ffa6f4250606483aeccbcc0f86fbb2aa0ca126"
"qoi-photo_tecnick/000619_RGB_OR_1200x1200_039_b2f84ed7c188.png","qoi-photo_tecnick","1200","1200","1440000","b2f84ed7c1883713289e25a413a75ed7d622648ef2e49215dbee2440a45484a5"
"qoi-photo_tecnick/000620_RGB_OR_1200x1200_040_5410d957aeba.png","qoi-photo_tecnick","1200","1200","1440000","5410d957aeba8f196e94b8f68f2c43a1f965879ce08b21360bfa6bd414d457fa"
"qoi-photo_tecnick/000621_RGB_OR_1200x1200_041_3d44ea822ddf.png","qoi-photo_tecnick","1200","1200","1440000","3d44ea822ddf4a46e4a2f5ea1d7b5f525f74938defe3e4f51762cc0399826023"
"qoi-photo_tecnick/000622_RGB_OR_1200x1200_042_09298047a1a0.png","qoi-photo_tecnick","1200","1200","1440000","09298047a1a065f3a6e3559b50814a5ce7cc8b69b1f3e300664a6a94b381e81f"
"qoi-photo_tecnick/000623_RGB_OR_1200x1200_043_3a39c540cd5a.png","qoi-photo_tecnick","1200","1200","1440000","3a39c540cd5a679ebb0eb9aedff14072ef8c3e38ecd014aa69d01637517fc321"
"qoi-photo_tecnick/000624_RGB_OR_1200x1200_044_6d5bcfcd1e68.png","qoi-photo_tecnick","1200","1200","1440000","6d5bcfcd1e68be4962d15f71062c51c3a066277ed303b376e7432f2c4636fa8c"
"qoi-photo_tecnick/000625_RGB_OR_1200x1200_045_80b69b791b97.png","qoi-photo_tecnick","1200","1200","1440000","80b69b791b97e3402863b38c5585bbf84ca8da9ce66a4e82d3a76d6a24567f9b"
"qoi-photo_tecnick/000626_RGB_OR_1200x1200_046_21ae214480df.png","qoi-photo_tecnick","1200","1200","1440000","21ae214480df2d7d0b22782f1cce5725719aae2fe6c7c3c6572525168ba35707"
"qoi-photo_tecnick/000627_RGB_OR_1200x1200_047_500489d5db36.png","qoi-photo_tecnick","1200","1200","1440000","500489d5db36bde62573d2f30cfa0bab64cb1b8f3f657339f439853001babff4"
"qoi-photo_tecnick/000628_RGB_OR_1200x1200_048_d305e17662c3.png","qoi-photo_tecnick","1200","1200","1440000","d305e17662c38eefc95104b2beea0caec6dd27ef84b8c85790697ce315699a59"
"qoi-photo_tecnick/000629_RGB_OR_1200x1200_049_8f3252312c27.png","qoi-photo_tecnick","1200","1200","1440000","8f3252312c273c4a4f0e2a76ac102a1eb753567f9eaa777befe0d2fcdf6226d3"
"qoi-photo_tecnick/000630_RGB_OR_1200x1200_050_efd4691cfb6d.png","qoi-photo_tecnick","1200","1200","1440000","efd4691cfb6dcb261e2a9fc28d1b500101e50dccf7cff6dd2db35726d881061f"
"qoi-photo_tecnick/000631_RGB_OR_1200x1200_051_8b0717a86caf.png","qoi-photo_tecnick","1200","1200","1440000","8b0717a86cafac8ac6fc0099932fe9aac9953ddcdb12fd737637ce932b4cfad0"
"qoi-photo_tecnick/000632_RGB_OR_1200x1200_052_6120a8ad0b98.png","qoi-photo_tecnick","1200","1200","1440000","6120a8ad0b988b6dbf47fd9a99c822da600f73a128804a96bb12ceefd48d9cfc"
"qoi-photo_tecnick/000633_RGB_OR_1200x1200_053_f434f367135b.png","qoi-photo_tecnick","1200","1200","1440000","f434f367135b2c3b712264640e90a73d7daf3ce651a7db30d660d7d2a86a68a7"
"qoi-photo_tecnick/000634_RGB_OR_1200x1200_054_8d6ad93232e0.png","qoi-photo_tecnick","1200","1200","1440000","8d6ad93232e0aabe4914a065041fe78f2e4be4b7c6ae65e67d7e305c41f63d03"
"qoi-photo_tecnick/000635_RGB_OR_1200x1200_055_da9d784d7252.png","qoi-photo_tecnick","1200","1200","1440000","da9d784d7252d32514dc2143d74b7fc7dc9000631400008edfcf7156c9ab15ef"
"qoi-photo_tecnick/000636_RGB_OR_1200x1200_056_fbe9470447ee.png","qoi-photo_tecnick","1200","1200","1440000","fbe9470447eefca26ca5287254bc427127bf943c9b567d57755f6959ed74054f"
"qoi-photo_tecnick/000637_RGB_OR_1200x1200_057_50910e0768ef.png","qoi-photo_tecnick","1200","1200","1440000","50910e0768ef4d4d18eb3658c84ae9b11a85c344f872d347e7bdd8e0c277c4d9"
"qoi-photo_tecnick/000638_RGB_OR_1200x1200_058_661942f8e385.png","qoi-photo_tecnick","1200","1200","1440000","661942f8e3853b9bc587bb72fcdcf5bb2de10bd7ba78343f1a1bedeb39f1cf81"
"qoi-photo_tecnick/000639_RGB_OR_1200x1200_059_2f84c515f209.png","qoi-photo_tecnick","1200","1200","1440000","2f84c515f209659ba1f6216e8df914579714bfcbbc2266dea1dc559754c2a478"
"qoi-photo_tecnick/000640_RGB_OR_1200x1200_060_f786e7ed0fde.png","qoi-photo_tecnick","1200","1200","1440000","f786e7ed0fde3657b472c8c3fa7d90a287f61ed133c6d678c2d81e8fc98bde25"
"qoi-photo_tecnick/000641_RGB_OR_1200x1200_061_0baf96469ac0.png","qoi-photo_tecnick","1200","1200","1440000","0baf96469ac030ef281bf6bf90503a9d3067b6f36ab818b9c1d31ff6d2932bdb"
"qoi-photo_tecnick/000642_RGB_OR_1200x1200_062_c9eb605ed436.png","qoi-photo_tecnick","1200","1200","1440000","c9eb605ed436380bc04d5ef36653975db8d336b4b7b4a74d6642d81641467bbf"
"qoi-photo_tecnick/000643_RGB_OR_1200x1200_063_ee5ecca1e860.png","qoi-photo_tecnick","1200","1200","1440000","ee5ecca1e860e9c14850a2da20d6453a449ef46b6d31fe2d6cea272bb1717954"
"qoi-photo_tecnick/000644_RGB_OR_1200x1200_064_c1e9f7d4629f.png","qoi-photo_tecnick","1200","1200","1440000","c1e9f7d4629fa8439fd326b1dde2e97c1a7e3bf77a90fa64055abe4e7a21d004"
"qoi-photo_tecnick/000645_RGB_OR_1200x1200_065_ecbdf8880fa1.png","qoi-photo_tecnick","1200","1200","1440000","ecbdf8880fa1c0ddec473598012a2b0119cbb2206678c59dd9accbc7d9bac497"
"qoi-photo_tecnick/000646_RGB_OR_1200x1200_066_ded0dc547307.png","qoi-photo_tecnick","1200","1200","1440000","ded0dc5473076a8fa7fc026fe6b41481d89dbfef8ed14200fa6f950c7eabf8bd"
"qoi-photo_tecnick/000647_RGB_OR_1200x1200_067_fd18918d70e1.png","qoi-photo_tecnick","1200","1200","1440000","fd18918d70e1a25c48d07474849d02a682b87b609fe2e92ffd733c0b2903fc80"
"qoi-photo_tecnick/000648_RGB_OR_1200x1200_068_e9d00e511654.png","qoi-photo_tecnick","1200","1200","1440000","e9d00e51165416b9b53a23827d221265d7ea0fdef0588902dcec942ae34e770e"
"qoi-photo_tecnick/000649_RGB_OR_1200x1200_069_94760f178aad.png","qoi-photo_tecnick","1200","1200","1440000","94760f178aade801878cb9bef48ddcebad06d934d42dfc933def7dde7a507afb"
"qoi-photo_tecnick/000650_RGB_OR_1200x1200_070_3a9aa75068e2.png","qoi-photo_tecnick","1200","1200","1440000","3a9aa75068e2c1943271964a8e7f03b6d5d2f2c37a4cbfce894dd6ed87837a30"
"qoi-photo_tecnick/000651_RGB_OR_1200x1200_071_f93913929c18.png","qoi-photo_tecnick","1200","1200","1440000","f93913929c1810fd2eef2e8bc1e9cfb853a8b9fdb6362f4a6037450dde94de6d"
"qoi-photo_tecnick/000652_RGB_OR_1200x1200_072_bce7c69cf3c9.png","qoi-photo_tecnick","1200","1200","1440000","bce7c69cf3c956dffd944e03f15df5f167267a364b8a5117986f1a3c42e62e86"
"qoi-photo_tecnick/000653_RGB_OR_1200x1200_073_ea66f17a8724.png","qoi-photo_tecnick","1200","1200","1440000","ea66f17a8724f1ec36e9045a4fdb5339ff72a77498fd1199fc1578c82547ca98"
"qoi-photo_tecnick/000654_RGB_OR_1200x1200_074_0cc7c33941f7.png","qoi-photo_tecnick","1200","1200","1440000","0cc7c33941f78f74396e8dfca63e75f91bfb353c881f650e0ff3ef2efc1fe534"
"qoi-photo_tecnick/000655_RGB_OR_1200x1200_075_7ec28ccc6c68.png","qoi-photo_tecnick","1200","1200","1440000","7ec28ccc6c6860809d0f675a374af43a360598668d6cd0a346f752fbfb379e47"
"qoi-photo_tecnick/000656_RGB_OR_1200x1200_076_b22fd3395484.png","qoi-photo_tecnick","1200","1200","1440000","b22fd339548471843f40db5379bb6b42d8f485eff0860a52bc7857e6a78ee527"
"qoi-photo_tecnick/000657_RGB_OR_1200x1200_077_5a1661caadba.png","qoi-photo_tecnick","1200","1200","1440000","5a1661caadba77eb249f9b302c1592cbb713f604054e4b2c185dd19951011ca4"
"qoi-photo_tecnick/000658_RGB_OR_1200x1200_078_e77aaef61445.png","qoi-photo_tecnick","1200","1200","1440000","e77aaef6144542ec8ec9fcf56dd10b9d24f2c849de277c7b15fc2e160338dbac"
"qoi-photo_tecnick/000659_RGB_OR_1200x1200_079_ea4650e61675.png","qoi-photo_tecnick","1200","1200","1440000","ea4650e6167570c63daf01b05b31435b1578235eb77831d2f6499f0b5ebf2b68"
"qoi-photo_tecnick/000660_RGB_OR_1200x1200_080_434c2a5f886f.png","qoi-photo_tecnick","1200","1200","1440000","434c2a5f886fc5bc000a517261d6fe79ea79689b72a993a6a1fda52e53845016"
"qoi-photo_tecnick/000661_RGB_OR_1200x1200_081_d4b2dc372bfc.png","qoi-photo_tecnick","1200","1200","1440000","d4b2dc372bfc326dff603ef0dfb99bf76554a20effe2c03803efb33719130029"
"qoi-photo_tecnick/000662_RGB_OR_1200x1200_082_e890e3ab8133.png","qoi-photo_tecnick","1200","1200","1440000","e890e3ab8133a9cc7904fab2fdd494f6f6afa9d798ff6e9bc4cb3237bed5dc7a"
"qoi-photo_tecnick/000663_RGB_OR_1200x1200_083_ce854cb0d5de.png","qoi-photo_tecnick","1200","1200","1440000","ce854cb0d5dedc17e3def643ada913c1f527e268994a3b72b7d0bd44e303ad11"
"qoi-photo_tecnick/000664_RGB_OR_1200x1200_084_791f94d44dbe.png","qoi-photo_tecnick","1200","1200","1440000","791f94d44dbefe2ef88208a29b48d0102e6a63216110de44407d0fa6e4b1c257"
"qoi-photo_tecnick/000665_RGB_OR_1200x1200_085_796e11e24670.png","qoi-photo_tecnick","1200","1200","1440000","796e11e2467052eefa5c2bcee4cc2109dbdf6bdce405cb02da1b721e8c7933b6"
"qoi-photo_tecnick/000666_RGB_OR_1200x1200_086_f6fa6fe37b2c.png","qoi-photo_tecnick","1200","1200","1440000","f6fa6fe37b2c02c99fc094bb1f6bb0f6b55ea6b2f0afd4a17d0b8d141f1fa337"
"qoi-photo_tecnick/000667_RGB_OR_1200x1200_087_f7b504c30db8.png","qoi-photo_tecnick","1200","1200","1440000","f7b504c30db81e364af7a50fc23e2c894765ac4f973692ef13b65da165c9f75a"
"qoi-photo_tecnick/000668_RGB_OR_1200x1200_088_58692a4cef27.png","qoi-photo_tecnick","1200","1200","1440000","58692a4cef27f9bd2970274c58a3a52c18c8a7d86a573b9a61ed62f149ec7952"
"qoi-photo_tecnick/000669_RGB_OR_1200x1200_089_27139b69e2d0.png","qoi-photo_tecnick","1200","1200","1440000","27139b69e2d03053a8616ff649a0f1da1195ce24a0b43c843c63f4fa4b7fed41"
"qoi-photo_tecnick/000670_RGB_OR_1200x1200_090_9d257030e5e9.png","qoi-photo_tecnick","1200","1200","1440000","9d257030e5e9a41d07b31bea7b2ab7379df90ff1038a1425a959ee1e03f06d45"
"qoi-photo_tecnick/000671_RGB_OR_1200x1200_091_7992359a880b.png","qoi-photo_tecnick","1200","1200","1440000","7992359a880be1dfa5a848a41261310e8a546760a8b2f07c15a5696c09fcf7aa"
"qoi-photo_tecnick/000672_RGB_OR_1200x1200_092_140c01e6dd79.png","qoi-photo_tecnick","1200","1200","1440000","140c01e6dd79aad131cdf3e527bece12ab5c35c45385fd089bab547daaf1469f"
"qoi-photo_tecnick/000673_RGB_OR_1200x1200_093_a664109de763.png","qoi-photo_tecnick","1200","1200","1440000","a664109de7632146910e58e252e682e6cd6ca5514c819abc6bacc3fd25c7a28e"
"qoi-photo_tecnick/000674_RGB_OR_1200x1200_094_028ff341a508.png","qoi-photo_tecnick","1200","1200","1440000","028ff341a508c3e8d44b13f3c44b12b3e80416669685ee1d4e5d011c1a61efe3"
"qoi-photo_tecnick/000675_RGB_OR_1200x1200_095_8c820fe035d2.png","qoi-photo_tecnick","1200","1200","1440000","8c820fe035d2348e24b3752f49fe11c4e4be16dbe12b3148fce733213ddd5ea0"
"qoi-photo_tecnick/000676_RGB_OR_1200x1200_096_66829b3354bf.png","qoi-photo_tecnick","1200","1200","1440000","66829b3354bf9de67f65d621766b93ee975d75a231023fb6c14189f82c770b35"
"qoi-photo_tecnick/000677_RGB_OR_1200x1200_097_02f27eb64682.png","qoi-photo_tecnick","1200","1200","1440000","02f27eb646822867785f0fa152e66672bba7cadb7bdb2f219b1c0354043cbacb"
"qoi-photo_tecnick/000678_RGB_OR_1200x1200_098_8273acb76ea8.png","qoi-photo_tecnick","1200","1200","1440000","8273acb76ea83f2ff8eae03173f151b616dc91adf6498fbf8f71ce5621ae24db"
"qoi-photo_tecnick/000679_RGB_OR_1200x1200_099_8890aedf0950.png","qoi-photo_tecnick","1200","1200","1440000","8890aedf09504035e54029fd24877f122e6565fada46982c87f2d8f2d198753e"
"qoi-photo_tecnick/000680_RGB_OR_1200x1200_100_68fead1ca796.png","qoi-photo_tecnick","1200","1200","1440000","68fead1ca7961d0f93468d98d42d25081189f6e00ced7a33c9898f66e0eeac6b"
"qoi-photo_wikipedia/000681_001_2478ca290649.png","qoi-photo_wikipedia","1276","850","1084600","2478ca2906495d733c612416b31fbdb1582eef594943f64f247cf7e8593318d9"
"qoi-photo_wikipedia/000682_002_3ad942b22908.png","qoi-photo_wikipedia","1260","806","1015560","3ad942b2290830a840c0c2784bad062ecfebe8def3f6738d235c26ab25ef293b"
"qoi-photo_wikipedia/000683_003_d5b86ff81e1f.png","qoi-photo_wikipedia","1436","730","1048280","d5b86ff81e1fa52d3de0cd5d1182be03eadfed634fc071201f8309c6dece9aa5"
"qoi-photo_wikipedia/000684_004_682cf4a51299.png","qoi-photo_wikipedia","1428","714","1019592","682cf4a51299bf4da49a54d6068583af023d64046222d840ea2d64589f2f6b15"
"qoi-photo_wikipedia/000685_005_9ddb0f8f8dbe.png","qoi-photo_wikipedia","1228","816","1002048","9ddb0f8f8dbe7ac44e491e2444cf9b02520ffc543625831387fae930888f0d2d"
"qoi-photo_wikipedia/000686_006_fab046e90ee8.png","qoi-photo_wikipedia","1404","936","1314144","fab046e90ee873bc77931350e4ed922072d00742d779f2648e4fb424e69d8b1f"
"qoi-photo_wikipedia/000687_007_23ac1fe0d4e4.png","qoi-photo_wikipedia","896","1110","994560","23ac1fe0d4e464a41cd6eb77119842ec177a3bb30f7f742043df46b2bc119ed0"
"qoi-photo_wikipedia/000688_008_edea7053f3ec.png","qoi-photo_wikipedia","1152","858","988416","edea7053f3ec78db5d16afb2e8346d40e0b5afdd564bfb7f9c4ad3dd30fe1225"
"qoi-photo_wikipedia/000689_009_bbd0ce3bc28f.png","qoi-photo_wikipedia","1232","816","1005312","bbd0ce3bc28fa04e0a557b7c28f74cfd8e45fef286ba3550c9254c6250dbc88c"
"qoi-photo_wikipedia/000690_010_a510d16a4d5d.png","qoi-photo_wikipedia","1724","536","924064","a510d16a4d5da11c3634166a4ee8e78a1833d33f42b593a8f7d9597b7ce6c404"
"qoi-photo_wikipedia/000691_011_86e6448969f0.png","qoi-photo_wikipedia","1508","780","1176240","86e6448969f06e2f51ee29b301572c62733b062fa3a62d75ec71bcb7f30a0023"
"qoi-photo_wikipedia/000692_012_b708f45b83b2.png","qoi-photo_wikipedia","1202","804","966408","b708f45b83b287507343c7383434a82f5973c04ef699ba2e022e3538ed2ce77b"
"qoi-photo_wikipedia/000693_013_44d9618de453.png","qoi-photo_wikipedia","1586","752","1192672","44d9618de453c4b9152be7957bd0aaced869ad4c96fe48db5c62d2f4a2a964bf"
"qoi-photo_wikipedia/000694_014_497c551037b4.png","qoi-photo_wikipedia","872","1136","990592","497c551037b4306352e72e72d71d658a5b185294c51f0e82614064ef24a85dfd"
"qoi-photo_wikipedia/000695_015_08e940c57924.png","qoi-photo_wikipedia","900","1100","990000","08e940c57924ec7b7bd63899f655fcb1accbcbfe0f2a531854ef3335f25214e5"
"qoi-photo_wikipedia/000696_016_8acb7f8383f6.png","qoi-photo_wikipedia","1136","818","929248","8acb7f8383f6cd01fd28278a2fa3f86d655cbc6201079d31d895bb2fc8e14eaa"
"qoi-photo_wikipedia/000697_017_63109ebd2ad8.png","qoi-photo_wikipedia","1306","870","1136220","63109ebd2ad8541ed4d9c449ef23edc0dd53c6efe4af0b99b1cf8634b0de634a"
"qoi-photo_wikipedia/000698_018_a69106bc5609.png","qoi-photo_wikipedia","1402","934","1309468","a69106bc560987a65f02ca3ca170b819a7cc9c9ae77866f7a3801b6aacb5ff7a"
"qoi-photo_wikipedia/000699_019_49620979a816.png","qoi-photo_wikipedia","1560","770","1201200","49620979a81602b981c2fe1b9f093114dd3747607c94c78c6acbc7194f7e488a"
"qoi-photo_wikipedia/000700_020_e62254650e32.png","qoi-photo_wikipedia","1296","864","1119744","e62254650e324cc324064ae1527d2604badd5244c810ed00c2fba825f4f9ab49"
"qoi-photo_wikipedia/000701_021_b1eaf96dc38a.png","qoi-photo_wikipedia","1272","994","1264368","b1eaf96dc38a6cffa73e804776b8e1098e7381b79efcfc91c4bd16d8389d07e6"
"qoi-photo_wikipedia/000702_022_8f455b410084.png","qoi-photo_wikipedia","1080","874","943920","8f455b41008465f5b4b7c929f8e7edae9ae2d4f9f65316679db1199f33d295cd"
"qoi-photo_wikipedia/000703_023_a8f36c5887c2.png","qoi-photo_wikipedia","1296","864","1119744","a8f36c5887c2e62b5fc142d3182758f63cd6bf570ce10269106cfed1a3de3854"
"qoi-photo_wikipedia/000704_024_4c22066c0ae2.png","qoi-photo_wikipedia","1038","1072","1112736","4c22066c0ae23a7ff68ac8fbeeef0743d03e6962f83315ec8efc290c73b258bc"
"qoi-photo_wikipedia/000705_025_75257903ae98.png","qoi-photo_wikipedia","1388","926","1285288","75257903ae9805a107716aaeb92b5cb8e248e2edb5ffdbdc3f68ebef1453edd1"
"qoi-photo_wikipedia/000706_026_7af45353b669.png","qoi-photo_wikipedia","1250","832","1040000","7af45353b669d8094792f48f529d23a850f1305bdb90b9c22f0c72969ff3e6eb"
"qoi-photo_wikipedia/000707_027_4d63e9fe092e.png","qoi-photo_wikipedia","960","1164","1117440","4d63e9fe092eb0f6363509d849c8b36ea1851b6c4f2802817399b03820f27f2c"
"qoi-photo_wikipedia/000708_028_dff544b7d9e4.png","qoi-photo_wikipedia","1232","816","1005312","dff544b7d9e41c167ab237a32258db4e0f124a6869a0c96061e01b93405a0fa7"
"qoi-photo_wikipedia/000709_029_19feb63df7a8.png","qoi-photo_wikipedia","864","1296","1119744","19feb63df7a803f96ea586ee09d43db110d5835a5697e3f88525ecabc6fcee40"
"qoi-photo_wikipedia/000710_030_91b563f70732.png","qoi-photo_wikipedia","1036","1240","1284640","91b563f707326f18a664567af71d56c52e924b4cf8a4e15d3ba15e2a35b4e036"
"qoi-photo_wikipedia/000711_031_23574536ee95.png","qoi-photo_wikipedia","1170","882","1031940","23574536ee95ccd5922d93979e38619fad41d6fbb7a54542753a9e5e3d03e6d4"
"qoi-photo_wikipedia/000712_032_67e9946985b4.png","qoi-photo_wikipedia","864","1296","1119744","67e9946985b45139cbefb3c6dcc89b29c12c314997519c60e7a15b3b88a75531"
"qoi-photo_wikipedia/000713_033_2dd9b5b0d087.png","qoi-photo_wikipedia","1440","664","956160","2dd9b5b0d087e3dd71df31e9abbfda2dccb3a1369a8b991082861fa0ca59786c"
"qoi-photo_wikipedia/000714_034_0233868e168f.png","qoi-photo_wikipedia","1256","776","974656","0233868e168ff2af2793b3440a35a5c25db34db9bc288a501da04956adf38e3a"
"qoi-photo_wikipedia/000715_035_b6f90964444e.png","qoi-photo_wikipedia","1202","932","1120264","b6f90964444e1925e10c879ff3cbc0552a32b15b74f111e3bb0fd2b1f13e405f"
"qoi-photo_wikipedia/000716_036_2d9ea434c749.png","qoi-photo_wikipedia","1086","858","931788","2d9ea434c7498aea384c63577d66f4aef68457ae6f83a318d74ac9f36eac14ed"
"qoi-photo_wikipedia/000717_037_87d38e50ae34.png","qoi-photo_wikipedia","1296","864","1119744","87d38e50ae34889ba1a0c518a38d2425f335b70e4383e4dcdf713061bcbb4ffb"
"qoi-photo_wikipedia/000718_038_77ef4726f2f0.png","qoi-photo_wikipedia","1200","800","960000","77ef4726f2f0b439734ef412f92fe61b139c9973f54d2d997e19c4a88e0587d4"
"qoi-photo_wikipedia/000719_039_683c84eeb257.png","qoi-photo_wikipedia","1296","864","1119744","683c84eeb257b6f3a375aae69e368fbd5fc1a487a5a9ac51d2195a7c2e8856cf"
"qoi-photo_wikipedia/000720_040_68474da95f5f.png","qoi-photo_wikipedia","1296","864","1119744","68474da95f5f776f50579e54a15390902bd5c658321bf86a9a289901b47360d1"
"qoi-photo_wikipedia/000721_041_238a879df00c.png","qoi-photo_wikipedia","952","1058","1007216","238a879df00cb2776c98254a412b1c2390784020ae433911e3eca4d6d6219545"
"qoi-photo_wikipedia/000722_042_918de1368685.png","qoi-photo_wikipedia","1300","900","1170000","918de136868503abfcb8abe04d267d137fc9167deed239123f94a56662b35858"
"qoi-photo_wikipedia/000723_043_66d95f7e13a1.png","qoi-photo_wikipedia","1404","936","1314144","66d95f7e13a132331b8c029bdf009314fbf6cf6a0a3194056d87133072fe7849"
"qoi-photo_wikipedia/000724_044_8ddb31e64712.png","qoi-photo_wikipedia","1332","952","1268064","8ddb31e64712402957e987c3fa81a0700d30c6fc32c9edd7dee1123ee3af4549"
"qoi-photo_wikipedia/000725_045_17cfc1bfc6dc.png","qoi-photo_wikipedia","864","1296","1119744","17cfc1bfc6dccb011766db8bb83ed978b185fd4900be9fe14c7fbfe2ee621e6c"
"qoi-photo_wikipedia/000726_046_e5ff60580d8b.png","qoi-photo_wikipedia","1110","832","923520","e5ff60580d8b5b3aca969813e943e271ea7fb1c8b57d89bc95de6d11cbac0576"
"qoi-photo_wikipedia/000727_047_93bb7a4e797d.png","qoi-photo_wikipedia","1204","904","1088416","93bb7a4e797d7a58bcfb39eb0ba9f96d16346eb61913b8845e3f9410d1ac11d4"
"qoi-photo_wikipedia/000728_048_a4c9ec5a00e3.png","qoi-photo_wikipedia","816","1150","938400","a4c9ec5a00e39ef703e9caa9b7480034593a2789bbc6cb07e161645d8890b7cd"
"qoi-photo_wikipedia/000729_049_981dbbf95f54.png","qoi-photo_wikipedia","1070","1080","1155600","981dbbf95f540257f05d47c2e0dfc3fa3bf75201e2a94b993f78063ab8020e5a"
"qoi-pngimg/000730_academy_awards_PNG9_1109dbf64b2a.png","qoi-pngimg","447","1192","532824","1109dbf64b2aa34baf862b6a99a16b42f6f4111c5be759a0ad63b7e1664fa707"
"qoi-pngimg/000731_air_pump_PNG5_5d5b8f8ed547.png","qoi-pngimg","999","772","771228","5d5b8f8ed54712ae2af19bda0cbfaff78a0e252078691f087b89531b87a9dc91"
"qoi-pngimg/000732_american_football_PNG37_b376115d8e30.png","qoi-pngimg","885","1968","1741680","b376115d8e30d4203baa8e7084ba4d7dce555cc6e561bcdea8a4df2c45e6dc4e"
"qoi-pngimg/000733_american_indian_PNG24_c9a45710b740.png","qoi-pngimg","1000","1198","1198000","c9a45710b740766aeb9ed7b06aa8cfc363d5f510eec52ae84a0af01253d60a24"
"qoi-pngimg/000734_anime_girl_PNG22_22c65533c6dc.png","qoi-pngimg","436","576","251136","22c65533c6dc86311b8e6fcb579ae16e4bf1424e9c2a33e2061e1f89c9176cc0"
"qoi-pngimg/000735_aquarius_PNG27_eb88d729d1a5.png","qoi-pngimg","328","511","167608","eb88d729d1a5269506239f86f739ab2bc923c34ca83a36c2ac0bba7b2921d87f"
"qoi-pngimg/000736_arma_PNG36_f2e64a482d45.png","qoi-pngimg","300","300","90000","f2e64a482d45e9a7f4c5587e92ecabf6ebc33f61b81aefd1b682f1b08d4ab4ec"
"qoi-pngimg/000737_armour_PNG42_585538b0e561.png","qoi-pngimg","437","1777","776549","585538b0e561f51ef294b6b3417bdedd00c69927287570c3eb9ec7f3c450fb83"
"qoi-pngimg/000738_bank_PNG6_9650fe704d3e.png","qoi-pngimg","400","400","160000","9650fe704d3ecd46e1d4e65d1c5b33a114446758c574abc94c1ca32977c25dd9"
"qoi-pngimg/000739_beef_PNG59_be8f445d4c28.png","qoi-pngimg","1920","1280","2457600","be8f445d4c282f8211a8afd87c78861bea4b94ff3e69ecbc7e210f2f468b9a7f"
"qoi-pngimg/000740_bell_PNG53465_0b1ece1d8304.png","qoi-pngimg","1635","3000","4905000","0b1ece1d8304d59c790051783854a4db896acb41b908773affa76d9890dd4caf"
"qoi-pngimg/000741_bellflower_PNG12_f29437eea375.png","qoi-pngimg","416","800","332800","f29437eea375b376289ff4d2145c98b8cb4a4bd08ee5c11937f9c2de0ff0da59"
"qoi-pngimg/000742_birds_PNG49_63910b24dba6.png","qoi-pngimg","4000","2444","9776000","63910b24dba6c44da613e5c3127f3f46fa1e0f1cc9e260d8e711aed282e86c86"
"qoi-pngimg/000743_bison_PNG92393_98b7dd0b9b6e.png","qoi-pngimg","640","640","409600","98b7dd0b9b6e6a1345d1f2df3da69975db12b9b490bc7ae92daf83b6e7354e66"
"qoi-pngimg/000744_bone_PNG30_55438de217f0.png","qoi-pngimg","512","512","262144","55438de217f06fc0b5e24bada33353b5eeccad6e77d566533667d5922ea16ed5"
"qoi-pngimg/000745_boots_PNG7802_b5bddd6a3ee4.png","qoi-pngimg","900","900","810000","b5bddd6a3ee4a4bc974c123dd8c0e253bf67161e30ea61b6817f768543cd7548"
"qoi-pngimg/000746_bottle_opener_PNG19_bbabede30965.png","qoi-pngimg","700","700","490000","bbabede30965ebacaff53894410cf459cc21d93d5b1d9a0e32006b429244fef0"
"qoi-pngimg/000747_brain_PNG13_ed79d8e00df4.png","qoi-pngimg","1024","805","824320","ed79d8e00df4eded3f46246923adb1b8a1bce7bec33bf47793a3347a296a5f3b"
"qoi-pngimg/000748_bruce_lee_PNG27_9b5cd5ac7fd7.png","qoi-pngimg","506","719","363814","9b5cd5ac7fd777acdc6feb40c3874fddf271f7627cdb7aaa00b73ab82beaaa8a"
"qoi-pngimg/000749_buddha_PNG53_f78ae49a8133.png","qoi-pngimg","314","384","120576","f78ae49a8133eab2245498aa13dd6e29c0ce997c534e5142c6db0bd01c299051"
"qoi-pngimg/000750_bun_PNG13761_d600e8892629.png","qoi-pngimg","600","466","279600","d600e88926297a21a3daca2d9c60aca4f4593b27797f0e3c789c79d71d1ac7d2"
"qoi-pngimg/000751_cabbage_PNG99102_812d8f334a23.png","qoi-pngimg","3890","2811","10934790","812d8f334a2382180364857e7b610b8ad60c07060653c1ffbde008c434e451b1"
"qoi-pngimg/000752_cacao_PNG27_b7287e9636fa.png","qoi-pngimg","449","450","202050","b7287e9636fab93effa4b5b4d03ba77940cc0c9bc79d0a537746a5bdfd7d2315"
"qoi-pngimg/000753_candle_PNG7268_3ec4a82db85f.png","qoi-pngimg","600","600","360000","3ec4a82db85fe5ceea5a10c58e856f2e96e59020707165ef091436c2db4c20f5"
"qoi-pngimg/000754_canoe_PNG122_8a22a0f3f893.png","qoi-pngimg","2000","2000","4000000","8a22a0f3f8933db67427f5557bca805d10ce428d43269685ac385e47ab9dbc7a"
"qoi-pngimg/000755_carpet_PNG57667_3ed67447b246.png","qoi-pngimg","400","217","86800","3ed67447b2468b3378b359d6c6c6d1099827874f91dd98df12955876ddab59a8"
"qoi-pngimg/000756_cd_dvd_PNG102294_0207c296e33b.png","qoi-pngimg","1521","933","1419093","0207c296e33b996077c93ba1c3b944fb3f7b84e7794889ea93dde0075c13e119"
"qoi-pngimg/000757_checkers_PNG34_ac863d4d6544.png","qoi-pngimg","1024","1024","1048576","ac863d4d654469e17a25364456a3b9ed56e05c004888a6419b46a7e62ad92071"
"qoi-pngimg/000758_chef_PNG37_6a371d1b9a78.png","qoi-pngimg","3200","4809","15388800","6a371d1b9a782815c59f12007f6a25d83de79d20728ae6d7ffe1534405de2745"
"qoi-pngimg/000759_chef_PNG71_da4153923d8f.png","qoi-pngimg","4184","2905","12154520","da4153923d8fa95f6bf766d65d893a4ee7fb345e22bb840626cb04bc7aab58bd"
"qoi-pngimg/000760_chevrolet_PNG46_5cb0c4bff0f2.png","qoi-pngimg","640","480","307200","5cb0c4bff0f22111978f743598b249e3efb3d9891d73ccb993ab5408052b7b69"
"qoi-pngimg/000761_chocolate_cake_PNG37_68da5cedb05f.png","qoi-pngimg","404","600","242400","68da5cedb05faad82ebffb09667b16d9063af4d565bf541b8008bd35b4fe395c"
"qoi-pngimg/000762_christmas_garland_PNG19_f3a29493717a.png","qoi-pngimg","1369","811","1110259","f3a29493717aa7c91e56bb2408ea1a958e7a24d5632ff69116b26839d2ea202e"
"qoi-pngimg/000763_christmas_PNG17253_2c8dd0d5b9d6.png","qoi-pngimg","2138","1305","2790090","2c8dd0d5b9d6b7ab7120999748ef3449e88969b2366da84b4659c3181f9a545b"
"qoi-pngimg/000764_christmas_wreath_PNG1_aeb55990e9f3.png","qoi-pngimg","879","919","807801","aeb55990e9f3e04a54596643baa6673d31c2884d31fe14addd6c018820fb39d8"
"qoi-pngimg/000765_christmas_wreath_PNG57_a3f7c782bd73.png","qoi-pngimg","600","595","357000","a3f7c782bd738e64317b7f72cdb34a323952db3c818a0d79a647dffd0cee244a"
"qoi-pngimg/000766_chupa_chups_PNG17_a9fc5fdfc8cd.png","qoi-pngimg","1024","1024","1048576","a9fc5fdfc8cd534b4dcc5fd4a5fd7b28394b74787e7c22b673ddb1585a70dd06"
"qoi-pngimg/000767_confetti_PNG86980_a4d19feb5269.png","qoi-pngimg","1587","1201","1905987","a4d19feb526955a43d0fd4526798eca064d8679e75b57c9a46fb3e777045100e"
"qoi-pngimg/000768_crab_PNG40_13eeaa1cf532.png","qoi-pngimg","250","250","62500","13eeaa1cf532a434191f6861f9f8e54bd6f7378c501b9441ff52453e8809c8ab"
"qoi-pngimg/000769_cursor_PNG65_b5ce3398460d.png","qoi-pngimg","512","512","262144","b5ce3398460d0cb59dc6d27cf8883afd91cb081d0aad8d7df3107948a3b25527"
"qoi-pngimg/000770_cursor_PNG68_d7479b7dc0c1.png","qoi-pngimg","684","1024","700416","d7479b7dc0c139e0a2feec91ae5be18bdfcdeeca4f96978393652484a03e3079"
"qoi-pngimg/000771_cutlet_PNG51_64d0dba9222c.png","qoi-pngimg","850","554","470900","64d0dba9222cbd1405e1bc2eb7acfdf9df0f1b49d19c70ea772a396c6844050f"
"qoi-pngimg/000772_dachshund_PNG57_0895f38b8adf.png","qoi-pngimg","1024","819","838656","0895f38b8adfebde0cc3d8d24b3c5c43033c3efb817fd4e271bfc9c90849956c"
"qoi-pngimg/000773_dagger_PNG49_f3ec7cc4aba5.png","qoi-pngimg","929","720","668880","f3ec7cc4aba5fcefc8c6033958acf537489f327602090719da998a1a95979d13"
"qoi-pngimg/000774_dagger_PNG8_7151168ced09.png","qoi-pngimg","462","400","184800","7151168ced09d5b7cc09c262ae779f6a6de5eb6d1985f26e09265e0046671989"
"qoi-pngimg/000775_darth_vader_PNG6_bd1f9fcecb01.png","qoi-pngimg","1784","1862","3321808","bd1f9fcecb01830b5c617f2e441433f4ebbf1e3ca2928d96b110ec97a4bb2c14"
"qoi-pngimg/000776_deodorant_PNG38_ec74e17d9a0e.png","qoi-pngimg","1920","1920","3686400","ec74e17d9a0eb6f7e95465e62543bd39db3527092344b08fac04709e23afc98a"
"qoi-pngimg/000777_dna_PNG5_7fc2cf9d2ba0.png","qoi-pngimg","650","863","560950","7fc2cf9d2ba010c1e18c053952d4637023ede2dc7e7392b3d165d57a6730912e"
"qoi-pngimg/000778_dog_PNG23603_0823ec653c09.png","qoi-pngimg","2013","1699","3420087","0823ec653c096adbf98009e0d4c8ab57ee9a860d5c7fb223d9bca95de9591c95"
"qoi-pngimg/000779_donate_PNG42_d8aec996dc88.png","qoi-pngimg","505","226","114130","d8aec996dc88c7d5703604e32706e517c81ab30f1e90d1815e8404f7db2436f4"
"qoi-pngimg/000780_donut_PNG51_0afa66be43ab.png","qoi-pngimg","2088","2046","4272048","0afa66be43ab6878278e209f099873045aecb63b94daf0acddc0112f1a15fc71"
"qoi-pngimg/000781_dreamcatcher_PNG28_aa7b2896b738.png","qoi-pngimg","2635","6000","15810000","aa7b2896b73829106c1a741e0f61009e3971e6cdbbd5e5a93f244fe1b4bea7e2"
"qoi-pngimg/000782_email_PNG28_4bee690b899a.png","qoi-pngimg","1024","1024","1048576","4bee690b899a0e86857beaa8aa79cb506c8b6da513e9f9fdec5efb4935337665"
"qoi-pngimg/000783_face_PNG5655_05f0053da106.png","qoi-pngimg","500","325","162500","05f0053da10621599278c36fa36da24dee04342e89fc069f11fa5f101f593690"
"qoi-pngimg/000784_face_PNG5662_be2afd566542.png","qoi-pngimg","500","325","162500","be2afd56654241371b24f07cd81e7e26abb0f720c986464e1f986f635d97ff1a"
"qoi-pngimg/000785_fairy_PNG112_c802fb699942.png","qoi-pngimg","1358","1995","2709210","c802fb6999420d0a246a6c40da915df3da60adaf123213648c7eaf7150dbeffc"
"qoi-pngimg/000786_fire_truck_PNG41_1e40b5cde7f9.png","qoi-pngimg","3523","1752","6172296","1e40b5cde7f9b3217979b7b1a8d0d69a48ecab627f355e18abcd29af0c8a96a1"
"qoi-pngimg/000787_flags_PNG14682_bd6de79d12bb.png","qoi-pngimg","1200","800","960000","bd6de79d12bb82e42ddc09fe3e673eddf410d4152fddcbf9112c0b9e23776321"
"qoi-pngimg/000788_floral_frame_PNG53_362f9a20b73c.png","qoi-pngimg","1200","840","1008000","362f9a20b73caee21918276827a1b7f547617413bcee167f60663586081903fe"
"qoi-pngimg/000789_football_player_PNG54_dec16cbaf03f.png","qoi-pngimg","750","1271","953250","dec16cbaf03faad2e6fdcb2dea4ff77c33e7d6aae0e07b18418dfbc19c7b1d67"
"qoi-pngimg/000790_france_PNG16_5358a6f9e5d6.png","qoi-pngimg","800","225","180000","5358a6f9e5d60500578b5506bdcf7901b0816e31e508eab15574fe6946475d97"
"qoi-pngimg/000791_gamepad_PNG21_d8f9a8df54d6.png","qoi-pngimg","1000","1000","1000000","d8f9a8df54d610e2db2b2501992043cba5f6610fca01914e88cba6c6ed95b6cf"
"qoi-pngimg/000792_gangster_PNG20_e9498467ff0a.png","qoi-pngimg","684","792","541728","e9498467ff0a664b10f817ac5f34b35a17f5a51175aef25f88fe3761aa09dee9"
"qoi-pngimg/000793_gas_stove_PNG10_b11ebd156d32.png","qoi-pngimg","1200","800","960000","b11ebd156d32b8ad40451de471b68ce918080dd644236129754f656f1ccf900a"
"qoi-pngimg/000794_gift_PNG100250_c722223ea23d.png","qoi-pngimg","600","584","350400","c722223ea23db80f48096a5be71b820f094a231c0e3f64641979ca1db9043968"
"qoi-pngimg/000795_gloves_PNG8323_d35ce8165e77.png","qoi-pngimg","712","1065","758280","d35ce8165e77034993c5c879a587bc0b5aa35e7d35135ce091550f4f44d389b7"
"qoi-pngimg/000796_goblin_PNG1_97e3ed7bb353.png","qoi-pngimg","735","805","591675","97e3ed7bb3530e5ca5080ff1e9b7bbd6eeb4925d815d6c64f1cf5975c0ef57e4"
"qoi-pngimg/000797_gym_equipment_PNG131_ba00ff0afc19.png","qoi-pngimg","500","500","250000","ba00ff0afc19ccec84f3a50fe28e2547ed57237e39241572749b60510e375839"
"qoi-pngimg/000798_gym_equipment_PNG172_0a60966a1d50.png","qoi-pngimg","1282","1290","1653780","0a60966a1d5093dbc7f6b40fb8e628304fc37d8d5736318e45374792aa25e965"
"qoi-pngimg/000799_hairbrush_PNG95_92ff5109beb8.png","qoi-pngimg","800","1200","960000","92ff5109beb81903c38f2078593adf0552b478152dc9ab4307f18eaccdcb75df"
"qoi-pngimg/000800_happy_birthday_PNG56_e95991dfee7a.png","qoi-pngimg","1600","900","1440000","e95991dfee7aa659e74ca38f99e0e9cf1e442c3748051068b792f8dffccb009e"
"qoi-pngimg/000801_heater_PNG47_a4f124575fea.png","qoi-pngimg","1369","759","1039071","a4f124575fea1892a2130c13315efb7897cf1d72d57ac0684779462a0f8bedc0"
"qoi-pngimg/000802_helicopter_PNG80102_5849107af5da.png","qoi-pngimg","1400","933","1306200","5849107af5da30c27eaa9fed1e431eef310ffbeb10428cfbccab7b520671f7a4"
"qoi-pngimg/000803_hitman_PNG17_7a53ac8e387f.png","qoi-pngimg","445","654","291030","7a53ac8e387fdd530723d20247eeaea84cf679fa82e31fbfa0e1a85c7dde6506"
"qoi-pngimg/000804_honey_PNG86301_ee5be7a8e113.png","qoi-pngimg","636","442","281112","ee5be7a8e1139050917ee7ba695276646476bd912f491a43a4a15758372f1b88"
"qoi-pngimg/000805_house_PNG49_7d41724517f6.png","qoi-pngimg","736","291","214176","7d41724517f61a88a9b0d49248a64a69f271f2b0160694116ee5e7108b97d1bc"
"qoi-pngimg/000806_hummer_PNG12197_2b0ee4d71a83.png","qoi-pngimg","1024","534","546816","2b0ee4d71a834619aa8d87cc27aacb32b9d94b6095c7669d465d50523ea17fe1"
"qoi-pngimg/000807_ice_cream_PNG98208_84c2c0eebc32.png","qoi-pngimg","2176","4831","10512256","84c2c0eebc320569ee8f6185db543518ce4853af86cfdea8fe2475c0d08e2f20"
"qoi-pngimg/000808_ice_skates_PNG64_1f7f3be2e105.png","qoi-pngimg","1200","1191","1429200","1f7f3be2e105582d349b835af39c81b75d71455ff251b430ee27147696d8c5df"
"qoi-pngimg/000809_iphone_12_PNG37_0da89b21effe.png","qoi-pngimg","1600","1600","2560000","0da89b21effe85e52e30aed1a3fbc3736cb93abf5e273075c124ca01dc29c43e"
"qoi-pngimg/000810_ipod_PNG15_0bb8dc92b51c.png","qoi-pngimg","512","512","262144","0bb8dc92b51c9cd7e5534fd608843a8b3832840b27f855664dcb6315cbad864a"
"qoi-pngimg/000811_jackal_PNG12_78e227e80edd.png","qoi-pngimg","367","446","163682","78e227e80eddba1b6422ff964b8ce0d281b129449530e46f93552735f9ddf6ff"
"qoi-pngimg/000812_jam_PNG20_62a1f9bdb48a.png","qoi-pngimg","697","800","557600","62a1f9bdb48a957b07195a71975e93ea68fda846eaec7e47fc089a5746663589"
"qoi-pngimg/000813_jam_PNG63_58d87503f3f4.png","qoi-pngimg","290","399","115710","58d87503f3f45f0fc636b32d0a919c12fb8384b2382603d81423f5f145a3673b"
"qoi-pngimg/000814_jam_PNG74_23a0afd57acc.png","qoi-pngimg","2140","2523","5399220","23a0afd57accc5caf374dea489df2678d5ed65916e94c886862679d41af6f6b8"
"qoi-pngimg/000815_jeep_PNG105_d6797f648770.png","qoi-pngimg","1600","1221","1953600","d6797f648770f4f09b441138296dab5a33ffc7fc328d82d8265a899b098647a4"
"qoi-pngimg/000816_jet_fighter_PNG116_4d7115c05447.png","qoi-pngimg","482","400","192800","4d7115c054478fc38cf344e1b1a9965c109afc2fd97c0b8a56991abfec1b13c6"
"qoi-pngimg/000817_jet_fighter_PNG15_bfc018f41106.png","qoi-pngimg","800","800","640000","bfc018f41106b8333f9a799b6ddad05770623e68cb55cd98bcbe775962df176c"
"qoi-pngimg/000818_keychain_PNG54_5aec46d3b357.png","qoi-pngimg","800","800","640000","5aec46d3b357c10a5d806a9d5f5b1fc78f4c206a9a218d61951f1df8b4d7625f"
"qoi-pngimg/000819_klitschko_PNG16_9beb35f3651c.png","qoi-pngimg","180","180","32400","9beb35f3651ce394da1baa6bfbd3cb047d113db6e067768ab759fc451520efa7"
"qoi-pngimg/000820_lamp_PNG3700_e02c2ede118f.png","qoi-pngimg","1469","3171","4658199","e02c2ede118f70cf6167833332beee83aef9957bb06c90a09719ebc70be955bc"
"qoi-pngimg/000821_land_rover_PNG21_61c7fe765f63.png","qoi-pngimg","2048","1360","2785280","61c7fe765f63a002d6f44fedd3812424b8c276cf3966d3af65d695d4c926971b"
"qoi-pngimg/000822_land_rover_PNG51_51b1d623510c.png","qoi-pngimg","1354","761","1030394","51b1d623510cd5e3621d702c4e659f5e77f9a81dbf4af087f4d0091d28631929"
"qoi-pngimg/000823_leash_PNG10_d669712f3947.png","qoi-pngimg","797","777","619269","d669712f39475814e65e6cfeb39ff6b4348fbd1593127127946c09f0fdec1b24"
"qoi-pngimg/000824_leash_PNG136_f94a95957196.png","qoi-pngimg","1006","404","406424","f94a9595719642f68ca6afed7daa14e0aad96dc7140582f0962490696b9488d3"
"qoi-pngimg/000825_leek_PNG54_ab270acef517.png","qoi-pngimg","2007","1593","3197151","ab270acef5173b81b9fe33ce8814d92156bfe0bbb705a55750b4c16235431c3a"
"qoi-pngimg/000826_libra_PNG23_23925d4b4be8.png","qoi-pngimg","600","473","283800","23925d4b4be89bb9847fe9bf5b63aa5d206fde93762a23abf66f393a7efb1685"
"qoi-pngimg/000827_lighter_PNG11167_3aa9e2c63390.png","qoi-pngimg","1796","1543","2771228","3aa9e2c6339014570c3d1c62be1098e1164ac9a6dc99657cbd81dcc8276a441e"
"qoi-pngimg/000828_lightning_PNG48_b4563c5a32e8.png","qoi-pngimg","640","640","409600","b4563c5a32e86cb512907f5276cddf0d1b46dcd8e2f2879c0fb73449e5d65096"
"qoi-pngimg/000829_lollipop_PNG98263_771fbe7df479.png","qoi-pngimg","125","600","75000","771fbe7df479a7ad50d470b7fd4c5bb884ea1bc6091def93ce620bc92f4a441b"
"qoi-pngimg/000830_m_m_PNG65_a33c823a06d6.png","qoi-pngimg","737","1181","870397","a33c823a06d627a92a754113acd891d04f949d83bf4a88efa021f258be5c40fd"
"qoi-pngimg/000831_macaron_PNG35_4dd21a7f86fa.png","qoi-pngimg","380","300","114000","4dd21a7f86fae3d41ceb6539df9533151af1221c1a363c4e4fc66b6cbdc07177"
"qoi-pngimg/000832_macaron_PNG9_0e3b999248c6.png","qoi-pngimg","500","500","250000","0e3b999248c61cec0f7fe37d553d53e12be74554635489cba881d641a357f7df"
"qoi-pngimg/000833_machine_gun_PNG15_4b919d8fcf60.png","qoi-pngimg","800","293","234400","4b919d8fcf60653c54668d75f6b7bfb91a5e8bb6b1d1136e482474fe0617d38f"
"qoi-pngimg/000834_mailbox_PNG63_0982197ae627.png","qoi-pngimg","1467","1437","2108079","0982197ae6270f13125b1804002837f25145d9cb3208ac85288c884a4c24eb63"
"qoi-pngimg/000835_man_PNG6522_7b4757d755a7.png","qoi-pngimg","1465","2290","3354850","7b4757d755a71b369e965ced43b89fad976dd158295d74b76b539a72326f7231"
"qoi-pngimg/000836_measure_tape_PNG69_1137ae8bf418.png","qoi-pngimg","960","674","647040","1137ae8bf4182d16f79231d0d5e382c7d1c9923168dad5a3a77b89c07519a442"
"qoi-pngimg/000837_mechanical_ventilator_PNG13_055c2ce3d88b.png","qoi-pngimg","1588","2420","3842960","055c2ce3d88b8479cc743ed492e2a63cf293405b525214dd9b33300d19c07aaa"
"qoi-pngimg/000838_megaphone_PNG112_36422e28c10a.png","qoi-pngimg","765","1000","765000","36422e28c10afc3a0e4d3326ba6c84e44dfb3e3199bcb3f7aec8d8104cb520f5"
"qoi-pngimg/000839_milk_PNG12713_ccda1cc1ce87.png","qoi-pngimg","2000","160","320000","ccda1cc1ce87c0931ee62c78e9fd73d5573dc2cfa05b274fe321501e3cc88b1c"
"qoi-pngimg/000840_mitsubishi_PNG114_99253429b6b7.png","qoi-pngimg","586","325","190450","99253429b6b720804291f611e054cb748f525a75ad63b06f8430ba38cecc47ef"
"qoi-pngimg/000841_multi_tool_PNG3_0e3ef3a0810d.png","qoi-pngimg","1200","1200","1440000","0e3ef3a0810df548f0b6b7369cb6d93b47906a161dd0d99c1cc0fa206fca38a0"
"qoi-pngimg/000842_nails_PNG50_ba61c8717871.png","qoi-pngimg","412","656","270272","ba61c8717871eb53064dac0a59b7788dc297d4f702dde8c363e3b5a0f5cb9d15"
"qoi-pngimg/000843_new_year_PNG37_9bf4014dc0a0.png","qoi-pngimg","960","647","621120","9bf4014dc0a0a9e6c3f49a1c1a671e1742cbdf1ae900485905bd6099018759a9"
"qoi-pngimg/000844_Number_2_PNG_images_free_download_PNG14940_c3925a748213.png","qoi-pngimg","600","600","360000","c3925a748213ba039058afe93cb83963a35e1612dbb4f4fa17e20cb2930fd00f"
"qoi-pngimg/000845_number8_PNG18700_aa52e570a6d3.png","qoi-pngimg","256","256","65536","aa52e570a6d3a2b129e21f19c4773eae9253ad470ee8eb8edb7fa90bc474d16b"
"qoi-pngimg/000846_palm_tree_PNG93358_f36e0ea548ce.png","qoi-pngimg","316","512","161792","f36e0ea548ce56ba152ca3bf03f67165dd24f658f07afb26f06a722d678af252"
"qoi-pngimg/000847_peacock_PNG22_aa5c7615dfd2.png","qoi-pngimg","276","225","62100","aa5c7615dfd245ffe08ee96bbe212bb14b7d775fa82e2c7d337d578f88496d73"
"qoi-pngimg/000848_phone_hand_PNG32_e599ed490d22.png","qoi-pngimg","1156","1508","1743248","e599ed490d22805228fcddda79f477fb9bc0249c1eb0021ec5e4d650635f10fe"
"qoi-pngimg/000849_phone_PNG48891_26b27e910676.png","qoi-pngimg","2977","1915","5700955","26b27e910676ed67a6825d342083fd97713958184989358202291ce1d4a7ff36"
"qoi-pngimg/000850_pickup_truck_PNG16304_507b7cec22b7.png","qoi-pngimg","2939","984","2891976","507b7cec22b702ed08a632a15302c923be519c4f22dbc8f1ca72b729c82b2af0"
"qoi-pngimg/000851_picture_frame_PNG49_aaa9a87ea7ae.png","qoi-pngimg","600","478","286800","aaa9a87ea7ae3b155b86a6ca03e15fc59250232bc3f5d858da690f1d87f51b23"
"qoi-pngimg/000852_picture_frame_PNG92_397934bb5278.png","qoi-pngimg","600","599","359400","397934bb5278c8aee5c1789b8a753ab66f9477d75e033f468dc999c5866825db"
"qoi-pngimg/000853_pineapple_PNG2750_f84b65739780.png","qoi-pngimg","1768","3475","6143800","f84b657397801cb1c1aa83b796279ff30deb2c839505546302af47fe6fe136a3"
"qoi-pngimg/000854_pistachio_PNG47_809189a7f538.png","qoi-pngimg","700","700","490000","809189a7f5388c0799c006130a5815fe4a4968b6b2c8fd100d0ff20983f25954"
"qoi-pngimg/000855_pizza_PNG44037_d41b9f818e01.png","qoi-pngimg","3600","3562","12823200","d41b9f818e01f03c052c8e8a5ecdde17ca4e613abb0622828de0fa375c917f75"
"qoi-pngimg/000856_pizza_PNG7128_c6d0bfdc2fa9.png","qoi-pngimg","2580","1205","3108900","c6d0bfdc2fa9038ecbd722ff0d1bf230eb6178f45c5ed8f9d05042719587109a"
"qoi-pngimg/000857_pluto_disney_PNG10_820a57248760.png","qoi-pngimg","381","536","204216","820a57248760091a52fed22765c12d77b6944e702dcc22b2e6b57bc13f19633d"
"qoi-pngimg/000858_police_car_PNG12_b87070a7f5ee.png","qoi-pngimg","616","288","177408","b87070a7f5ee59cb1fdc72fe79d9a59b65fbd1713ff499e3e1d425f48a80cf83"
"qoi-pngimg/000859_pork_PNG65_47c94db93a67.png","qoi-pngimg","2500","1823","4557500","47c94db93a6738f3e88dc5c0edce5134cdda14a625fa0692529c130735571801"
"qoi-pngimg/000860_power_socket_PNG19332_436a1f93b38e.png","qoi-pngimg","994","991","985054","436a1f93b38e6be91e9a75061d073d924fddd4e2f77db0cb2b3d7888946804ca"
"qoi-pngimg/000861_praying_hands_PNG10_057a8983ab2c.png","qoi-pngimg","547","984","538248","057a8983ab2c3f94bfca66f0caa3a52851c121b12a71d95c5dc167b1cc3be041"
"qoi-pngimg/000862_pyramid_PNG11_8497b68563bc.png","qoi-pngimg","257","160","41120","8497b68563bc3b6bc4e79f06cd03e504c9650899cafbca80b3d8b1a01bb1b0b6"
"qoi-pngimg/000863_radish_PNG50_501e40ca1c51.png","qoi-pngimg","693","720","498960","501e40ca1c515c5a4ca14f51ffe6dbc67d030a14c76a64b92232c259bb23052d"
"qoi-pngimg/000864_razor_blade_PNG17804_359f1ed06b9e.png","qoi-pngimg","200","200","40000","359f1ed06b9e7adf74f45a98338b7e93abc1f5bafcd86add7917e80c0905f4f1"
"qoi-pngimg/000865_rhino_PNG25_9cbc5242835f.png","qoi-pngimg","1063","557","592091","9cbc5242835fcd38cbdeedab885a6ce01bef9b327b57ae7cb97d85c85ee035b3"
"qoi-pngimg/000866_rubber_duck_PNG17_18786d782709.png","qoi-pngimg","643","720","462960","18786d782709fa7586929658e95e0421269f335a73dacb7c17e52a37f3ede093"
"qoi-pngimg/000867_rubber_stamp_PNG2_d73bba8076a9.png","qoi-pngimg","392","777","304584","d73bba8076a95bcb2ad29ae519e098f01497c5bcbf5871fcb247ceea3c9c4112"
"qoi-pngimg/000868_rubik_cube_PNG1_bbcba27098ef.png","qoi-pngimg","610","646","394060","bbcba27098eff1f229fa93c211cecc861ea310ef5e2f5182c2d7f23d28542334"
"qoi-pngimg/000869_sausage_PNG5198_178531702ca6.png","qoi-pngimg","500","338","169000","178531702ca6b096419d97de39f3435aba65b7f9e26bcb3d01315117f5eacffd"
"qoi-pngimg/000870_scanner_PNG11354_7dac9a8c1288.png","qoi-pngimg","1280","960","1228800","7dac9a8c1288c8bc6d105b9e2430c228c42e2f3eaab54daeabd7760ae41f8715"
"qoi-pngimg/000871_scooter_PNG11292_ac12a2a05b84.png","qoi-pngimg","600","986","591600","ac12a2a05b84d44c9d5f722488846d31770b6e2c80e5f4caa09db2157057350c"
"qoi-pngimg/000872_seashell_PNG29_6842aa025dd0.png","qoi-pngimg","1020","1000","1020000","6842aa025dd0388691f87d48d60300e51cce1f1d9424194ca826b69ccb786f8e"
"qoi-pngimg/000873_silver_PNG17125_04385af0d20a.png","qoi-pngimg","660","642","423720","04385af0d20ab8cec791240a11c0420788e1564d484075a9dba01b766fd7bae9"
"qoi-pngimg/000874_skeleton_PNG42629_6a4c0547124e.png","qoi-pngimg","280","495","138600","6a4c0547124e08e807cb5951138f92e43b95f2f3eb308e69d0c17c1509d33e5c"
"qoi-pngimg/000875_skoda_PNG12334_2fc3474c83ae.png","qoi-pngimg","640","408","261120","2fc3474c83ae5e7851f5fcf9c66a89be58b6bf5cd88b0f00ca0e0cf2d147613e"
"qoi-pngimg/000876_skoda_PNG12336_d99acdf449c7.png","qoi-pngimg","308","220","67760","d99acdf449c7f9a2c7b1b7a14ebd70270f1c4ece96428687de4b9400bd059ac5"
"qoi-pngimg/000877_smartphone_PNG8547_f5b3ee1caf3a.png","qoi-pngimg","750","1082","811500","f5b3ee1caf3adc10ea294fa600714cfa8ebbdb004ccffe23b843d1d953df1d66"
"qoi-pngimg/000878_snapchat_PNG35_89d67b52d48d.png","qoi-pngimg","512","512","262144","89d67b52d48d1fc8ec2676d1a346c8e4cdbcd988ad364005b6a0e8abf4243c19"
"qoi-pngimg/000879_socks_PNG8220_84b956b52b6b.png","qoi-pngimg","330","390","128700","84b956b52b6bd25f052789f17980a1bda50264de52c0ad2dfccd2b627b1ae272"
"qoi-pngimg/000880_sofa_PNG6947_cc7a6f58afee.png","qoi-pngimg","2280","1257","2865960","cc7a6f58afeea96c769ab4b3c9f037a26e119752962a406c0eec24a6f6a4ef60"
"qoi-pngimg/000881_solar_panel_PNG110_8d409c61beaa.png","qoi-pngimg","670","670","448900","8d409c61beaa519addd9b56cbd9a0dada4d466b6002d1b768a0449e88172fec5"
"qoi-pngimg/000882_solar_panel_PNG149_f961dc8a51d1.png","qoi-pngimg","1000","1000","1000000","f961dc8a51d1287c77ae2967992880898869fee073e271526bf70f6adb562ec9"
"qoi-pngimg/000883_sony_playstation_PNG17534_ab3fa9f6ecf6.png","qoi-pngimg","800","480","384000","ab3fa9f6ecf67c198595a2a25ba2bdbd9689843e164393724b01bc77183d324c"
"qoi-pngimg/000884_soybean_PNG7_5f3a243f1d99.png","qoi-pngimg","600","600","360000","5f3a243f1d99293a9acb5e2a177be487b97b2644a5f5cae4deb862f9aa070da8"
"qoi-pngimg/000885_spinach_PNG15_b6be8eb242e5.png","qoi-pngimg","400","378","151200","b6be8eb242e5d17930bbc3a186038d3ef448b66f86f73836e8155237bcabd76c"
"qoi-pngimg/000886_spinner_PNG17_62f59893acae.png","qoi-pngimg","1024","1024","1048576","62f59893acaef4a6d14d20228268ec7f8531b0ed5dd58c5e1ef1b379b1a286c7"
"qoi-pngimg/000887_spinner_PNG51_4f79004ccc5d.png","qoi-pngimg","782","720","563040","4f79004ccc5de812713432c5764eb87ed82e6a8360eca1d84e50864c74a09634"
"qoi-pngimg/000888_stewardess_PNG20_9b73bfba2c59.png","qoi-pngimg","500","500","250000","9b73bfba2c594ecd1bbbd83a9a0f309df65e79e13264cdb0abbfb38088a8e678"
"qoi-pngimg/000889_sticky_note_PNG18888_81648e6d92c9.png","qoi-pngimg","1381","1386","1914066","81648e6d92c9c8376b05b67b9b39bfed1030454ae2ab7bb61bfd1005d5804171"
"qoi-pngimg/000890_street_light_PNG11515_02f4f4be1566.png","qoi-pngimg","900","4056","3650400","02f4f4be1566e45927bcef2304729f5c8aa94243f4e59bd717991133c1b135d7"
"qoi-pngimg/000891_suitcase_PNG10767_ea6ff9031e7a.png","qoi-pngimg","4160","3386","14085760","ea6ff9031e7a91764f93460a017947c2a79bf2d8d0be41bea80ef8168a9ec2e4"
"qoi-pngimg/000892_superman_PNG43_5d1a61a29eb6.png","qoi-pngimg","640","960","614400","5d1a61a29eb6148e911530b27939b08cb8621fdbfdc86e8c90839f95334c6ac2"
"qoi-pngimg/000893_superman_PNG60_78322f3baaa2.png","qoi-pngimg","533","380","202540","78322f3baaa2c663d5ceb8be379dd62935e960df3067538eda512592e55a8728"
"qoi-pngimg/000894_surfing_PNG9717_8c7e1f02efc1.png","qoi-pngimg","682","194","132308","8c7e1f02efc147a262340b9c84189d0545c3f4677a08c7670e1a6fdac56acd8d"
"qoi-pngimg/000895_sushi_PNG9205_fc29f1ef82d5.png","qoi-pngimg","2307","2316","5343012","fc29f1ef82d50782822b017d3ea8007534087f0210276049604713c29e1189c1"
"qoi-pngimg/000896_teddy_bear_PNG88_879ac81aaa4b.png","qoi-pngimg","1200","1173","1407600","879ac81aaa4b9e9645b6873987650cc09bd98809622ac267a0ba8458b7d60421"
"qoi-pngimg/000897_tent_PNG10_3b421b41b247.png","qoi-pngimg","3000","1774","5322000","3b421b41b247c6d39d25269b32a3843169af0f007fc6face0f9ce488cb93a765"
"qoi-pngimg/000898_tequila_PNG96_852762a882a9.png","qoi-pngimg","860","964","829040","852762a882a91592012a0d222a2cb684e0dc9ac34d9d574e3dfa3769c6f9b99e"
"qoi-pngimg/000899_thug_life_PNG15_fc623d7bac1b.png","qoi-pngimg","1000","1000","1000000","fc623d7bac1bb9a62a42f5ebfcdb50c9d020d0ac2afa4803f125a1af7ad12271"
"qoi-pngimg/000900_towel_PNG64_3cbb45d8f24e.png","qoi-pngimg","560","481","269360","3cbb45d8f24e12e3b9e518af9d5356b4eb9986930565b6e7214c17e088c73e0b"
"qoi-pngimg/000901_towel_PNG99_ac78210a62ab.png","qoi-pngimg","2000","1333","2666000","ac78210a62abb2c69bef8d741375a7d10f8d0ea213737ba1f66913f553ba7284"
"qoi-pngimg/000902_transformers_PNG74_9d971a3cb877.png","qoi-pngimg","800","786","628800","9d971a3cb877807b6a8dfb5fc3a907f503e6bf76efe309341f16b5ac90a1dcd1"
"qoi-pngimg/000903_treasure_chest_PNG69_4f16053b1d76.png","qoi-pngimg","500","403","201500","4f16053b1d7695c2a0b2bf7b1f84c767822f92621f4fa55b44b5edbd8d3e0ce4"
"qoi-pngimg/000904_trekking_pole_PNG19_a75d04df4375.png","qoi-pngimg","1200","1200","1440000","a75d04df4375d475881810521387baab507bcd6f160733bac264850b9410dd22"
"qoi-pngimg/000905_tshirt_PNG5454_2cc1720f6ace.png","qoi-pngimg","260","300","78000","2cc1720f6ace54b6ed0f8344da6c80ffe6684fc3d0bda741ce71f17ef664c886"
"qoi-pngimg/000906_vaccine_PNG11_dcfc703ff167.png","qoi-pngimg","350","370","129500","dcfc703ff16766d2fd08ac2873d4a0b7ffa67c92b2a33474801dcb78cdfcb1d9"
"qoi-pngimg/000907_viber_PNG2_547e999254e3.png","qoi-pngimg","512","512","262144","547e999254e3976dd554ebf8e2794ef0faf8053b5b6d09603ce27851cb81aa96"
"qoi-pngimg/000908_vitamins_PNG43_e5249e1d0c0f.png","qoi-pngimg","200","200","40000","e5249e1d0c0f10396cc6f38d6044e03f37099a0150f466732693c2ea0ac3d71e"
"qoi-pngimg/000909_walkie_talkie_PNG18_38c7d9fcfd95.png","qoi-pngimg","1004","1500","1506000","38c7d9fcfd95ed198aa59e49b0193709213e72b9b2b5168b7ee61500399b5da9"
"qoi-pngimg/000910_wedding_cake_PNG19470_8e305f176c79.png","qoi-pngimg","288","331","95328","8e305f176c7997d4672db8b0ba5cc93c1b626c33d986892609c63e78ebb0b4e7"
"qoi-pngimg/000911_wheelchair_PNG82760_4d61d304cfdb.png","qoi-pngimg","2645","3083","8154535","4d61d304cfdbb5c12376603d1e5e5c41e566adc263d831d4ef9a2fb89f465ecd"
"qoi-pngimg/000912_wifi_PNG62328_0ed38bebb3bb.png","qoi-pngimg","512","512","262144","0ed38bebb3bbea22425a51a21cb55d8d2eba912f3c61fa919607c10d023d8dca"
"qoi-pngimg/000913_window_PNG17659_590effbe14e8.png","qoi-pngimg","1948","2398","4671304","590effbe14e8abdb8ab7439d2a1c2ff0ba8285cc1b60a3a878a3d294fc9c00e5"
"qoi-pngimg/000914_window_PNG17682_a6b4a489cf07.png","qoi-pngimg","400","255","102000","a6b4a489cf070782f1b08aaea65cdf882f9d842d7d930d641876259a912d0188"
"qoi-pngimg/000915_wineglass_PNG2911_f78af4721ae9.png","qoi-pngimg","2359","5722","13498198","f78af4721ae95b594c4d015d71bf87a87cddfd0d84d90dda0f0e2228cf38dd99"
"qoi-screenshot_game/000916_20XX_Menu_picture_c3303931a475.png","qoi-screenshot_game","634","406","257404","c3303931a475273338769a8feac24c45f01d2ce9178b96df26db8698111ac3ae"
"qoi-screenshot_game/000917_3dbrick2_08b00686d151.png","qoi-screenshot_game","320","240","76800","08b00686d151011b703dcfee262ff59d6e2c3ac4636154903ebfdf6a0115b6be"
"qoi-screenshot_game/000918_3dcursedlabyrinth_mazegame_cd920e31a6b0.png","qoi-screenshot_game","343","480","164640","cd920e31a6b00c0fa9486d88f3fd8b6270200917802571e141df59c571364e4e"
"qoi-screenshot_game/000919_A_House_in_California_90812da4768f.png","qoi-screenshot_game","1200","637","764400","90812da4768fd4389b2667e64ea33b35663082111e4e4bd6be168ecd34ab148f"
"qoi-screenshot_game/000920_A7xpg_continue_a795701a178e.png","qoi-screenshot_game","640","480","307200","a795701a178eba079e3f1f997206c2f0af7a3633151814f7e2fb3dc491f3b4e8"
"qoi-screenshot_game/000921_Able_builders_intro2_c7868016f20e.png","qoi-screenshot_game","320","240","76800","c7868016f20eed75c0006cbc557751fd91c0f04acecdfbb1b96b66426c3fd771"
"qoi-screenshot_game/000922_Absolver_screenshot_Fight01_ea7248af062a.png","qoi-screenshot_game","1200","675","810000","ea7248af062aebebaaeaf4c278d1c1af6165d3742475ddcab8718de1ba1dbf19"
"qoi-screenshot_game/000923_Absolver_screenshot_Fight02_7267e07a012d.png","qoi-screenshot_game","1200","675","810000","7267e07a012d0f22a1ab2d76815509458b0212126c7f0083c5cbcfdc33f04990"
"qoi-screenshot_game/000924_Absolver_screenshot_Fight03_d6ee6b827583.png","qoi-screenshot_game","1200","675","810000","d6ee6b8275833aa5b50a903e23184ae3bcf02383def21fd786006dd7c38960e5"
"qoi-screenshot_game/000925_Absolver_screenshot_Forest_d9715036c54d.png","qoi-screenshot_game","1200","675","810000","d9715036c54d61bd42f5a3625949edd5341adef722ae61bfd30dc115c3c1f5cb"
"qoi-screenshot_game/000926_Absolver_screenshot_Help_14e730b00b8a.png","qoi-screenshot_game","1200","675","810000","14e730b00b8a02ba9696cf6654c1d481261066cb91527556b31a38477c4d9d5f"
"qoi-screenshot_game/000927_Abyss_scratch_3.0_13cdae49b6e2.png","qoi-screenshot_game","478","358","171124","13cdae49b6e28fc04f2344787b7d1a03fddf83ea7b06554b1c8e7320d8abd3b4"
"qoi-screenshot_game/000928_Actsmudgnome_a95e20fceff5.png","qoi-screenshot_game","888","614","545232","a95e20fceff51af17aadeb2d4d636df1937b132bd799e070c9910ef66534d035"
"qoi-screenshot_game/000929_Actsmudwintinnet_a7b6ec0688ed.png","qoi-screenshot_game","659","420","276780","a7b6ec0688edb1f75cb43a291d7c0f7bbd790322cf04d6552a33df5204df6de3"
"qoi-screenshot_game/000930_ADR1FT_gameplay_screenshot_97d9b80fb896.png","qoi-screenshot_game","1111","625","694375","97d9b80fb896c12f4ab04ac3bfc6250af7f28a30e48ef294d63fcf250a482cba"
"qoi-screenshot_game/000931_Agar.io_gameplay_8c3196d53433.png","qoi-screenshot_game","960","624","599040","8c3196d534338b4a57b2e07431e1fe5df7367704abac7544c5ca5b08dc055432"
"qoi-screenshot_game/000932_Agar.io_gameplay1_0afd5ec927aa.png","qoi-screenshot_game","960","624","599040","0afd5ec927aaf4a6a31ee534a823457cfc457df3facb5da63beae89425433e7c"
"qoi-screenshot_game/000933_Ai_dungeon_with_a_custom_setting_8f1dc4d29692.png","qoi-screenshot_game","1200","678","813600","8f1dc4d29692507bb60bf22858df63c8f591e4d58cc4982ccd4e90e4e1385786"
"qoi-screenshot_game/000934_Air_Raid__1979_game__Screen_d753b88cf816.png","qoi-screenshot_game","525","390","204750","d753b88cf81611e8629f8c3ce05d6f3cd20c4cf70f46531b7810d4cc7ef3c43f"
"qoi-screenshot_game/000935_Alchemistpic_16b87fc5526e.png","qoi-screenshot_game","1000","518","518000","16b87fc5526e65035693520b82b0e9217223375ab7f64585f1951b08bf6420d5"
"qoi-screenshot_game/000936_Alto_27s_Adventure_screenshot___A03_Sunrise_b33a7b7d4efc.png","qoi-screenshot_game","1200","675","810000","b33a7b7d4efc96cd6f4b6d3327c43ed1c22d1d8d37fc79979af59e3256bb8c3e"
"qoi-screenshot_game/000937_Alto_27s_Adventure_screenshot___A04_Ice_c9152edc3d1e.png","qoi-screenshot_game","1200","675","810000","c9152edc3d1e511937af3900a4a1bda07303d4a40baa63fc92a96fd698c7b62a"
"qoi-screenshot_game/000938_Alto_27s_Adventure_screenshot___A05_Night_e95cf64a4b0c.png","qoi-screenshot_game","1200","675","810000","e95cf64a4b0ccb0097c2e136329314c8d8bd1dd50bf27a73adab9f4be0689f86"
"qoi-screenshot_game/000939_Alto_27s_Adventure_screenshot___A06_Forest_5e55a06cb6cf.png","qoi-screenshot_game","1200","675","810000","5e55a06cb6cf5925f21899e011a80e5dfd0cb80e1592b42ac496d63151d7af99"
"qoi-screenshot_game/000940_Alto_27s_Adventure_screenshot___A07_Ruins_d43676d18b90.png","qoi-screenshot_game","1200","675","810000","d43676d18b90b06538276aeaf14b9f899ac7f254ebaf0780020bc7bdb705d4a3"
"qoi-screenshot_game/000941_Alto_27s_Adventure_screenshot___B00_Kicker_0f67ce56da57.png","qoi-screenshot_game","1200","675","810000","0f67ce56da577551ddb299161ac61b7297fda7c923c780089b03c294fa1c75ed"
"qoi-screenshot_game/000942_Alto_27s_Adventure_screenshot___B01_Roof_2385a52fc2ef.png","qoi-screenshot_game","1200","675","810000","2385a52fc2efe58f535ac37d54e0e463852ae907f8724c3ea1d45384a3dfe9d9"
"qoi-screenshot_game/000943_Alto_27s_Adventure_screenshot___B02_Village_17c30ee020d5.png","qoi-screenshot_game","1200","675","810000","17c30ee020d53420db33a292cd44be15ec7b94da4b1a82bea7ce9204b2a5f2e5"
"qoi-screenshot_game/000944_Alto_27s_Adventure_screenshot___B03_Spine_2fef6097830a.png","qoi-screenshot_game","1200","675","810000","2fef6097830a485a36b018ce1a83bc0f87e4a6cbb30f3377e0d0ecc6b770f4de"
"qoi-screenshot_game/000945_Alto_27s_Adventure_screenshot___B04_Quarter_Pipe_5e24b072e711.png","qoi-screenshot_game","1200","675","810000","5e24b072e7113c6b16153d09d259214a370498c226cfd068328f8e3daa9d5800"
"qoi-screenshot_game/000946_Alto_27s_Adventure_screenshot___B05_Grind_Hop_36413c854448.png","qoi-screenshot_game","1200","675","810000","36413c854448dfe7b7d8fcda4dd13d71e2004d812c4760fe224f0d649876c50c"
"qoi-screenshot_game/000947_Alto_27s_Adventure_screenshot___B06_Camp_bf04063f8960.png","qoi-screenshot_game","1200","675","810000","bf04063f8960794ac241ded3a138d6e06228a1f7e23a25a4bec15d0ce3623b72"
"qoi-screenshot_game/000948_Alto_27s_Adventure_screenshot___B07_Island_eda5ecc764bc.png","qoi-screenshot_game","1200","675","810000","eda5ecc764bc6d8b9929e81c32c5c57d6d5bd4113e25b30a72d470ded708efb6"
"qoi-screenshot_game/000949_Alto_27s_Adventure_screenshot___B08_Forest_Dawn_134471bc1ed9.png","qoi-screenshot_game","1200","675","810000","134471bc1ed9aa81de187c92163bc4d3ae416bfcb2ef40eff926f9070bbe6c80"
"qoi-screenshot_game/000950_Alto_27s_Adventure_screenshot___B09_Roof_Rain_9b1be5ce1704.png","qoi-screenshot_game","1200","675","810000","9b1be5ce17042bc3a9a7dc8e30a9a302c13bb7dc6c532bffb003160eb446135d"
"qoi-screenshot_game/000951_Alto_27s_Adventure_screenshot___B10_Coins_592afc3f773e.png","qoi-screenshot_game","1200","675","810000","592afc3f773eeea8456ab218aede76e1dde7c2aecffaadc72fdde424e369e1b9"
"qoi-screenshot_game/000952_Alto_27s_Adventure_screenshot___B11_Volcano_75db53fb64fe.png","qoi-screenshot_game","1200","675","810000","75db53fb64fe8d540af8d87ca9c81771ffce24db7838aa2f1dabbe9ec0a02dc1"
"qoi-screenshot_game/000953_Alto_27s_Adventure_screenshot___B13_Wingsuit_c31740363fd3.png","qoi-screenshot_game","1200","675","810000","c31740363fd332d7c8d1821be08b87757d8dcf2dd00df124a39511465504b712"
"qoi-screenshot_game/000954_Ambient_lights_cube_engine_49f3f2a34b41.png","qoi-screenshot_game","1200","1800","2160000","49f3f2a34b419285a84e8444fa8633fedf1b1b4ba2cd4c7c67146e9335fb9ea6"
"qoi-screenshot_game/000955_American_Sammy_Corp_6218c7b9fca9.png","qoi-screenshot_game","160","161","25760","6218c7b9fca966cec76b0991b71435713872b9496e61d01c87edaabd01340f03"
"qoi-screenshot_game/000956_Amulets__26_armor__03_9238061220dc.png","qoi-screenshot_game","640","400","256000","9238061220dcf3229099e96b0c22174f441e725e5068a3edd663ba64ad96c5e0"
"qoi-screenshot_game/000957_Ankh_Grim_6799d3caed88.png","qoi-screenshot_game","837","467","390879","6799d3caed88bf083e7e0c6a6832fecdf38ea00576d8313f2246e1a48a201873"
"qoi-screenshot_game/000958_Antimage_fe06d3af48c5.png","qoi-screenshot_game","1018","528","537504","fe06d3af48c5a111be37cbfe21014a7096f13dc21de3f284d917879c3d57cc91"
"qoi-screenshot_game/000959_AssaultCube_screenshot_799601034349.png","qoi-screenshot_game","1200","709","850800","799601034349fa7d36c62d9759967b99b8fc101e83267a4f195cc7e1af3920f8"
"qoi-screenshot_game/000960_Atlantik_f3bf8e16096d.png","qoi-screenshot_game","1024","721","738304","f3bf8e16096d71b7d215167f6f6ce6eca62cbdc7e757e52c957f7d53caba6ca4"
"qoi-screenshot_game/000961_Ayner_e4868ae21374.png","qoi-screenshot_game","931","522","485982","e4868ae213740ac8c4fa054c316c0242bb6530638f275113a571fcd14240bfa5"
"qoi-screenshot_game/000962_B.A.L.L.Z_92eec9d7ba5c.png","qoi-screenshot_game","648","511","331128","92eec9d7ba5c7ca26b4e90544b1710d36b05f5b15c409913af5bf9242556b774"
"qoi-screenshot_game/000963_Ballerburg_781d761f4103.png","qoi-screenshot_game","400","250","100000","781d761f4103c024632c19a8f767594795d1a27a9f070db3dbecaf8ddd0b3f26"
"qoi-screenshot_game/000964_BananaDash2_dc5dddd3a904.png","qoi-screenshot_game","575","375","215625","dc5dddd3a90429217e608c0996de1b6138137517b8836d0ba01e8e6e2fd0074d"
"qoi-screenshot_game/000965_Bankai_8a49b9f336ed.png","qoi-screenshot_game","791","711","562401","8a49b9f336edd367d7fc62997cdb76e73f5b3a1bc4cb571a5b3f3c36c884b5e8"
"qoi-screenshot_game/000966_Battalen_screen_db3edeb9fcee.png","qoi-screenshot_game","200","244","48800","db3edeb9fcee50c104b2e7fa6541df0040b945461672954e67d25a88a5ee0d33"
"qoi-screenshot_game/000967_Battle_for_Mandicor_0.0.5_256819e27559.png","qoi-screenshot_game","1024","768","786432","256819e275591417fb23af6120a484d59b6e29983bb6253239d3a394d45cb9cc"
"qoi-screenshot_game/000968_Battle_for_the_Galaxy_gameplay_6cdec01fc4bf.png","qoi-screenshot_game","400","300","120000","6cdec01fc4bff82d8f075d13f667585c9cc7041d5f3b10cef037085edd7f95be"
"qoi-screenshot_game/000969_BeamWars_298e0aa3ab7b.png","qoi-screenshot_game","300","215","64500","298e0aa3ab7b6099d86399354c8e389b0acc26a928d757988a5f3abdbd09d0e6"
"qoi-screenshot_game/000970_Behaviour_Tree_b8a126daeee3.png","qoi-screenshot_game","1200","675","810000","b8a126daeee3140060905ae8320fdfb6cf069fd0e12c258a5f98ad36655556eb"
"qoi-screenshot_game/000971_Benkid77_CNPD_bd97ca3f335d.png","qoi-screenshot_game","320","240","76800","bd97ca3f335d74640c8674001020baac78bb75dfbe1c81448fb6187a8e4c2d7d"
"qoi-screenshot_game/000972_Benkid77_GoldenEgg_ce3b80a538ea.png","qoi-screenshot_game","320","240","76800","ce3b80a538ea42198e3626afd40e5d089d78931a8c9ea0f2652a41e61c1552d1"
"qoi-screenshot_game/000973_Benkid77_SpaceWhale_7e9edf4d6839.png","qoi-screenshot_game","320","240","76800","7e9edf4d68390435c1da38083a527de77fda7f146498ec49fd4b91334cf30358"
"qoi-screenshot_game/000974_Bethewumpus_screenshot_b9b86a746451.png","qoi-screenshot_game","622","676","420472","b9b86a746451ecd3b3f5c6c3f788c8bbbbefb8cd39ba68870986cb2462f7934c"
"qoi-screenshot_game/000975_BFM_screenshot01_a4b9dceebdba.png","qoi-screenshot_game","1024","768","786432","a4b9dceebdba16f96b3b7eb3312af958bb2d77c8966e0545cf9da271422825fc"
"qoi-screenshot_game/000976_Biniax2_screenshot_97e6c6c0bad2.png","qoi-screenshot_game","600","450","270000","97e6c6c0bad246ffb223bf282a91adfaffe986063ada870227303bd50dba256c"
"qoi-screenshot_game/000977_BioRust_Screenshot_01_854daedb7c7b.png","qoi-screenshot_game","1200","675","810000","854daedb7c7b8b53d8eeab8757003057cf2f7e2d0d0d4f8c18c5e86e8bde0267"
"qoi-screenshot_game/000978_BioRust_Screenshot_02_3754e6a32455.png","qoi-screenshot_game","1200","675","810000","3754e6a32455e8a4df14e19fd8c91082ee673f5fc5a665e4630a81e8ccd0fdc0"
"qoi-screenshot_game/000979_BioRust_Screenshot_03_710ecc9444f1.png","qoi-screenshot_game","1200","675","810000","710ecc9444f130c60569d4e74077ba556e2b67980277740c551fb4f700c421fe"
"qoi-screenshot_game/000980_Blackwood_Crossing_announcement_screenshot_01_790f350ce4a3.png","qoi-screenshot_game","1200","675","810000","790f350ce4a3603fd7c7a9c10057cf4c945165b778684958d4ba0ee8249fec2e"
"qoi-screenshot_game/000981_Blackwood_Crossing_announcement_screenshot_02_6c4a88acacd5.png","qoi-screenshot_game","1200","675","810000","6c4a88acacd51f596997f461c41f71d49a6e4854e3f0c49a7fec80836153b82e"
"qoi-screenshot_game/000982_Blackwood_Crossing_announcement_screenshot_03_bcd23a240f3f.png","qoi-screenshot_game","1200","675","810000","bcd23a240f3f493d97b50e33f9a27bebec8b138ceca5d9186f05649350e30834"
"qoi-screenshot_game/000983_Blackwood_Crossing_announcement_screenshot_04_9cb5aca43981.png","qoi-screenshot_game","1200","675","810000","9cb5aca43981c6f53cc0128bdb780d0ed37073ac562d95694e89e6da2e3210fa"
"qoi-screenshot_game/000984_Blackwood_Crossing_announcement_screenshot_05_9d4cd00cce41.png","qoi-screenshot_game","1200","675","810000","9d4cd00cce41be750c953d42bc3eff47447d97d4581fba5c1dca10e17373a1a1"
"qoi-screenshot_game/000985_Blackwood_Crossing_announcement_screenshot_06_199e0f2cc258.png","qoi-screenshot_game","1200","675","810000","199e0f2cc2584d1ef45dbb9c9e29165cca28adf1bdad2dde5452eb0d5138e50f"
"qoi-screenshot_game/000986_Blackwood_Crossing_August_reveal_screenshot_01_Finn_bec196897366.png","qoi-screenshot_game","1200","675","810000","bec196897366160eef9b2ac1fadbdb5d301b2bc120ebd9d6a5362bfb5ee3f364"
"qoi-screenshot_game/000987_Blackwood_Crossing_August_reveal_screenshot_02_Train_4f63470a5f21.png","qoi-screenshot_game","1200","675","810000","4f63470a5f218d30963ec6f52abd9f05133ff5f26a76f1e33d91c1fd2df7caff"
"qoi-screenshot_game/000988_Blackwood_Crossing_August_reveal_screenshot_03_Treehouse_97da9cb289d2.png","qoi-screenshot_game","1200","675","810000","97da9cb289d27aefb202c36aa7f751c51e814b61370576aa6a01d3f33a4b5412"
"qoi-screenshot_game/000989_Blackwood_Crossing_August_reveal_screenshot_04_Planetarium_4d09bb4dc958.png","qoi-screenshot_game","1200","675","810000","4d09bb4dc95813dfad982647427e90079f331767472fbcf5c8af5422ba3d5f8c"
"qoi-screenshot_game/000990_Blackwood_Crossing_August_reveal_screenshot_05_Island_5d33590adaae.png","qoi-screenshot_game","1200","675","810000","5d33590adaae742d6e0388d20bcd781df5128a6aec0689314473db4750fa61eb"
"qoi-screenshot_game/000991_Blackwood_Crossing_August_reveal_screenshot_06_Island_f7b8ba71113a.png","qoi-screenshot_game","1200","675","810000","f7b8ba71113adface08d30ed147ee2dadc5f374be6957efc6888be1348cd0e17"
"qoi-screenshot_game/000992_Blek___Level_2_screenshot_a472ab8fb097.png","qoi-screenshot_game","1104","778","858912","a472ab8fb09795f62b2842d4ced86c8650a3379ef2a51d703a238c48b1124dd1"
"qoi-screenshot_game/000993_Blek___Level_3_screenshot_22979ea85c6b.png","qoi-screenshot_game","1104","778","858912","22979ea85c6b3f9e47604568f2bb5fea0dbabd8597142729296da66cfa9f2f4a"
"qoi-screenshot_game/000994_Blek___Level_4_screenshot_6d0888432b7c.png","qoi-screenshot_game","1104","778","858912","6d0888432b7c707bbd93cbf15319bf5286f41f18422a9dd543a4e929a3fc2469"
"qoi-screenshot_game/000995_Blek___Level_5_screenshot_f9e3eaace19f.png","qoi-screenshot_game","1104","778","858912","f9e3eaace19ffe2fbe97dab3cb36e9eaa8665ab85635ff97c7044ee63cb994e3"
"qoi-screenshot_game/000996_Blek_screenshot_collection_2_245a21e953c8.png","qoi-screenshot_game","1200","899","1078800","245a21e953c863d16fa9e0c198334b79d9735bd677cc7499e3dd88148cd71b87"
"qoi-screenshot_game/000997_Blek_screenshot_collection_3_cb3a00f63bfd.png","qoi-screenshot_game","1200","899","1078800","cb3a00f63bfddf22d4d8adfd51685c59c6eefcb559c2893d247be78ebdf213c9"
"qoi-screenshot_game/000998_Blek_screenshot_collection_4_40a3b86a4110.png","qoi-screenshot_game","1200","897","1076400","40a3b86a411022a5000af327919da2d14255b2858daeca6e593eca6d443f3f46"
"qoi-screenshot_game/000999_Blobby_volley_2_alpha_6_a5ba8182b1f6.png","qoi-screenshot_game","797","599","477403","a5ba8182b1f6d6687bdbb064592bf85b618958a13cdc34479f9fc097f2ec009d"
"qoi-screenshot_game/001000_Blocks_on_ice_gameplay_1_8f3c870ebe68.png","qoi-screenshot_game","320","480","153600","8f3c870ebe68c0b81e2e34929f5979eaff59c9ef6d708078cd196ebd767dab01"
"qoi-screenshot_game/001001_BOSscreen_9f835a63cbca.png","qoi-screenshot_game","800","600","480000","9f835a63cbcac78e4981eea67af63477bd6feeb547caa6d5cd7ab582ee1eb81a"
"qoi-screenshot_game/001002_Bradley_Trainer_screenshot_c040dccf59fd.png","qoi-screenshot_game","640","480","307200","c040dccf59fde030763befa44904abbdbc81aebd51bb12a0d8653ce4699d66c3"
"qoi-screenshot_game/001003_Briquolo_02b8045b7138.png","qoi-screenshot_game","1024","768","786432","02b8045b7138ce240639894b9dc7abdb5ff9277cf237f4b906d2463831a537cd"
"qoi-screenshot_game/001004_Broforce_blade_vs_truck_6161ff0e0b71.png","qoi-screenshot_game","1200","675","810000","6161ff0e0b716ac9dad1a8ead2468c7d3ad2a6854d416320205899b2c72961d1"
"qoi-screenshot_game/001005_Broforce_boss_destructing_039e9547bcc5.png","qoi-screenshot_game","1200","675","810000","039e9547bcc5dd77c6fbf6f6457f569775e2708b7f5d9bd38352bb30e5ea15a7"
"qoi-screenshot_game/001006_Broforce_boss_fight_aacdc92479ec.png","qoi-screenshot_game","1200","675","810000","aacdc92479ec924792072312ae2eafc38ac864bae298453ad9cde144f7438bdc"
"qoi-screenshot_game/001007_Broforce_boss_rocket_dc4924096349.png","qoi-screenshot_game","1200","675","810000","dc4924096349b51423566a8627c3435010759ccd0597d82e59b1d400ad8bd7a8"
"qoi-screenshot_game/001008_Broforce_explosion_90180ac845df.png","qoi-screenshot_game","1200","675","810000","90180ac845df38b31e3c1c811b9dafc6b48e3ae01af40a3ecba94e8be0aea48d"
"qoi-screenshot_game/001009_Broforce_four_players_3b6597e37a03.png","qoi-screenshot_game","1200","675","810000","3b6597e37a03cc74fadbd86168e04a7295915ce1c524e2cda576752115e8c607"
"qoi-screenshot_game/001010_Broforce_landmine_2735baa2849b.png","qoi-screenshot_game","1200","675","810000","2735baa2849b8559eb49326421b1de26a9a102bafdc5ab11a4cc487b1680ec1b"
"qoi-screenshot_game/001011_Broforce_miniboss_b21de3365834.png","qoi-screenshot_game","1200","675","810000","b21de3365834de4f9e63050934a9bbb3888c0874dac752f88238a9bd6695b411"
"qoi-screenshot_game/001012_Broforce_mooks_in_air_20a4e35bb79b.png","qoi-screenshot_game","1200","675","810000","20a4e35bb79bd48294853b5784a69a00bb553c80b16cd6d37048ee1dc7a86470"
"qoi-screenshot_game/001013_Broforce_on_the_helicopter_7531480776de.png","qoi-screenshot_game","1200","675","810000","7531480776de4b1b220767b08f86289cca3469c5a60e635834f27b57f4796767"
"qoi-screenshot_game/001014_Broforce_parachute_mooks_3af8b9846ed8.png","qoi-screenshot_game","1200","675","810000","3af8b9846ed8e34d376e0d7fe0b30c0aee756d19bcc833afc0b4e1c7eb3d6008"
"qoi-screenshot_game/001015_C4_Solids_Demo_073f85d53dee.png","qoi-screenshot_game","256","224","57344","073f85d53dee6d93f161dfc671f7fab656fd5357af4a069c74e6c362feb727f8"
"qoi-screenshot_game/001016_Cave_Troll_Level_Of_Sintel_The_Game_c696e8444149.png","qoi-screenshot_game","1200","573","687600","c696e8444149199c1235efe4f1cb8b7c93c3011f3123cdee623445eb22d29fca"
"qoi-screenshot_game/001017_Celeste_screenshot_00_0652fb171058.png","qoi-screenshot_game","1200","675","810000","0652fb17105835f933ef361ad5eb9394c3daad37623e12b0244ff35d721028c4"
"qoi-screenshot_game/001018_Celeste_screenshot_01_1d2d442fb586.png","qoi-screenshot_game","1200","675","810000","1d2d442fb586b6dab35db2d717fd8f28b4636bd59ba333955ca5176f6bf4d32f"
"qoi-screenshot_game/001019_Celeste_screenshot_02_c091d12f78ba.png","qoi-screenshot_game","1200","675","810000","c091d12f78bafb915245fe733d9a2ff2d0715234db9a26c495d8519337b08dce"
"qoi-screenshot_game/001020_Celeste_screenshot_03_d21855274e13.png","qoi-screenshot_game","1200","675","810000","d21855274e13cb4a9b1485795e60d8876ef5d0a5089a08eb1b2f6fa677e66775"
"qoi-screenshot_game/001021_Celeste_screenshot_04_258c3a5508d3.png","qoi-screenshot_game","1200","675","810000","258c3a5508d3e5b173d889f263a375a52eae7054066a4d7be766e4a9aa56bd5e"
"qoi-screenshot_game/001022_Celeste_screenshot_05_827296f63893.png","qoi-screenshot_game","1200","675","810000","827296f638934661a0b687a96aed925f062b599c84a3fcd0dc9b82d7e7f02f79"
"qoi-screenshot_game/001023_Celeste_screenshot_06_84d902bc8258.png","qoi-screenshot_game","1200","675","810000","84d902bc825899d2a294b491abd43510794d032c3692b73f96653cf26c531550"
"qoi-screenshot_game/001024_Celeste_screenshot_07_5a2fae73ef1b.png","qoi-screenshot_game","1200","675","810000","5a2fae73ef1b6a0ceac7768a734b692d499a2b834f52b71d4a08ea86043e97dc"
"qoi-screenshot_game/001025_Celeste_screenshot_08_2554441eae47.png","qoi-screenshot_game","1200","675","810000","2554441eae473edc6046ab1f4965192117d8eff9ac14fe9cc2fb20265c01d4d7"
"qoi-screenshot_game/001026_Celeste_screenshot_09_dfdb7382654c.png","qoi-screenshot_game","1200","675","810000","dfdb7382654c5aae95cea50dea987d3a3422dc3a6ac47e76dbe8c6f0838522b1"
"qoi-screenshot_game/001027_Celeste_screenshot_10_bf2ec4ed8af0.png","qoi-screenshot_game","1200","675","810000","bf2ec4ed8af03f4ea96d78f29e94ccc1ffe4f9a87421dbc8fb79e280c136ebf2"
"qoi-screenshot_game/001028_Celeste_screenshot_11_f325491a8d08.png","qoi-screenshot_game","1200","675","810000","f325491a8d08d56a1493bd85f0d971c00794e589a8a81760d088a744db2bcbcc"
"qoi-screenshot_game/001029_Chasing_Aurora_screenshot_07__Wii_U_d4dbc6cfe493.png","qoi-screenshot_game","1200","675","810000","d4dbc6cfe4932cf8430967107e96ffe06e71e37c3f3397decf33e88ed16d5170"
"qoi-screenshot_game/001030_Chasing_Aurora_screenshot_08__Thorn_f0a36efa074e.png","qoi-screenshot_game","1200","675","810000","f0a36efa074e5a6a7f977d052748b38db871663fa8f27dc2a342fc4db90efd9c"
"qoi-screenshot_game/001031_Chasing_Aurora_screenshot_09__Wii_U_083af602e3a8.png","qoi-screenshot_game","1200","675","810000","083af602e3a8fcb4fd915cca069f1ef6842194485f7b1ea0b53f19c61a1de836"
"qoi-screenshot_game/001032_Chasing_Aurora_screenshot_10__Chase_111da65e2d19.png","qoi-screenshot_game","1200","675","810000","111da65e2d19cc8bc1f2e409d7d0fc71e58f7fd8ba84ce7fce3bb84590798c6c"
"qoi-screenshot_game/001033_Chasing_Aurora_screenshot_11__Freeze_8bedc7426349.png","qoi-screenshot_game","1200","675","810000","8bedc742634974db5ac65152bd4dfdfb3b55c44aa838d7d517b8913430df5824"
"qoi-screenshot_game/001034_Chasing_Aurora_screenshot_12__Freeze_48b0ff502572.png","qoi-screenshot_game","1200","675","810000","48b0ff502572faff619507eb6c94304800761c1e51f24dd562519e254362e0de"
"qoi-screenshot_game/001035_Chmatakovonline_0c2455fd1238.png","qoi-screenshot_game","799","589","470611","0c2455fd1238b42989998c0fec2e1ea3098a8af87cfd7bc7029df3387cc0d31b"
"qoi-screenshot_game/001036_Christopher_Strachey_27s_Draughts_Program_e98b00dd4284.png","qoi-screenshot_game","409","404","165236","e98b00dd42841b21a24d5a709a3263e3db257599b74c814344fdfdb76e800ce8"
"qoi-screenshot_game/001037_Cibele_video_game_screenshot_1_22ad129131f4.png","qoi-screenshot_game","1200","675","810000","22ad129131f4c2f47cc2d0f4804304132daa07d037a4971db5d2848b73620eee"
"qoi-screenshot_game/001038_Cibele_video_game_screenshot_2_8ff610da7261.png","qoi-screenshot_game","1200","675","810000","8ff610da7261fc16cf45fb321cc93afe92642b2f4bc76387708d8fc1280f482f"
"qoi-screenshot_game/001039_Cibele_video_game_screenshot_3_d52333f0d429.png","qoi-screenshot_game","1200","651","781200","d52333f0d429184ad6d25f0c366821714453f7e9545fbbc2f702cebdbbc8b92c"
"qoi-screenshot_game/001040_CityBattle_Virtual_Earth_Screenshot1_e1cb363e812f.png","qoi-screenshot_game","1200","669","802800","e1cb363e812fe6402e2f1a72ca2134479353cb778cb5db03801193f88a9157c9"
"qoi-screenshot_game/001041_CityBattle_Virtual_Earth_Screenshot2_6fbfb68b92bb.png","qoi-screenshot_game","1200","675","810000","6fbfb68b92bb77ee74ee3de8f7f7da59ebe7767f1d19509fb97251f203e6fd64"
"qoi-screenshot_game/001042_Clonk_Endeavour_4.9.5.4_deutsch_screen_cdd6d79dadb1.png","qoi-screenshot_game","1120","641","717920","cdd6d79dadb1b3d5a639a20b1c0c22b1fe7a7a1b960b9dee09875ca7e7cc854b"
"qoi-screenshot_game/001043_Close_Castles_screenshot_21a7b3df6095.png","qoi-screenshot_game","1200","676","811200","21a7b3df6095254c5984d37bf48df44a14e9c96afb8013e14ad34bdcfe74adf0"
"qoi-screenshot_game/001044_CompliKATEd_screenshot_1_00b1dc390d7c.png","qoi-screenshot_game","1200","675","810000","00b1dc390d7c856f04dabba546f5363702bd046f955f6de6979222fa4b10255a"
"qoi-screenshot_game/001045_CompliKATEd_screenshot_2_6e32aa2c4d21.png","qoi-screenshot_game","1200","675","810000","6e32aa2c4d21b0bb411504732a67b8190b4cd7aaa2677c51a241895898090c62"
"qoi-screenshot_game/001046_CompliKATEd_screenshot_3_147baf7b39b0.png","qoi-screenshot_game","1200","675","810000","147baf7b39b059f2ab0a5f17e99960c925e74c567017ab69853cda632b2ec902"
"qoi-screenshot_game/001047_CompliKATEd_screenshot_4_93adcb9aaf26.png","qoi-screenshot_game","1200","675","810000","93adcb9aaf26648bc2e110dce7dc6f999f9c6a991e63ed3b1f71674d41744cac"
"qoi-screenshot_game/001048_Contraption_1_1dd817497b68.png","qoi-screenshot_game","1200","675","810000","1dd817497b6831a67275d08a043daef5a800d28b088fe4136bade622bf5a2727"
"qoi-screenshot_game/001049_Contraption_2_106cb240fc15.png","qoi-screenshot_game","1200","675","810000","106cb240fc1525941779dce015393b7c60a92ef8857af95100e5c724395a1c99"
"qoi-screenshot_game/001050_Contraption_3_10fcd79c3f5d.png","qoi-screenshot_game","1200","675","810000","10fcd79c3f5dab1e051ea4579f01777795b5018d6102c34705477e1851468c9c"
"qoi-screenshot_game/001051_Contraption_4_d4313ee4208f.png","qoi-screenshot_game","1200","675","810000","d4313ee4208ff3199c22cec768072fdd7bed88140ccf128796187ac576d877ad"
"qoi-screenshot_game/001052_Contraption_5_a7dddebe36f9.png","qoi-screenshot_game","1200","675","810000","a7dddebe36f97cced6891b27a18211861039c14b677006a92a287f67842f6393"
"qoi-screenshot_game/001053_Contraption_6_91e389aea994.png","qoi-screenshot_game","1200","675","810000","91e389aea9948ad74619ada415f7b89c2f0753cb04d935dcde542678e6c3c485"
"qoi-screenshot_game/001054_Contraption_7_b07595bd7d34.png","qoi-screenshot_game","1200","675","810000","b07595bd7d34154971c9592f08030cba2339781e1defafff8a76d96712efdf98"
"qoi-screenshot_game/001055_Contraption_8_1c1a23ad97f8.png","qoi-screenshot_game","1200","675","810000","1c1a23ad97f88e7069ba3c1f9d8638b06089a2cc92b79fe73406e595cc2f9375"
"qoi-screenshot_game/001056_Contraption_9_bd1e27cabd0c.png","qoi-screenshot_game","1200","675","810000","bd1e27cabd0cb4edc8cf8b5cee887e09a6ec815199a6e00d3e0e17d93f97c30b"
"qoi-screenshot_game/001057_Core_War_PMars_Screenshot_e026b93450a1.png","qoi-screenshot_game","328","228","74784","e026b93450a123ac62c9f59b5e238d646d8ac99b5d83f9135150c2fd756accb4"
"qoi-screenshot_game/001058_Crack_Attack__ingame_75bc05a38435.png","qoi-screenshot_game","689","711","489879","75bc05a3843526c69485b7d4f583a9eb73a8e3adde2ae1cb1c975640ec0ebaa6"
"qoi-screenshot_game/001059_Credits_424a80650ad8.png","qoi-screenshot_game","1200","675","810000","424a80650ad8c7cc45c9b23bd2a045d7f47ff49b299cbc3fb190747eb07fa06e"
"qoi-screenshot_game/001060_Cree_e1747a20248f.png","qoi-screenshot_game","932","523","487436","e1747a20248f3568237d6934709832c336f32a14a8651b0b7cd6fb3b27b05e7b"
"qoi-screenshot_game/001061_CRIM__E6_AD_A6_E5_99_A8NPC_E5_9C_96_15aba4282ff1.png","qoi-screenshot_game","1060","611","647660","15aba4282ff1278d9a7c700bc14b9a3e5532f1cd5241de708f60c057dc900b3c"
"qoi-screenshot_game/001062_CRITICAL_HIT_8c652567a76c.png","qoi-screenshot_game","440","480","211200","8c652567a76c2099abfa0c4e6b041aac5c94813af494ae208825c014b7c5d9e1"
"qoi-screenshot_game/001063_Crusader_Tetra_a2ee3f941b39.png","qoi-screenshot_game","195","146","28470","a2ee3f941b390dc669886776e83d412f69203f84f4f2de7598ea5299fb952990"
"qoi-screenshot_game/001064_CS_Menu_Snatch_0de296078f13.png","qoi-screenshot_game","512","384","196608","0de296078f132eac2a0b8996149ea847c5dd639f5c264e1480d056c475f7a7f2"
"qoi-screenshot_game/001065_Cuyo_8f3b3c380310.png","qoi-screenshot_game","322","664","213808","8f3b3c380310c3b520ab401e12154935755ce21b903fe8d03f75dca47cd6bca4"
"qoi-screenshot_game/001066_Cw0_e5f65a3fbef5.png","qoi-screenshot_game","1023","767","784641","e5f65a3fbef55524b48763f53f85968673872b17c5bcc8ea1cc21c49e7d9f61a"
"qoi-screenshot_game/001067_Cw3_ef8e4a7cc636.png","qoi-screenshot_game","1023","767","784641","ef8e4a7cc63680ebe58561a5e03f9f80300957cfba21a3197d749b1b02cce507"
"qoi-screenshot_game/001068_Cyclops_cover_85dd182a79c4.png","qoi-screenshot_game","1200","675","810000","85dd182a79c43f42c081f0a10c548cc119bc8834fa3d362141d5360922b8d3d3"
"qoi-screenshot_game/001069_Dark_Scavenger_screenshot_1_d67eec253d08.png","qoi-screenshot_game","800","600","480000","d67eec253d0836511192ccc65c0d77e4fc56f1f9f2231b6dd9d96b0904c85f85"
"qoi-screenshot_game/001070_Dark_Scavenger_screenshot_2_b2a6506fb78e.png","qoi-screenshot_game","800","600","480000","b2a6506fb78ede72915b57e6d88726d4f96f271f8d65539e7aa1e4aae363c1f9"
"qoi-screenshot_game/001071_Dark_Scavenger_screenshot_3_6783c249eafd.png","qoi-screenshot_game","800","600","480000","6783c249eafd5a5b9343a084e3d0c56adece1e845c2a38dafb27b3a06caf7fb0"
"qoi-screenshot_game/001072_Dark_Scavenger_screenshot_4_5c8bd7963ec7.png","qoi-screenshot_game","800","600","480000","5c8bd7963ec7a29aad9e06f47781123bad3bf2dc7621a171389b8f7116bff50e"
"qoi-screenshot_game/001073_Dark_Scavenger_screenshot_5_ff5a30891a4c.png","qoi-screenshot_game","800","600","480000","ff5a30891a4cb9dbba14ea45caeef754a077a73918435a5d1be313599074c8fb"
"qoi-screenshot_game/001074_Dark_Scavenger_screenshot_6_4404decf6f46.png","qoi-screenshot_game","800","600","480000","4404decf6f4697f4e1ce2befbf711bb3cee7a53a3ef9984bb017e415573a4c29"
"qoi-screenshot_game/001075_Darkelf___tituln_C3_AD_str_C3_A1nka_07a9483f4da1.png","qoi-screenshot_game","934","860","803240","07a9483f4da13bedcaebf16463a2c24d3bc391410d34f05402f79eea3e3008ae"
"qoi-screenshot_game/001076_Darkelf_ligy_1d1404d989c6.png","qoi-screenshot_game","1200","675","810000","1d1404d989c62962f78223e4c570a94e905f42ad5dbefd2fae1fa2e8737b7af1"
"qoi-screenshot_game/001077_DayZ_767d66f3f723.png","qoi-screenshot_game","701","178","124778","767d66f3f723751b15ce39638498ada6835c2c34276f159d875252d998835abd"
"qoi-screenshot_game/001078_Dcss.0.21.webtiles.Elven_Halls_01cee8db6350.png","qoi-screenshot_game","1200","614","736800","01cee8db63504aafe3646943fac4cadd97aac69f6706cdbac71794c1c63f6f18"
"qoi-screenshot_game/001079_DeSmuME_0.9.11_emulating_Diamond_Trust_of_London_on_macOS_High_Sierra_e747d44a281a.png","qoi-screenshot_game","369","590","217710","e747d44a281a31f4a5b4198f631c7321746d4a36d7d481e4636c5c041bf4905f"
"qoi-screenshot_game/001080_Disim_tutorial_04_2c8a6530f8b6.png","qoi-screenshot_game","696","696","484416","2c8a6530f8b6f99eeb9da4930b4ccdc84b467bdc7fabb767cb77caa12ee9aa75"
"qoi-screenshot_game/001081_Dnd8won_fc797fb6f4e8.png","qoi-screenshot_game","512","512","262144","fc797fb6f4e80e58bc055f9aa1e56f9f4afc5489f8c5a1f0f6dbdc4f24b0f58f"
"qoi-screenshot_game/001082_DOTGv0.31screenshot_fce49284abb6.png","qoi-screenshot_game","640","480","307200","fce49284abb68cb6dac2b4533100447a4a463c21c26dae5a037dfe8bb84bd6f9"
"qoi-screenshot_game/001083_Dr._Langeskov__The_Tiger__and_The_Terribly_Cursed_Emerald_Screenshot_1_7d885486ec1b.png","qoi-screenshot_game","1200","675","810000","7d885486ec1bcd79525020c9b824b2a92cff472570ac3ed4ffd9ef1679761e3c"
"qoi-screenshot_game/001084_Dr._Langeskov__The_Tiger__and_The_Terribly_Cursed_Emerald_Screenshot_2_d26410dd6cad.png","qoi-screenshot_game","1200","675","810000","d26410dd6cadfa833cf5018df8d118fcd6a7e891883bcfc6a2ab1d3ad350d7db"
"qoi-screenshot_game/001085_Dr._Langeskov__The_Tiger__and_The_Terribly_Cursed_Emerald_Screenshot_3_20d48b608b33.png","qoi-screenshot_game","1200","675","810000","20d48b608b33857144bc86174c76106d933d2c04d14def7701275b7bc556c6f4"
"qoi-screenshot_game/001086_Dr._Langeskov__The_Tiger__and_The_Terribly_Cursed_Emerald_Screenshot_4_3650c92e5c99.png","qoi-screenshot_game","1200","675","810000","3650c92e5c9936d39b5054a0af439c42b8516547763a8d55b4ccdc78dce68814"
"qoi-screenshot_game/001087_Dr._Langeskov__The_Tiger__and_The_Terribly_Cursed_Emerald_Screenshot_5_d7b325407821.png","qoi-screenshot_game","1200","675","810000","d7b325407821de313cf1c12555343fbcb27081faf27edaa16056bd05c52f6b62"
"qoi-screenshot_game/001088_Dr._Langeskov__The_Tiger__and_The_Terribly_Cursed_Emerald_Screenshot_6_54a97cb427f5.png","qoi-screenshot_game","1200","675","810000","54a97cb427f5c8c29ec8ee997464471b2f6b5d251ec06e52282e5e249f464074"
"qoi-screenshot_game/001089_DRAGON32_Shock_Trooper_1Titles_2c7855577dd6.png","qoi-screenshot_game","640","480","307200","2c7855577dd61cba78aa323bd42271d80bf5f45f06575d45dd4a06d753b39da2"
"qoi-screenshot_game/001090_Dre_db0a26e7afb8.png","qoi-screenshot_game","320","200","64000","db0a26e7afb87cf2662ead3cd6a7043b39ba4165b1810c1a558de6a15798a14d"
"qoi-screenshot_game/001091_Dre2_ab057ce4032e.png","qoi-screenshot_game","320","200","64000","ab057ce4032e0813d6329ba56561272c570c3d18ae7c1806fa5287ce1cf4eafc"
"qoi-screenshot_game/001092_Dstroy_82610bfc7b90.png","qoi-screenshot_game","512","384","196608","82610bfc7b90afe64d0be66ffdddd9fd73a331793e5cca09434184763ad7e365"
"qoi-screenshot_game/001093_Dungeon_Crawl_Stone_Soup___Musu_32f09bd87025.png","qoi-screenshot_game","1187","802","951974","32f09bd87025e924b282393d3efcc98a94095cf5546d9981621ee13d0d1f3220"
"qoi-screenshot_game/001094_Dungeon_crawl_stone_soup_a21a1a41f996.png","qoi-screenshot_game","800","481","384800","a21a1a41f9966dc0eccb6945745f20335892256225e8346aa19de121501933ec"
"qoi-screenshot_game/001095_DungeonmodeB_46e7b81d8c34.png","qoi-screenshot_game","521","271","141191","46e7b81d8c34bd91e70fee733357b385d3a2de49973f4750fd0e6a932e6a30d7"
"qoi-screenshot_game/001096_Dwarf_Fortress___mapa__C5_9Bwiata__fragment_b4b90a39d8c0.png","qoi-screenshot_game","106","133","14098","b4b90a39d8c0388ad56b2a854b18aae6c988db8fbe37239ae446fe0d85c05493"
"qoi-screenshot_game/001097_Dwarf_Fortress___mapa__C5_9Bwiata_a6147abb1e4b.png","qoi-screenshot_game","264","396","104544","a6147abb1e4b2864aa662f62b9042687f3f545e05a8f19419620b51999eca098"
"qoi-screenshot_game/001098_EB_battle_8476f96145c8.png","qoi-screenshot_game","797","600","478200","8476f96145c83f14ed6a2aa63cdce7abbb591939813522a8f52cf19ec2028c9d"
"qoi-screenshot_game/001099_EmpireOpenSource_windowless_0a7505ab2be8.png","qoi-screenshot_game","560","375","210000","0a7505ab2be8620a2f91ea9819ea2c89620833a1b4d96192d9eeeb7b9325767a"
"qoi-screenshot_game/001100_EmpireOpenSource_57d941155ccf.png","qoi-screenshot_game","579","428","247812","57d941155ccffee474e38c02b5df0a0e35e860f8a34e98e183b2758d1284d35f"
"qoi-screenshot_game/001101_EmpireOriginal_e7651262ba70.png","qoi-screenshot_game","632","400","252800","e7651262ba707819408dae2535d6f8809f3ca44e1042f0e3adea77f4d7fda507"
"qoi-screenshot_game/001102_EnigmaScreenshot_e3008b72ad28.png","qoi-screenshot_game","640","480","307200","e3008b72ad28a3ddf1aa2986d3f4e263cc53295cb45ad021549bc7ae318fd5dd"
"qoi-screenshot_game/001103_Epistory07_4adbc086368c.png","qoi-screenshot_game","1200","675","810000","4adbc086368c4273e0d070c3f861742695cc04fcc20442ccd431e76fa0a931d1"
"qoi-screenshot_game/001104_Euchreshot1_813acea884ca.png","qoi-screenshot_game","320","210","67200","813acea884ca31c8c3a69cc9c203e1a830ee3be7572607dcd270f79950c54baa"
"qoi-screenshot_game/001105_Euchreshot2_1d3061ff41eb.png","qoi-screenshot_game","320","210","67200","1d3061ff41eb4aa237a1a9134fc5e634f7d19c773e4863b596b06325db51a288"
"qoi-screenshot_game/001106_Euchreshot3_42860cdd0168.png","qoi-screenshot_game","320","210","67200","42860cdd016885ce4fad32b5fc64909e60572fcdf7268f3fecc65d143d0575a4"
"qoi-screenshot_game/001107_Eugen_Uskoff_b8f5563fd5ec.png","qoi-screenshot_game","640","276","176640","b8f5563fd5ecf6b4377b277dfa4c55974180661f0fbc81b07ba1be139c87192f"
"qoi-screenshot_game/001108_Evacshelter_b_fca43ba01002.png","qoi-screenshot_game","80","160","12800","fca43ba010028dde5e9add11fa9b5292f98fcdae3c0dfa67552dd2a5746bc214"
"qoi-screenshot_game/001109_Evacshelter_a9ec10e3f153.png","qoi-screenshot_game","129","252","32508","a9ec10e3f153945128a71501d4c64265b18687c5ab7872915220eec1b279602e"
"qoi-screenshot_game/001110_Everything_screenshot_03_9642d5967820.png","qoi-screenshot_game","1200","675","810000","9642d59678205f0a6902b9ae5a816daf3f09b221aadf4d1bed8d97f3a9c22e02"
"qoi-screenshot_game/001111_Everything_screnshot_06_7d8178c41ff3.png","qoi-screenshot_game","1200","675","810000","7d8178c41ff3eb22f5b565e4693fc516617c629a0b252a17f79a15fcc500b804"
"qoi-screenshot_game/001112_Fantastic_Contraption_VR_screenshot_01_1433e569f2ce.png","qoi-screenshot_game","1200","675","810000","1433e569f2cec8583516fe63cf139fb894cb638fc2fdd156a3c5d53e07ea9c52"
"qoi-screenshot_game/001113_Fantastic_Contraption_VR_screenshot_02_96d600de0637.png","qoi-screenshot_game","1200","675","810000","96d600de0637360532ee16c752e9aa6f8b89ca01966523fd65d1ddfa0b0f7d7f"
"qoi-screenshot_game/001114_Fantastic_Contraption_VR_screenshot_03_25fbec395cee.png","qoi-screenshot_game","1200","675","810000","25fbec395ceeacaeca07dfb815adb77469f97da423cc5adeca8476ca79df131b"
"qoi-screenshot_game/001115_Fantastic_Contraption_VR_screenshot_04_3a53947e0a1b.png","qoi-screenshot_game","1200","675","810000","3a53947e0a1bff1b7edaaaf822f785f52855b37a73e60f57144927193058eb2a"
"qoi-screenshot_game/001116_Fantastic_Contraption_VR_screenshot_05_09b4a93e971e.png","qoi-screenshot_game","1200","675","810000","09b4a93e971e6d8fc56aeb6c9c353983350b107b6573200bff062a0739fe1465"
"qoi-screenshot_game/001117_Fantastic_Contraption_VR_screenshot_06_b5a92bebbf7e.png","qoi-screenshot_game","1200","675","810000","b5a92bebbf7e156be17c15700447e8ab31749f50fb0869b6d431baf922f26044"
"qoi-screenshot_game/001118_Finances_UI_Coffee_Noir_0a5030292c50.png","qoi-screenshot_game","1200","675","810000","0a5030292c50af106a7e7c6a862961c26a8456e8560cdb0ed78a8cb06d06b7e6"
"qoi-screenshot_game/001119_Fkiss_e51a436ec855.png","qoi-screenshot_game","642","426","273492","e51a436ec855a1054ad562b9afe992d5ea36624a6a21550700fb024de25e813c"
"qoi-screenshot_game/001120_Flinthook_screenshot___Pax_square_1_7d8895ad9515.png","qoi-screenshot_game","800","800","640000","7d8895ad95153c220a194c1bc5ff9c5fde7a6167df5179447398bd514fcfc400"
"qoi-screenshot_game/001121_Flinthook_screenshot___Pax_square_2_116e0f25e59e.png","qoi-screenshot_game","800","800","640000","116e0f25e59e1b27c3d374124b84e53956058866f6add95cd59050e7c3a0b2e5"
"qoi-screenshot_game/001122_Flinthook_screenshot___Pax_square_3_cef0c24a822b.png","qoi-screenshot_game","800","800","640000","cef0c24a822b0eeb444a21bba8e0505759f4b24010d41f59b39b012dd268992a"
"qoi-screenshot_game/001123_Flinthook_screenshot___Pax_square_4_c02df0164a7c.png","qoi-screenshot_game","800","800","640000","c02df0164a7ce612cdae3099a03d9aafeaaa0632930534f99b29be30259a0dc7"
"qoi-screenshot_game/001124_Flinthook_screenshot___Pax_square_5_78951d996efd.png","qoi-screenshot_game","800","800","640000","78951d996efd14926ff80ec72d6c8a55c132a74c3980116d9adb59d7261c4c20"
"qoi-screenshot_game/001125_Flinthook_screenshot___Pax_start_11a1c503b190.png","qoi-screenshot_game","1200","675","810000","11a1c503b190fbf004d845857da05a5197430f36e70e4d89c5af438a08444ea0"
"qoi-screenshot_game/001126_Flinthook_screenshot___Pax_tutorial_a87e4353c7c7.png","qoi-screenshot_game","1200","675","810000","a87e4353c7c79112bd44354a89b4f7207580106f70035d8ce802af8aa1250abc"
"qoi-screenshot_game/001127_Flinthook_screenshot___Pax_worm_773a7cc832c6.png","qoi-screenshot_game","1200","675","810000","773a7cc832c6cdd383f7c24abcfa722f0099061aba30cee52ff74221642b429d"
"qoi-screenshot_game/001128_Flying_Tigers__Shadows_Over_China_gameplay_screenshot_1_bf364b7c30a0.png","qoi-screenshot_game","1200","675","810000","bf364b7c30a0dc3ea23f41141208b6493298a06f17abd53dbc2f6617285ae21b"
"qoi-screenshot_game/001129_FooBillard_3.0a_on_Linux_sshot20040807_b99c186b652f.png","qoi-screenshot_game","798","599","478002","b99c186b652f8e40415a4ff487c3a8400aba5bfdddd2b95a5054083da95b1c31"
"qoi-screenshot_game/001130_Fragments_of_Him___Presskit_screenshot_1_be066998a360.png","qoi-screenshot_game","1200","675","810000","be066998a3603c2e06ec48983f32bfcce08127612aa1f30d6bb8ebfaab026a76"
"qoi-screenshot_game/001131_Fragments_of_Him___Presskit_screenshot_2_a8c41e8f1c32.png","qoi-screenshot_game","1200","675","810000","a8c41e8f1c321a516aaab691fa52e3a4986cdcdc39b891975f204377b69ce1f8"
"qoi-screenshot_game/001132_Fragments_of_Him___Presskit_screenshot_3_60b680ded480.png","qoi-screenshot_game","1200","675","810000","60b680ded4808a1934e2bf986adde86ee4a23e5c87c4ccdfbb39d4108b6d7d87"
"qoi-screenshot_game/001133_Fragments_of_Him___Presskit_screenshot_4_20096e1a78f5.png","qoi-screenshot_game","1200","675","810000","20096e1a78f509c000398844834c531334e14c407d6a0eae656bc7f45b59cd73"
"qoi-screenshot_game/001134_Fragments_of_Him___Presskit_screenshot_5_719c3c9ab6a0.png","qoi-screenshot_game","1200","675","810000","719c3c9ab6a06df5f8bff020a3920495ac8ce00619114c515161e7ed0779e42e"
"qoi-screenshot_game/001135_Fragments_of_Him___Presskit_screenshot_6_05525751465e.png","qoi-screenshot_game","1200","675","810000","05525751465e3540a8f0ae48227fb07ba7af4957853b1f24a47f7a35e6a33c87"
"qoi-screenshot_game/001136_Fragments_of_Him___Work_In_Progress_screenshot_1_0d134fd301f7.png","qoi-screenshot_game","1200","675","810000","0d134fd301f75f8d404adc4dbea087fdb3197326755996d424d93aa00824e235"
"qoi-screenshot_game/001137_Fragments_of_Him___Work_In_Progress_screenshot_3_2bef7066b1f3.png","qoi-screenshot_game","1200","675","810000","2bef7066b1f310b7c676942c86ece65612cb4fdbe88adca1a86580e850ed60cd"
"qoi-screenshot_game/001138_Fragments_of_Him___Work_In_Progress_screenshot_4_03ff4ccfe571.png","qoi-screenshot_game","1200","675","810000","03ff4ccfe5718b67ec27a3b2b13724387c90d7bb8088f7cecac67223c9b74e82"
"qoi-screenshot_game/001139_Fragments_of_Him___Work_In_Progress_screenshot_5_feb87c93c17f.png","qoi-screenshot_game","1200","675","810000","feb87c93c17f56ef0951c45963841c2df3eabce4126cbde6260c62c7aabd9694"
"qoi-screenshot_game/001140_Fragments_of_Him___Work_In_Progress_screenshot_6_20df717fa9b4.png","qoi-screenshot_game","1200","675","810000","20df717fa9b4738d63a7e80b72fa144e33202b0795a0c7ca96bb4a2ff142a7ee"
"qoi-screenshot_game/001141_Freedom_Planet_Cutscene_4f730155d401.png","qoi-screenshot_game","852","480","408960","4f730155d401beefeb5cf28dd2331f639a5573c1c37f004f473a799432dfb160"
"qoi-screenshot_game/001142_Freedom_Planet_Milla_screenshot_baf1dafd0871.png","qoi-screenshot_game","426","240","102240","baf1dafd0871eed62a12d26721600c09744627d0f9e25759a55711b51916917a"
"qoi-screenshot_game/001143_FreeOrion_production_b493958586e9.png","qoi-screenshot_game","1024","768","786432","b493958586e9ab77bf5b3f74e0a78314fde543222012f1c1dc1885198b6ccf0b"
"qoi-screenshot_game/001144_Frogatto_53f0f0b3263e.png","qoi-screenshot_game","800","600","480000","53f0f0b3263e88e8bf1d2ddc63cc4d6bde511d6074e97e0fc38cd5eb68408a8e"
"qoi-screenshot_game/001145_Frotz_ifiction_12a2f14768cf.png","qoi-screenshot_game","515","554","285310","12a2f14768cf987c193229f15a5b8efab728bb215a454390321e806aa57750b0"
"qoi-screenshot_game/001146_Fullscore5_1_c20960018d71.png","qoi-screenshot_game","378","251","94878","c20960018d7197d132a6296976e3c4d38b6c366f8ee960f766d805fe95e96935"
"qoi-screenshot_game/001147_Galak_Z_screenshot___explosion_centipede_6594ae38404f.png","qoi-screenshot_game","1200","675","810000","6594ae38404f9ec7f6c58ec263047783c36b6f811e3b8e1df5db62708267da7f"
"qoi-screenshot_game/001148_Galak_Z_screenshot___floating_rhino_19703c5351ac.png","qoi-screenshot_game","1200","664","796800","19703c5351ac10726c402c6550e2d57dc1eb7d2331567f13138965ab552b0591"
"qoi-screenshot_game/001149_Galak_Z_screenshot___gz_blue_464f3a3b8cae.png","qoi-screenshot_game","1200","675","810000","464f3a3b8cae9371523785b9c1d67621e7b96e873e6c554738b53ec9e3f256fd"
"qoi-screenshot_game/001150_Galak_Z_screenshot___lost_in_space_bb8c13f86a48.png","qoi-screenshot_game","1200","675","810000","bb8c13f86a4892e067b7c273b72a851956c653f3e8dace667e7b079bc06ec06d"
"qoi-screenshot_game/001151_Galak_Z_screenshot___missile_porn_00478b0222fb.png","qoi-screenshot_game","1200","675","810000","00478b0222fbc4ae6d316a6ecb9574eb91ab89665a137e3539246f3d48b3b3b0"
"qoi-screenshot_game/001152_Galak_Z_screenshot___sentinel_showdown_5848ce29b8d3.png","qoi-screenshot_game","1200","675","810000","5848ce29b8d37cf06e099dad090bbd61c7ad7f351d71c709c1cd119ad9b95770"
"qoi-screenshot_game/001153_Galak_Z_screenshot___whole_gang_a02da6da5950.png","qoi-screenshot_game","1200","675","810000","a02da6da59509ae5ac97cdba81f4d36afef4253cccf3edb356a24e254c9472c3"
"qoi-screenshot_game/001154_Galaxy_Game__1971____Title_screen_ca79ee8ed2d0.png","qoi-screenshot_game","512","512","262144","ca79ee8ed2d00c195d398ca91c47741217a8ddd5397d5f7412eac869c135ff8c"
"qoi-screenshot_game/001155_Game_Cloud_Screenshot_039d5b18a4a9.png","qoi-screenshot_game","680","680","462400","039d5b18a4a9dad9a396d621a0055ca5463f66bfc142d3715cf7de1fa39781fe"
"qoi-screenshot_game/001156_Gang_Garrison_2_8162f0dcdd90.png","qoi-screenshot_game","800","600","480000","8162f0dcdd90959add956869bd5042bd0fb359e5fd93c6d02fd4a3c24f695fed"
"qoi-screenshot_game/001157_Glenn_Wichman_Toxic_ravine_c9ec54543f68.png","qoi-screenshot_game","256","171","43776","c9ec54543f68669e1d42cf99c823ac903b014dec00d5445a5c81cf8dfd6b5b69"
"qoi-screenshot_game/001158_GNU_bg_screenshot_0dca8ac343db.png","qoi-screenshot_game","1200","881","1057200","0dca8ac343dbe78b2e6cd76e3f80b83dadc6e5c26f4281252dfb37b0ece100a3"
"qoi-screenshot_game/001159_Gyg_305661500e4d.png","qoi-screenshot_game","240","216","51840","305661500e4dab6c326a255ba57665ec466d92fde9984756f340e0ec3531c954"
"qoi-screenshot_game/001160_Hackmud_archaic_a0bd664fdeec.png","qoi-screenshot_game","1200","755","906000","a0bd664fdeecef4163a8c717f5df54b3c603552c0cc7fa0b01114ae92cabf4ea"
"qoi-screenshot_game/001161_Hackmud_hacking_2b7a10e21ef7.png","qoi-screenshot_game","1200","756","907200","2b7a10e21ef73fac41ade1f43f402243c2ca2d40b6af5ea8c2d16850543b889a"
"qoi-screenshot_game/001162_Hackmud_patching_d1cedfc3464d.png","qoi-screenshot_game","1200","755","906000","d1cedfc3464dc28184f0b472cd96d58f39b467c10a1e28493ef2557f04ff69b8"
"qoi-screenshot_game/001163_Hanlons_Razor__Hanlon_27s_Razor__HRAZOR_Menu_Screen_44883547f592.png","qoi-screenshot_game","1200","960","1152000","44883547f592b3e42562a42b51a64438ba9fb4cd4ba67986ecaeb5cc2567229d"
"qoi-screenshot_game/001164_HDX_Screenshot_edca3a6f364f.png","qoi-screenshot_game","1200","934","1120800","edca3a6f364fa2a352835082ece7a8bc98d61b77d3a58703c8eef0bc87da06dd"
"qoi-screenshot_game/001165_Heartlight_4c687318988e.png","qoi-screenshot_game","320","200","64000","4c687318988e1ce34e5f0d30df462fce6042248f578632aa92e408810e11e8f7"
"qoi-screenshot_game/001166_Hedgeweap_33b181412040.png","qoi-screenshot_game","240","342","82080","33b1814120405e3614b2824df1763ddc158ec670fb8d9eaf15e42f33bbe22b65"
"qoi-screenshot_game/001167_Hern_C3_AD_okno_Darkelfa_2989d3123257.png","qoi-screenshot_game","1200","675","810000","2989d3123257fad3fcabc5e70605efd2ce7529dcb239c1949835e9c56e9a2ef2"
"qoi-screenshot_game/001168_Htdamg_affinity_cb806cb4b3d9.png","qoi-screenshot_game","533","446","237718","cb806cb4b3d9155e401cc7a03a6fea36473ec731642962c45166cdddac46711a"
"qoi-screenshot_game/001169_Hundreds__video_game____Level_0_910675543b91.png","qoi-screenshot_game","1024","768","786432","910675543b91318756784c90ca26eaf803be68f7aa95ada55c5eefdc1b3e6c45"
"qoi-screenshot_game/001170_Hundreds__video_game____Level_61_96cb8533c43d.png","qoi-screenshot_game","1024","768","786432","96cb8533c43dddc5f0edd0c70515ef4bf200ed218b6f90da30a08b9fd7408d6f"
"qoi-screenshot_game/001171_Hwscreen_591db3e8d53b.png","qoi-screenshot_game","782","584","456688","591db3e8d53be70d864ce5e702b2efd2483d3756a40c70c9e0776bc5bef96332"
"qoi-screenshot_game/001172_Interface_amour_sucre_b3a3fffb11e2.png","qoi-screenshot_game","977","696","679992","b3a3fffb11e226b5149aaac0b71f2256f0a3e2c6210d586e8981d27ae15cf19d"
"qoi-screenshot_game/001173_Interstellar_Force_Lost_in_8_Bit_space__5455466752_074a14f85cfe.png","qoi-screenshot_game","480","320","153600","074a14f85cfe71f33108d6dbca8e572e68bcfd4f2e980e75218318c07e62d205"
"qoi-screenshot_game/001174_Interton_cassette3_screenshot_9a2d3ba7f182.png","qoi-screenshot_game","338","253","85514","9a2d3ba7f182d806aad14c5d5b6182d3782ac3ecd8449453460e0458dc542b53"
"qoi-screenshot_game/001175_Invertika___Desert_71cd58ebe1c9.png","qoi-screenshot_game","800","600","480000","71cd58ebe1c909e295f64e4f356e1d6136f57649eb1932a58f8ba1a2a76176cc"
"qoi-screenshot_game/001176_Invertika___Nex_c104262438e7.png","qoi-screenshot_game","800","600","480000","c104262438e7ab5224e88ef9bcba14781566e951a69e1bb2abf136da90af4d5c"
"qoi-screenshot_game/001177_Jb_snapshot_3_64298b8780fb.png","qoi-screenshot_game","240","320","76800","64298b8780fb92b80e721155a093a07e265c246efd52eddd8e714777cd0af309"
"qoi-screenshot_game/001178_Job_Simulator_screenshot___Auto_01_45694800dc9b.png","qoi-screenshot_game","1200","675","810000","45694800dc9b61d00a6803b59492e5868332295a5f5fd6b534a7e2b5727ec3a5"
"qoi-screenshot_game/001179_Job_Simulator_screenshot___Auto_02_6250e99e48b5.png","qoi-screenshot_game","1200","675","810000","6250e99e48b57bc3916d1cc01041fc1b8d4fa715c806a467037d625f117fa943"
"qoi-screenshot_game/001180_Job_Simulator_screenshot___Constore_01_cd9faf695096.png","qoi-screenshot_game","1200","675","810000","cd9faf695096437b92453d087413c6a1b62f404bc7de4b116bbd691640041186"
"qoi-screenshot_game/001181_Job_Simulator_screenshot___Constore_02_8dafbbb04ff0.png","qoi-screenshot_game","1200","675","810000","8dafbbb04ff0bbb8043ddd1c6318c1c335e7afa3ece51dd1c91a81f346b80afe"
"qoi-screenshot_game/001182_Job_Simulator_screenshot___Fun_01_64d68bf524f5.png","qoi-screenshot_game","1200","675","810000","64d68bf524f5687c932a9a44fe5a9f4480c1d4de3bc0a6a0c2f6ae267169a517"
"qoi-screenshot_game/001183_Job_Simulator_screenshot___Fun_02_1c337c9e4e27.png","qoi-screenshot_game","1200","675","810000","1c337c9e4e2713667fc5cb5a00efceaa443a62451407bc9c0767fb3da02c9cd5"
"qoi-screenshot_game/001184_Job_Simulator_screenshot___Hero_auto_3840401b4f8e.png","qoi-screenshot_game","1200","675","810000","3840401b4f8e20e1565815f65cb5390cdb7abf17eca0f8198406205a40771e4b"
"qoi-screenshot_game/001185_Job_Simulator_screenshot___Hero_convenience_3fe4f9a9effe.png","qoi-screenshot_game","1200","675","810000","3fe4f9a9effe3517354b47062c65078755d8b0406aa921ec71b15abdef40e74e"
"qoi-screenshot_game/001186_Job_Simulator_screenshot___Hero_kitchen_5aec39ea4768.png","qoi-screenshot_game","1200","675","810000","5aec39ea476825f1c265dd410f8060a15d1646cac5c8633736527242af5e69e4"
"qoi-screenshot_game/001187_Job_Simulator_screenshot___Hero_office_ee5101f32a43.png","qoi-screenshot_game","1200","675","810000","ee5101f32a4379047a049dbb0eda8b70bc8c945974a3bb88304ca7179e61199e"
"qoi-screenshot_game/001188_Job_Simulator_screenshot___Kitchen_01_f7de3243c202.png","qoi-screenshot_game","1200","675","810000","f7de3243c202228b207f56b1ec381877153f33f546101faf933e893a73368b6d"
"qoi-screenshot_game/001189_Job_Simulator_screenshot___Kitchen_02_9e42296c9d28.png","qoi-screenshot_game","1200","675","810000","9e42296c9d2886e137349e5cb1d5b9649635aa80d33acc77111d4583b2efc0f4"
"qoi-screenshot_game/001190_Job_Simulator_screenshot___Office_01_7cf82f0e4ec3.png","qoi-screenshot_game","1200","675","810000","7cf82f0e4ec3c189990e93bc373130930b5459d3e87082cf253d4a4d91b408af"
"qoi-screenshot_game/001191_Job_Simulator_screenshot___Office_02_aca0f425c332.png","qoi-screenshot_game","1200","675","810000","aca0f425c332acc5a50faadf0128a0b81d97ea7f72a53f8c01f01410a12ee585"
"qoi-screenshot_game/001192_Jump__27n_Bump_8a8f86030a58.png","qoi-screenshot_game","800","512","409600","8a8f86030a5878e562f633fca30b195b8d9865becadc40ace1743dc6c2fdac96"
"qoi-screenshot_game/001193_Jumper_platformer_3414e0267f18.png","qoi-screenshot_game","602","451","271502","3414e0267f18073bd928da1cdb5d84d2b498a640c09d9e4c9139e4744cdbc9ba"
"qoi-screenshot_game/001194_KAtomicScreenShot_d8536c17f3dc.png","qoi-screenshot_game","567","584","331128","d8536c17f3dcd7f2731c9b0cea7109adbde85c7f5e554bd52b54913d1ff51b50"
"qoi-screenshot_game/001195_KBattleship_Screenshot_62c499d16c58.png","qoi-screenshot_game","896","572","512512","62c499d16c584916f69076b5ea6c2cfc402c73249aec0fabd3e62d839b5498f8"
"qoi-screenshot_game/001196_KGoldrunner_game_in_progress_5d6c8dab751d.png","qoi-screenshot_game","1152","703","809856","5d6c8dab751d3ba161fc6aaedcd2b2e1f45651bfb1c3eddc388b23622eec4b7b"
"qoi-screenshot_game/001197_Kiki_the_nano_bot_screenshot_a435d3e99143.png","qoi-screenshot_game","800","600","480000","a435d3e99143e664bce5dce31c8813866100767f742cdcb2066753642a308e44"
"qoi-screenshot_game/001198_Kikinanobot_197d35fe326c.png","qoi-screenshot_game","1024","768","786432","197d35fe326c24a5688793a6f6234bc3365edeff182ce0c1567c1cf456db83ce"
"qoi-screenshot_game/001199_Klondike__solitare_39488b7c93b3.png","qoi-screenshot_game","610","430","262300","39488b7c93b31e82fae4d0aa26663941225cb94b3f92b310178a0ce076a3bcaf"
"qoi-screenshot_game/001200_KNetWalk_815ac8bbd11e.png","qoi-screenshot_game","408","530","216240","815ac8bbd11e82cc3f5373437a877c57d0558a3d34445cb807958c5fa1e9cb72"
"qoi-screenshot_game/001201_Konquest_catal_C3_A0_b717f80e69ca.png","qoi-screenshot_game","611","686","419146","b717f80e69cac111ff5337e0668bc19b100bf60de345ccf25cd30fcc42ce34b7"
"qoi-screenshot_game/001202_Konquest_ccdd5d26c700.png","qoi-screenshot_game","608","692","420736","ccdd5d26c700f4bd01a131fae4740b1d0b6cf23d308bc7b9ade375049e4a2969"
"qoi-screenshot_game/001203_KSpaceDuel1.1_c4fa91994463.png","qoi-screenshot_game","894","668","597192","c4fa919944632f9c5cb62a1824c8311e603366f93a9ccfa37f86d262f323c9b6"
"qoi-screenshot_game/001204_Kye_c1c17d10cf4e.png","qoi-screenshot_game","482","367","176894","c1c17d10cf4e2c67c51e8a93750240fd58d425dd7070506ec8a07f55e578ddf8"
"qoi-screenshot_game/001205_Labyrinth_for_Sword_of_Fargoal__22Sword_Level_22_143d417e2ed3.png","qoi-screenshot_game","1200","674","808800","143d417e2ed3eb514eb260c70266093782d239c32fa7288c6d1641c20fc51b34"
"qoi-screenshot_game/001206_LastBattleForceRates_cea60a58c6ed.png","qoi-screenshot_game","512","384","196608","cea60a58c6ed033601939f89c67a729a824b1ea8b9f09d79476b8ab416210c85"
"qoi-screenshot_game/001207_Lbreakout2_ca27044ce727.png","qoi-screenshot_game","637","485","308945","ca27044ce727f4ee54363ce1866972b4c736465173d05003ed2590888de4bb23"
"qoi-screenshot_game/001208_Lemonade_Stand_1_d931c68a887a.png","qoi-screenshot_game","560","384","215040","d931c68a887a47275d7d47e9371308f61fd80649b5d565cb105c55699d1acacb"
"qoi-screenshot_game/001209_Lemonade_Stand_2_cc29862718ee.png","qoi-screenshot_game","560","384","215040","cc29862718ee1fbe0b2598a1dc0753b8edab741acf2a5b92ff9f4efe0270d8be"
"qoi-screenshot_game/001210_Letterpress_previous_games_screenshot_3b9759a1e256.png","qoi-screenshot_game","640","1136","727040","3b9759a1e2568238fb71a1500941d92cb7673b139f2a0d9987c79639ad3a64f1"
"qoi-screenshot_game/001211_Letterpress_screenshot_c2fcd74f2764.png","qoi-screenshot_game","640","1136","727040","c2fcd74f276476d567c95d868ab2e94fb84daa313ea401825cce4fe739e4ae6f"
"qoi-screenshot_game/001212_Maelstrom_screenshot_64ab36b41532.png","qoi-screenshot_game","642","482","309444","64ab36b41532279fb5d92ecb97157d26fbd875c6d72d059b8d19bce82bd5d5f8"
"qoi-screenshot_game/001213_ManifoldGarden_10_4570c63ac1fc.png","qoi-screenshot_game","1200","675","810000","4570c63ac1fcd6c908dd03fe9336708f4d6243350a2fce681be0bc47f85f2adb"
"qoi-screenshot_game/001214_ManifoldGarden_11_3e437a302310.png","qoi-screenshot_game","1200","675","810000","3e437a30231016975eaeee9b87312c1876672c30faa0c2172ee42fb5d2813a42"
"qoi-screenshot_game/001215_Mapperkmud_1b5314732a43.png","qoi-screenshot_game","913","616","562408","1b5314732a431347556bce8a5a899487a78bf5ec3849f5bf2171340b8dbd1ecf"
"qoi-screenshot_game/001216_Mari0_Online_Multiplayer_Co_op_screenshot_14c0fd431e17.png","qoi-screenshot_game","1200","675","810000","14c0fd431e17a30a01efe257fcfd1ddb3d212e89849be93407d046cd179f9437"
"qoi-screenshot_game/001217_Marty_27O_67d79718dac6.png","qoi-screenshot_game","931","520","484120","67d79718dac68c20ed7f60748497a689ddec059e0079aa3028c0e2644538feeb"
"qoi-screenshot_game/001218_Medieval_Mayhem__NTSC_1368378aee3c.png","qoi-screenshot_game","320","210","67200","1368378aee3c2fd2d3602a5723d81e5877c8ea159218a1ee7a642532f6c7ed18"
"qoi-screenshot_game/001219_MEMPTR_Snake_06b83c8ebcc1.png","qoi-screenshot_game","320","240","76800","06b83c8ebcc1a58efa43580416ade7324912ca4d7881004b46c848ad40de6338"
"qoi-screenshot_game/001220_Meritous_automap_43685671b6cf.png","qoi-screenshot_game","640","480","307200","43685671b6cfaab07779fd8697f3a786eb444d52894974b0d30aba99257a1723"
"qoi-screenshot_game/001221_Metamorphabet_screenshot_01_0424b168db36.png","qoi-screenshot_game","1024","768","786432","0424b168db361bda0c1fb128965408c6a4395a1b18fe0d877e0757819acce7bc"
"qoi-screenshot_game/001222_Metamorphabet_screenshot_02_e913fc5b6399.png","qoi-screenshot_game","1024","768","786432","e913fc5b6399a7122e3226147bc2265e22bcdda8d2608722d970e6bed5ee5eb5"
"qoi-screenshot_game/001223_Metamorphabet_screenshot_03_88868f0f79b4.png","qoi-screenshot_game","1024","768","786432","88868f0f79b40b1580f190f442508737cbdc99c506c4a426b5b258e4760be488"
"qoi-screenshot_game/001224_Metamorphabet_screenshot_04_d69a7d10173d.png","qoi-screenshot_game","1024","768","786432","d69a7d10173d532a71c8a25638238a31b9eb5764554d959b1b6bc4c715b6d3e8"
"qoi-screenshot_game/001225_Metamorphabet_screenshot_05_06226963abad.png","qoi-screenshot_game","1024","768","786432","06226963abadb9415ed1ef29735a0928fe96a32c54fdc9855719da904eb4d488"
"qoi-screenshot_game/001226_Minetest_high_res_texture_pack_2_5479591307d3.png","qoi-screenshot_game","1024","594","608256","5479591307d321bfb019e46f18d00ff706f80d30166719c4f03ac64ff0b8b0b8"
"qoi-screenshot_game/001227_Minetest_high_res_texture_pack_1c43bff1f660.png","qoi-screenshot_game","1024","594","608256","1c43bff1f6606fbc99627ccf7dac3c566fedf6d0f311969d54700d75e44e721a"
"qoi-screenshot_game/001228_Minetest_LazyJ_27s_Forge_at_dusk_802ca668be08.png","qoi-screenshot_game","1200","675","810000","802ca668be083ccaab4a4802ccb6a0c8228ec4ddaaa7fd681b477195e7f97aae"
"qoi-screenshot_game/001229_Minetest_LazyJ_27s_Forge_in_survival_mode_c65fb5cacc6b.png","qoi-screenshot_game","1200","675","810000","c65fb5cacc6b01993e376dff059ea7a24a71e51cbc22cd6c26336b0b7c93e5be"
"qoi-screenshot_game/001230_Minetest_LazyJ_27s_Forge_in_the_afternoon_9a7086529748.png","qoi-screenshot_game","1200","675","810000","9a70865297481ce8c600b0f7c3c0cfa38e3afd1adc7d5311905f45894f1b929b"
"qoi-screenshot_game/001231_Minetest_LazyJ_27s_Forge_in_the_evening_d55b116c9a33.png","qoi-screenshot_game","1200","675","810000","d55b116c9a3395b58a141e2928e406e8cda1f132bafd0229455fb5ed04f7ef86"
"qoi-screenshot_game/001232_Minetest_LazyJ_27s_Forge_with_creative_inventory_opened_c43d10cc27f2.png","qoi-screenshot_game","1200","675","810000","c43d10cc27f215d9bd4407a044f03f66506fd71e3e0634c07e3bd45522aaa289"
"qoi-screenshot_game/001233_Mini_Metro_screenshot_0_dbf3dc74fe2d.png","qoi-screenshot_game","1200","675","810000","dbf3dc74fe2de5985f8b88f265941a8b6165f921801c6dd8271f95bdcff0671a"
"qoi-screenshot_game/001234_Mini_Metro_screenshot_1_759d65c1f67f.png","qoi-screenshot_game","1200","675","810000","759d65c1f67fd263cc6d2146ebc78a23400c91ee3a95728b7bc16b9024bd8383"
"qoi-screenshot_game/001235_Mini_Metro_screenshot_2_cd83a09a24bc.png","qoi-screenshot_game","1200","675","810000","cd83a09a24bcb053acbf2f8ebac2bd55b8d23e56dff6585c7b307dab91a0b8fb"
"qoi-screenshot_game/001236_Mini_Metro_screenshot_3_a08b00a8de44.png","qoi-screenshot_game","1200","675","810000","a08b00a8de44b4fcfba0ea809422c545a27dcf648d3cba5ac106d3d803fb53ff"
"qoi-screenshot_game/001237_Mini_Metro_screenshot_4_934223faadb4.png","qoi-screenshot_game","1200","675","810000","934223faadb4607a58d7a47a0a53f063882ecda9e9b4a8edb02a27304e7184f9"
"qoi-screenshot_game/001238_Mini_Metro_screenshot_5_9539826ce0e2.png","qoi-screenshot_game","1200","675","810000","9539826ce0e206ae278b4d6af317b75a52abe1e58c0943f02ed27fab0a18a3d1"
"qoi-screenshot_game/001239_Minicraft_Title_Screen_35688d5ec62e.png","qoi-screenshot_game","480","360","172800","35688d5ec62eb71da5b499816f7d2a6d5c9fb95f7653d6bbb13e048bd28c53fd"
"qoi-screenshot_game/001240_Mode_7_on_GBA_00d6626cf6ec.png","qoi-screenshot_game","960","640","614400","00d6626cf6eccf0aa8815bff7b93e79ec829232ba4aa7712237ea052e85c0bb7"
"qoi-screenshot_game/001241_Mode_7_Test_0000_89bbe065582a.png","qoi-screenshot_game","1024","896","917504","89bbe065582a9b837a78559bf69be15daf5991d19bf260e4f7cb0de6a6c76b1e"
"qoi-screenshot_game/001242_Monaco_What_27s_Yours_Is_Mine___Screenshot_1__Spotted_d26b7371ce09.png","qoi-screenshot_game","1200","675","810000","d26b7371ce09546459c3fafcbf7bbbe7432118d2a87a9b0a8bd57316aee9a106"
"qoi-screenshot_game/001243_Monaco_What_27s_Yours_Is_Mine___Screenshot_2__Lobby_979e8f2269c8.png","qoi-screenshot_game","1200","675","810000","979e8f2269c8f89196e77d3562c3c6eb32d0ba9a5120ad33f2d08831e2f0fff2"
"qoi-screenshot_game/001244_Monaco_What_27s_Yours_Is_Mine___Screenshot_3__The_Lookout_in_Action_dbf1b25691bd.png","qoi-screenshot_game","1200","750","900000","dbf1b25691bde1ec5c299f4cd4ede92424239f041221069bb50d994c8dce7b5b"
"qoi-screenshot_game/001245_Monaco_What_27s_Yours_Is_Mine___Screenshot_4__Casino_Heist_fc35af8f8912.png","qoi-screenshot_game","1200","750","900000","fc35af8f8912490d0c422d01dd9c74da5ba2583546d0381b9e93092082a61bdd"
"qoi-screenshot_game/001246_Monaco_What_27s_Yours_Is_Mine___Screenshot_5__Hacking_the_Embassy_eab5e266d7ce.png","qoi-screenshot_game","1200","750","900000","eab5e266d7ce13e1715e33b24964d2ed34912016de218a167cd1e094dae76f92"
"qoi-screenshot_game/001247_Monaco_What_27s_Yours_Is_Mine___Screenshot_6__Character_Selection_7901e92f5c23.png","qoi-screenshot_game","1200","675","810000","7901e92f5c23458e4f2bf2dafe341870520b1498edaef030876f8f0938c22ea5"
"qoi-screenshot_game/001248_Moraffmahjongg_f00a79c8bacf.png","qoi-screenshot_game","800","600","480000","f00a79c8bacf08ebf55edc42698b6616800e673646802c3ee6ad84d013dfb17b"
"qoi-screenshot_game/001249_Moria_like_game_f9be39a04f7a.png","qoi-screenshot_game","210","160","33600","f9be39a04f7aeb462768e9416c5427109bc3132ac549990b4688f145ee6040b2"
"qoi-screenshot_game/001250_Mouse_in_the_Maze_portion_99b2787873ac.png","qoi-screenshot_game","457","455","207935","99b2787873acb3e73b57e1147f5f8d8266125040eab0873baad350e5ae806bea"
"qoi-screenshot_game/001251_Moyangyang_b818d646c8c2.png","qoi-screenshot_game","613","265","162445","b818d646c8c2d8dba54a9c95813ebfd071c673c2194f718b1e997e5580470a77"
"qoi-screenshot_game/001252_Mtp_Target_6a75c514edb0.png","qoi-screenshot_game","640","480","307200","6a75c514edb063bca609b7e0cb2fa4a460eb767bc7a51eb0636b7a2d27647931"
"qoi-screenshot_game/001253_Muttsworldmine_Survival_spawn_ef1eea527ccc.png","qoi-screenshot_game","838","745","624310","ef1eea527cccd52be8417abf46a08fd3ff5ce15d3f08a0555936b0665559109c"
"qoi-screenshot_game/001254_Napoleonic_Empires_10790399336a.png","qoi-screenshot_game","1200","900","1080000","10790399336aa39928b8d67dc3cedeccacd5a326c811b61dc3a72a0c192ceeab"
"qoi-screenshot_game/001255_Netrek_client_cow_c21a59264a6b.png","qoi-screenshot_game","1028","752","773056","c21a59264a6b038c6526e22ca875367fcbd13fa442e68bbb4554e75d962eab29"
"qoi-screenshot_game/001256_Neverball_Game_Over_Bildschirm_37df1f8bf927.png","qoi-screenshot_game","1200","675","810000","37df1f8bf9278eedd6294add74ee34d83f36c99e17935bb4abdeab553a21fade"
"qoi-screenshot_game/001257_Neverball_Gameplay_Screenshot_1_b15037eb39f9.png","qoi-screenshot_game","1200","675","810000","b15037eb39f925fce091cebcb4b2ab312a2a0e3d10333cc31cd4a26af601fe1a"
"qoi-screenshot_game/001258_Neverball_Gameplay_Screenshot_10_a529018787d9.png","qoi-screenshot_game","1024","768","786432","a529018787d937b9157cc351b65038e6a4053daceb4575aae77686dd35408c25"
"qoi-screenshot_game/001259_Neverball_Gameplay_Screenshot_11_8542c5060fef.png","qoi-screenshot_game","1024","768","786432","8542c5060fefd4d595483d09c9a385ef9330cd599e1f78260d79e715fa9ba7c4"
"qoi-screenshot_game/001260_Neverball_Gameplay_Screenshot_12_d4b2c4f4850f.png","qoi-screenshot_game","1024","768","786432","d4b2c4f4850fce685a9a3867ea5cb9c2c655f485341e95ebb67864128bf6af81"
"qoi-screenshot_game/001261_Neverball_Gameplay_Screenshot_13_d92e420307c7.png","qoi-screenshot_game","1024","768","786432","d92e420307c78bbb8b52cff7dda3d01c3d19f3eb9de9a94feadc9fd79cfe74d0"
"qoi-screenshot_game/001262_Neverball_Gameplay_Screenshot_2_91550427c078.png","qoi-screenshot_game","1200","675","810000","91550427c078b9954468f2df0302c0d9bfe39a038c7cee8518ec097b166418e5"
"qoi-screenshot_game/001263_Neverball_Gameplay_Screenshot_3_cf949a40d777.png","qoi-screenshot_game","1200","675","810000","cf949a40d777f0755e23d6084749c33181893feb6f1562b6e8ba21c22f12cbb8"
"qoi-screenshot_game/001264_Neverball_Gameplay_Screenshot_4_2a419b27d8dd.png","qoi-screenshot_game","1200","675","810000","2a419b27d8dd11f678ea068087a38a987be86d8c01d127dce66d3a21c680c883"
"qoi-screenshot_game/001265_Neverball_Gameplay_Screenshot_5_2d992320f35e.png","qoi-screenshot_game","1200","675","810000","2d992320f35e842faf0d369319de7c514e662c8a5695d8f08daf213279c4af60"
"qoi-screenshot_game/001266_Neverball_Gameplay_Screenshot_6_1c15e4246f7b.png","qoi-screenshot_game","1200","675","810000","1c15e4246f7b15acaf0df01af7887256b7dc901a6cd68d4e80585dcc685a702a"
"qoi-screenshot_game/001267_Neverball_Gameplay_Screenshot_7_7f73942f7d18.png","qoi-screenshot_game","1200","675","810000","7f73942f7d1850f7e60d7a63b62a3d046bd73db1eda302f76e9f73476091e321"
"qoi-screenshot_game/001268_Neverball_Gameplay_Screenshot_8_612e8d6e5907.png","qoi-screenshot_game","1024","768","786432","612e8d6e5907ba1dd868cd06ff4ef052b7ebf7e9fa68f5d501db50845f887fae"
"qoi-screenshot_game/001269_Neverball_Gameplay_Screenshot_9_1c9ea02824df.png","qoi-screenshot_game","1024","768","786432","1c9ea02824df38b1ad7df79a430697dd7f5317da4e0d4f5dd9bb0f5a7b0bb7b7"
"qoi-screenshot_game/001270_Neverball_Kursauswahl_902bd59cf988.png","qoi-screenshot_game","1024","768","786432","902bd59cf988bb0fa309374d9b93fae4f971e12dcc457163cb85764cfdaaa514"
"qoi-screenshot_game/001271_Neverball_Pausenmen_C3_BC_f33f273a017a.png","qoi-screenshot_game","1200","675","810000","f33f273a017a9e2cfc2cc8f4f10982b96ef576318093b00edefbbbf5012b8c7d"
"qoi-screenshot_game/001272_Neverball_Sprachauswahl_b9df7efd097f.png","qoi-screenshot_game","1200","675","810000","b9df7efd097f87e6e81248185b065457410ee0c0cd58193dc71e764177d07ec3"
"qoi-screenshot_game/001273_Neverball_Titelbildschirm_a3d832c640c4.png","qoi-screenshot_game","1200","675","810000","a3d832c640c4b0987c1e6b0a37fdda27f7c997bb72676019c59b8438eedea26e"
"qoi-screenshot_game/001274_Neverputt_Gameplay_Screenshot_1_7f8ff48ae7b5.png","qoi-screenshot_game","1200","675","810000","7f8ff48ae7b588040b3eadba66ba85a8f265029eab1a8ce6f423f6b26a8e983f"
"qoi-screenshot_game/001275_Neverputt_Gameplay_Screenshot_2_16bc5454a065.png","qoi-screenshot_game","1200","675","810000","16bc5454a0652bdf7ed37582df6b06e8c5aac7293ef75bcde7a2b75931acdd05"
"qoi-screenshot_game/001276_Neverputt_Gameplay_Screenshot_3_6e82e9328f92.png","qoi-screenshot_game","1200","675","810000","6e82e9328f92a59b68a9f045fe9e39145007312d04bae1aca15aac63719c793d"
"qoi-screenshot_game/001277_Neverputt_Gameplay_Screenshot_4_9c4dc21e682b.png","qoi-screenshot_game","1200","675","810000","9c4dc21e682beeaf4b77fac20ef1886e61f01efe0a157c93b6b863587a095b0b"
"qoi-screenshot_game/001278_Neverputt_Titelbildschirm_5fd2192b5bfe.png","qoi-screenshot_game","1200","675","810000","5fd2192b5bfec50d2fe57b476b16180c408dc2da5c4485655efce61ae15dccbb"
"qoi-screenshot_game/001279_Nidhogg_video_game_screenshot_1_86e574f784f1.png","qoi-screenshot_game","800","501","400800","86e574f784f1a5dc7feffc6a474808397cc303b6e46e23d328154a30c2cefa8b"
"qoi-screenshot_game/001280_Nidhogg_video_game_screenshot_2_7c1b958c67ea.png","qoi-screenshot_game","800","500","400000","7c1b958c67ea7f0606156ffa7379ea48082a2b4fe889e115aebf5bc7022bd804"
"qoi-screenshot_game/001281_Nidhogg_video_game_screenshot_3_098662b8b1e4.png","qoi-screenshot_game","800","498","398400","098662b8b1e431d60520acdbfa74a5caa6f53eff63e8eeb75f1364490c8fe26d"
"qoi-screenshot_game/001282_Noctis_Screenshot_ad12c768fc28.png","qoi-screenshot_game","916","200","183200","ad12c768fc28324e85f2eaf07ae94d26e2cc5c52c32df28c00709729f3a6dff1"
"qoi-screenshot_game/001283_Nuclear_Throne_screenshot_01_32ad9612a6d7.png","qoi-screenshot_game","1200","675","810000","32ad9612a6d73407bf973026d2a933d18eec61562b43a3469c2c037a0e104a8a"
"qoi-screenshot_game/001284_Nuclear_Throne_screenshot_02_fc2d0b50df16.png","qoi-screenshot_game","1200","675","810000","fc2d0b50df1610a3c36efec5c7a736feac808b3ea6b812de0c6be1128f72ecd7"
"qoi-screenshot_game/001285_Nuclear_Throne_screenshot_03_6f886c8454c2.png","qoi-screenshot_game","1200","675","810000","6f886c8454c22057f15f24b131f6db31e0412fd7e8cdef531fcdc6c9d978db7f"
"qoi-screenshot_game/001286_Nuclear_Throne_screenshot_04_733d578bca51.png","qoi-screenshot_game","1200","675","810000","733d578bca51e6321ccff6ba5e9b8d1f45955c09202eb309b36951e377a8daef"
"qoi-screenshot_game/001287_Nuclear_Throne_screenshot_05_c6ffd2e13577.png","qoi-screenshot_game","1200","675","810000","c6ffd2e135774bc2dfaff330960c2cadbff376302b9292a3a9f528fcbf9314b5"
"qoi-screenshot_game/001288_Nuclear_Throne_screenshot_06_5736e1ffa4bc.png","qoi-screenshot_game","1200","675","810000","5736e1ffa4bcb71b7acb9c1e1cc67546883c4f2913ffc971a186ad21123bebc7"
"qoi-screenshot_game/001289_Nuclear_Throne_screenshot_07_e9cb98c636fa.png","qoi-screenshot_game","1200","675","810000","e9cb98c636fa6eb97d0b65918433d54c9a56d064f634da2d6c7680670f1ae5cc"
"qoi-screenshot_game/001290_Nuclear_Throne_screenshot_08_2d461ffc154c.png","qoi-screenshot_game","1200","675","810000","2d461ffc154c60fdfcee8549a9d0cc22eee1e7432c7adce0f9db1ea5b4a6cb57"
"qoi-screenshot_game/001291_Nuclear_Throne_screenshot_09_0a3ac29fd2c9.png","qoi-screenshot_game","1200","675","810000","0a3ac29fd2c9be4a3053ed8d08bafc5c47c9762d8371bda4fd0be430fd36e6e0"
"qoi-screenshot_game/001292_Nuclear_Throne_screenshot_10_60358b3f661e.png","qoi-screenshot_game","1200","675","810000","60358b3f661e30f9b2bcf9486be75a893ca2cbb6acf497e426b9ae6e5431b2e9"
"qoi-screenshot_game/001293_One_Hour_One_Life_Screenshot_1f14f2d32389.png","qoi-screenshot_game","1200","675","810000","1f14f2d32389261239c0d874b404ad8a41e59a92f91cebf7a06790237d9ae469"
"qoi-screenshot_game/001294_Open_Ski_Jumping_020_879f843150dc.png","qoi-screenshot_game","640","480","307200","879f843150dc59c0fbc971bf5f335828d7e54282df51af8e58c548b1d8e295aa"
"qoi-screenshot_game/001295_OpenBVEStartScreen_bf45b8c433dd.png","qoi-screenshot_game","937","674","631538","bf45b8c433dd009969292190775a5191a6e7380051d69fc3f906cae82c06ece7"
"qoi-screenshot_game/001296_Openciv_0.95_a041247b8ab2.png","qoi-screenshot_game","881","505","444905","a041247b8ab2292698f93aa1b21a31c15dc580cb581ac29116c5c1d9f4d967af"
"qoi-screenshot_game/001297_Opentyrian_torm_c84dc0f44e0e.png","qoi-screenshot_game","328","228","74784","c84dc0f44e0eada78c9f46e0bedcdd831df76d74e6f55c1874bf67905b29f26a"
"qoi-screenshot_game/001298_Orbithopper_d01f0430da79.png","qoi-screenshot_game","800","640","512000","d01f0430da798100264a7da0455e68488f660ee6ce965b28d1a0234e3d0fe7dc"
"qoi-screenshot_game/001299_OrionsbeltBattle_76ee706d67a4.png","qoi-screenshot_game","451","482","217382","76ee706d67a4e52dff2c62f5598a3e4e216184f6ba28d0eb0e8760125412fe16"
"qoi-screenshot_game/001300_OrionsbeltPresentation_f664efd42f08.png","qoi-screenshot_game","640","467","298880","f664efd42f0883350c3a7c73420e0f5cd71964358b88e98d30958a79553f11ea"
"qoi-screenshot_game/001301_Orwell_video_game_screenshot_1_db36fc811a95.png","qoi-screenshot_game","1200","675","810000","db36fc811a95aafe11dcf09b7910b12ed0014f4c78099707fc8bbd0d84c5ee29"
"qoi-screenshot_game/001302_Orwell_video_game_screenshot_10_ce9931c1103d.png","qoi-screenshot_game","1200","675","810000","ce9931c1103d12b0f829073bd13e0fcd45ad486b3881691cf197eca3c8cb8d1a"
"qoi-screenshot_game/001303_Orwell_video_game_screenshot_2_e10f5f09ade8.png","qoi-screenshot_game","1200","675","810000","e10f5f09ade866aeb5d689ffe40c4664c32ab6d7db6f81a18e63316078d38341"
"qoi-screenshot_game/001304_Orwell_video_game_screenshot_3_a522e2a68a0f.png","qoi-screenshot_game","1200","675","810000","a522e2a68a0fccadce1697cb250c09f030c5e26fff262e98116ec8b686f8b5f0"
"qoi-screenshot_game/001305_Orwell_video_game_screenshot_4_3fd7a7bd095f.png","qoi-screenshot_game","1200","675","810000","3fd7a7bd095fe6fb5480d2c473048ed0ee883cbbfbd229f66af42292137cc5cc"
"qoi-screenshot_game/001306_Orwell_video_game_screenshot_6_5378ae3a5f75.png","qoi-screenshot_game","1200","675","810000","5378ae3a5f756ae69a03f8ada827e024dfc77b51ab6c39204140b27f3a515eac"
"qoi-screenshot_game/001307_Orwell_video_game_screenshot_7_e621479f07ac.png","qoi-screenshot_game","1200","675","810000","e621479f07ac8c99bfe3aa52a4a8937b0b89ce2ed1b82832d6f2454d342770bf"
"qoi-screenshot_game/001308_Orwell_video_game_screenshot_9_c6db7a500a93.png","qoi-screenshot_game","1200","675","810000","c6db7a500a93ad768a4807069f644b459901002d511d025052c188e926bada73"
"qoi-screenshot_game/001309_OXO_emulated_portion_f439eaaad914.png","qoi-screenshot_game","229","227","51983","f439eaaad9143a858e94c7c8e1f4add74fff4935fe4be632dbe6593b91df1d18"
"qoi-screenshot_game/001310_PAEE_C64_a77a1d8ce3c8.png","qoi-screenshot_game","384","272","104448","a77a1d8ce3c8944b625bafdac2fea7ce9b55c13683c7fdfcdc7e6d62f5607312"
"qoi-screenshot_game/001311_Pahom_Grim_dfcf3af5d1e8.png","qoi-screenshot_game","842","473","398266","dfcf3af5d1e80e6182910b8e5fe09229d1cb42360e273cda142b7bb48f2419d9"
"qoi-screenshot_game/001312_Paku_Paku_dc080ab9959c.png","qoi-screenshot_game","640","400","256000","dc080ab9959c127740806ccb4027f4e90987498a9d18fbcdd0dfb0800650e2d4"
"qoi-screenshot_game/001313_Pang_Zero_fc3ed6231ce8.png","qoi-screenshot_game","805","602","484610","fc3ed6231ce87a370cc4d52b921a8c8bd8e72cc65938f07f6702e54b12ca4377"
"qoi-screenshot_game/001314_Passage_3_by_Jason_Rohrer_screenshot_5a3302506a14.png","qoi-screenshot_game","600","96","57600","5a3302506a14e41702f1d9659b5397aa620b16e6a5b22483ece14a2a980e1c1b"
"qoi-screenshot_game/001315_PekkaKana2_LevelEditor_bbf01475103a.png","qoi-screenshot_game","512","384","196608","bbf01475103ab3022e9106bb66ef567064c270972346800b4004fd428c7565de"
"qoi-screenshot_game/001316_PekkaKana2_Scr01_a43228b1b9e3.png","qoi-screenshot_game","286","241","68926","a43228b1b9e3ea0ac7a4b363120033b2972cb8282bcb404f263550246815f248"
"qoi-screenshot_game/001317_PerOxydScreenshot_b3100a17b769.png","qoi-screenshot_game","640","400","256000","b3100a17b769c4c5805ca57c4c02fe55b023df8671fd19a0da2fe049786c51ce"
"qoi-screenshot_game/001318_PG_battlefield_afc2a2a5b0e0.png","qoi-screenshot_game","864","540","466560","afc2a2a5b0e04502fb8e49a8bb282dc019b97ad7610f50373cc2966f08721b51"
"qoi-screenshot_game/001319_PioneerSpaceSim_screenshot_3122141ac13b.png","qoi-screenshot_game","1024","600","614400","3122141ac13bf2c4248920c8969ba776b7f81164460a22f39771163bb0fa5749"
"qoi-screenshot_game/001320_Plunderland2_e7b58b7b9a46.png","qoi-screenshot_game","474","320","151680","e7b58b7b9a46daa8f9b1abd9b217682762da2201411abf0c463c12b38885d145"
"qoi-screenshot_game/001321_Pong_f78e008f9766.png","qoi-screenshot_game","800","600","480000","f78e008f9766304b72a848680980aafa1dd73f69826de4719fd9945216c066a5"
"qoi-screenshot_game/001322_PrinceofPersia1989_sdlpop_opensource_4b7e312624d1.png","qoi-screenshot_game","800","480","384000","4b7e312624d1a7aec4f0f5aa17fede95c3a763f0d01aa49b5362112f095ad97b"
"qoi-screenshot_game/001323_Production_UI_Coffee_Noir_8f3fa0f5f92f.png","qoi-screenshot_game","1200","675","810000","8f3fa0f5f92fec93f7c319c4d462a5c7440ac68355c3e92c9741333d02d77180"
"qoi-screenshot_game/001324_ProgressQuest_Screenshot_7e5d022028e2.png","qoi-screenshot_game","595","386","229670","7e5d022028e2118aefa7ccfccb0d28c4fbca7605716478abade6418b8e9eadf1"
"qoi-screenshot_game/001325_Project_Starfighter_5b937bba2e69.png","qoi-screenshot_game","778","500","389000","5b937bba2e69af73deac3f9dc04de8ea40a233c2b34d6cdf58f3d64e642ddae9"
"qoi-screenshot_game/001326_Prune_screenshot_wide_3d0c0d7b2da7.png","qoi-screenshot_game","1067","600","640200","3d0c0d7b2da7f4a50bd5f1cf9fd01c573949ffc775df84bb803e4668584f2553"
"qoi-screenshot_game/001327_Prune_video_game_screenshot_1_952f72a3a4d9.png","qoi-screenshot_game","1200","1600","1920000","952f72a3a4d96e48724e4dddd2156e2e765a49b08fbea8b6690e271e460ed5f0"
"qoi-screenshot_game/001328_Prune_video_game_screenshot_2_bc65fff2ece7.png","qoi-screenshot_game","1200","1600","1920000","bc65fff2ece757a6ca2ae0b65c1d85d927b24e030f5c2769724b4005aa2baf19"
"qoi-screenshot_game/001329_Prune_video_game_screenshot_3_8a0c3ad52519.png","qoi-screenshot_game","1200","1600","1920000","8a0c3ad525199025e78a914bc2b66c7f857313298ac47aedebffcefeb05844e1"
"qoi-screenshot_game/001330_Prune_video_game_screenshot_4_3bc72b74ffa3.png","qoi-screenshot_game","1200","1600","1920000","3bc72b74ffa3572c2e5d06f7d1cb73cc29ea84ffeb58c9405b4a62ed90bb7754"
"qoi-screenshot_game/001331_Prune_video_game_screenshot_5_6f9aeb281799.png","qoi-screenshot_game","1200","1600","1920000","6f9aeb281799a27c20a85c516281953bda34894a9e4e3a452645c943a0fdb99e"
"qoi-screenshot_game/001332_Push_Me_Pull_You_screenshot_01_4c852e9e54c9.png","qoi-screenshot_game","1200","675","810000","4c852e9e54c9bd7954f9f86d4311505af0ce47b5a918c431634b0c28bc4f2d1b"
"qoi-screenshot_game/001333_Push_Me_Pull_You_screenshot_02_31f4626f9584.png","qoi-screenshot_game","1200","675","810000","31f4626f9584b3180f58cbe8e480b797f29001bf4171afd7eb01ac17ac9e1bad"
"qoi-screenshot_game/001334_Push_Me_Pull_You_screenshot_03_a00042d197c9.png","qoi-screenshot_game","1200","675","810000","a00042d197c9c443c2473fa76b31f4afff3dbfbfadd4f86bd98e3a393e764da4"
"qoi-screenshot_game/001335_Push_Me_Pull_You_screenshot_04_1c312c5b42b9.png","qoi-screenshot_game","1200","675","810000","1c312c5b42b99816468ca87382b00aa36222fa9cd5b33833302a9e4ee86a9818"
"qoi-screenshot_game/001336_Push_Me_Pull_You_screenshot_05_b806733c95f1.png","qoi-screenshot_game","1200","675","810000","b806733c95f109d415fd56db7788ff3918c7b95de624ec6363379cd4cc5a6e64"
"qoi-screenshot_game/001337_Push_Me_Pull_You_screenshot_06_dbee5c14353f.png","qoi-screenshot_game","1200","675","810000","dbee5c14353f96d653ff8608294518b1311fdc848413c71bb353f7f4cb32164d"
"qoi-screenshot_game/001338_Push_Me_Pull_You_screenshot_07_2adb574a5cc7.png","qoi-screenshot_game","1200","675","810000","2adb574a5cc758f12648e1f08bfeb0900360c4053af234332c06f1a089e99286"
"qoi-screenshot_game/001339_Push_Me_Pull_You_screenshot_09_54f6ca8b81ef.png","qoi-screenshot_game","1200","675","810000","54f6ca8b81ef3e9ee1b7c03a671743176343000619d8c4610d92964893cbec02"
"qoi-screenshot_game/001340_Push_Me_Pull_You_screenshot_10_4fd63e572a9e.png","qoi-screenshot_game","1200","675","810000","4fd63e572a9e05c40957d9cc1d16bebccaf5315642e1fe3c5e4f953c7f0f4c4f"
"qoi-screenshot_game/001341_PVEgen_860f6247a55f.png","qoi-screenshot_game","1200","444","532800","860f6247a55f9b855df2242afe29d7dfe3859c813b5e5ac4572a7be8c2df6f32"
"qoi-screenshot_game/001342_Pysol_black_hole_solitaire_deal_1000_with_public_domain_tabletile_8885fd1178a6.png","qoi-screenshot_game","952","686","653072","8885fd1178a6955ddfc9283d58ad304a58f5917dd8cffdb5e496bbf3d7848920"
"qoi-screenshot_game/001343_PySolFC_Bakers_Deal_No_2_Midst_of_Solving_by_fc_solve_with_gi_preset_2b03fa5e164a.png","qoi-screenshot_game","631","670","422770","2b03fa5e164a398daf96695825c4cd6ff87abbaf361b2a267280b10256c14769"
"qoi-screenshot_game/001344_Rail_Route__E2_80_94_Automate_435fb2142135.png","qoi-screenshot_game","1200","675","810000","435fb2142135787e929f7612ec255c1fdaedb9c2e6791d42834f92712fa5e268"
"qoi-screenshot_game/001345_Rail_Route__E2_80_94_Build_7f8f3589f74b.png","qoi-screenshot_game","1200","675","810000","7f8f3589f74bb59c61fe289f5e00046305c57e610fb020f2ad96713dc0730ad6"
"qoi-screenshot_game/001346_Rail_Route__E2_80_94_Control_365723795656.png","qoi-screenshot_game","1200","675","810000","36572379565676915d2bd31efd422637d8386cf6cb1f8de774e3ec650ab534f5"
"qoi-screenshot_game/001347_Rail_Route__E2_80_94_Editor_f033dbcc9c02.png","qoi-screenshot_game","1200","675","810000","f033dbcc9c02bba287edcf545a9bf5974b810ad137a747f223d4f8a74fab5ca3"
"qoi-screenshot_game/001348_Rail_Route__E2_80_94_Header_image_5764301e1b3a.png","qoi-screenshot_game","1200","389","466800","5764301e1b3acd0d88c1a24f6a5f6b6430d59f79362534baaf6d0e80137f6000"
"qoi-screenshot_game/001349_Rail_Route__E2_80_94_Logo_black_1eb3e17a4319.png","qoi-screenshot_game","800","800","640000","1eb3e17a431993eadbf058f30decd8aa4f7578fbcf900adc36c4a2869d2b8d1b"
"qoi-screenshot_game/001350_Rain_World_screenshot___2016_05_31_16_15_34_climbing_2400ad66bd26.png","qoi-screenshot_game","1200","675","810000","2400ad66bd267c3b9832929bcc8a6678e7dcc267cffe4e0fbf741a6dc411532d"
"qoi-screenshot_game/001351_Rain_World_screenshot___2016_05_31_16_46_49_progress_7bb8778dc72f.png","qoi-screenshot_game","1200","675","810000","7bb8778dc72f22888030b2b529d3efa3da3e8de4e9dcd47a81e8f312385a17ee"
"qoi-screenshot_game/001352_Rain_World_screenshot___filtration_sys_f9f72dc76041.png","qoi-screenshot_game","1036","641","664076","f9f72dc760416782faa27cef4f8748d6fb0b7448b90dd66f32fcec580d3d10cb"
"qoi-screenshot_game/001353_Rain_World_screenshot___Garbage_Wastes_1080_4effe70f66c0.png","qoi-screenshot_game","1200","675","810000","4effe70f66c047d07e91870258495eb9546d9b245b4a19d24d2cdbb8b0193dfc"
"qoi-screenshot_game/001354_Rain_World_screenshot___Line_Farms_2_db17e6a11ea9.png","qoi-screenshot_game","1200","675","810000","db17e6a11ea96dd310d65d2e9eeae513dbe5e6f8f58e231c8918c6cdde496cb1"
"qoi-screenshot_game/001355_Rain_World_screenshot___Linear_Farms_1080_39caab18b54d.png","qoi-screenshot_game","1200","675","810000","39caab18b54d4c1e6f4834518fa9ec9c5d57b31963e9ae7a9273558593d257c7"
"qoi-screenshot_game/001356_Rain_World_screenshot___SB_F01_3f86650b9a41.png","qoi-screenshot_game","1200","673","807600","3f86650b9a41af2281c55cf832c3e2f4c5d2e631d45e936b196fa943a1049c52"
"qoi-screenshot_game/001357_Rain_World_screenshot___Shadow_Urban_1080_40af5a606827.png","qoi-screenshot_game","1200","675","810000","40af5a606827240ca0c23369177c035d0eebf40a4d8efcd01bc1911b5f26f4ed"
"qoi-screenshot_game/001358_Rain_World_screenshot___Shoreline_1_7f433be9dedf.png","qoi-screenshot_game","1200","675","810000","7f433be9dedf2bcece9a90415231145e57f2fa1ee017109e8d85cc4f3cd72f99"
"qoi-screenshot_game/001359_Rain_World_screenshot___Shoreline_2_1b88fc507547.png","qoi-screenshot_game","1200","675","810000","1b88fc507547e23250a8bc2d6c8fa12ba08b4122b05a439b5b41cafeb016b6a7"
"qoi-screenshot_game/001360_Rain_World_screenshot___Shorelne_4_bdfd275e3ac3.png","qoi-screenshot_game","1200","675","810000","bdfd275e3ac331d92d48b00bcce5d5bccab3d6388570622e939242513b86f7f8"
"qoi-screenshot_game/001361_Rain_World_screenshot___Sky_Islands_1_134380d56ba4.png","qoi-screenshot_game","1200","675","810000","134380d56ba424ff59c05b2da3e2c91609ee3af14d1b0ea395316adbfa4f18df"
"qoi-screenshot_game/001362_Rain_World_screenshot___Sky_Islands_4_e10aa92fd0e0.png","qoi-screenshot_game","1200","675","810000","e10aa92fd0e0600e080c18a6de94c2357101131da843aefdb5548df1c486113c"
"qoi-screenshot_game/001363_Rain_World_screenshot___Sky_Islands_5_4d90da88677a.png","qoi-screenshot_game","1200","675","810000","4d90da88677a2167a5909d86ffd258955e10bc9d09ffd2fb33866ed5f5cef0af"
"qoi-screenshot_game/001364_Rain_World_screenshot___subway_1f6dc726bf49.png","qoi-screenshot_game","1105","654","722670","1f6dc726bf49c0434efa0d5bf83b3fa3f8009987b6eef0ffcc1f18d1f449a06e"
"qoi-screenshot_game/001365_Rain_World_screenshot___temple_b66efebb31c7.png","qoi-screenshot_game","917","669","613473","b66efebb31c717f9bd83d7352e0bcd9b7a29210b85b29b45ee8c9e285a6b0876"
"qoi-screenshot_game/001366_Rain_World_screenshot___Underhang_1080_e76bfb71bc6a.png","qoi-screenshot_game","1200","675","810000","e76bfb71bc6ac8d1beee43303b0d620d0fa379e35f91b9a1602da99ac887e5fa"
"qoi-screenshot_game/001367_Rca_studio2_bowling_ss_6c567d688d10.png","qoi-screenshot_game","452","304","137408","6c567d688d106c09269be914b984856c06f37601363edd935f4a13c79025e21e"
"qoi-screenshot_game/001368_ReCaged_project_version_0.7.0_preview_thumbnail_2bf49459093f.png","qoi-screenshot_game","1200","800","960000","2bf49459093f39d5987ae381bb97b878bee6f5e0b894b8debe4cdbe9a7a9970a"
"qoi-screenshot_game/001369_Robotfindskitten_4afdbc78f6aa.png","qoi-screenshot_game","484","316","152944","4afdbc78f6aa8689ac91d1f90484d51f5e4c81be9e172205d91a2d8e1ea694ed"
"qoi-screenshot_game/001370_Robots_text_screenshot_2f61625a4958.png","qoi-screenshot_game","667","464","309488","2f61625a4958588d0d1663b8d4e14dda96cdb78ef2fb14a1ff4278e8181bebb6"
"qoi-screenshot_game/001371_Roosevelt_Elk_Male__4837677522_484c1417340d.png","qoi-screenshot_game","1200","750","900000","484c1417340d2b9d616880f3629aa2357d21621d63cd3c3c21aea4e6e740f971"
"qoi-screenshot_game/001372_RosAsmGameSpace_739e1f2f10c0.png","qoi-screenshot_game","800","600","480000","739e1f2f10c005efd0cec9b2dc2e527ed1860299ffcf6b045ab1b067ffda614e"
"qoi-screenshot_game/001373_Rouge_game_eae70f4f47e6.png","qoi-screenshot_game","650","337","219050","eae70f4f47e6c620838013898124731dff65b62623432fa4d2a297e97eea7b43"
"qoi-screenshot_game/001374_Rowlands_Challenge_f9c768873976.png","qoi-screenshot_game","800","663","530400","f9c7688739768df18b551075e728b1cb6000eeb82ab6afbb759f32abb0123307"
"qoi-screenshot_game/001375_Royals_screenshot_8138f91a0951.png","qoi-screenshot_game","800","480","384000","8138f91a0951babddd28fa92d864d15c8e34300c67cf06144151ffac7ab33823"
"qoi-screenshot_game/001376_Rudo_f4d4bac02ea4.png","qoi-screenshot_game","930","521","484530","f4d4bac02ea41112161ac7bfd024b7756054edeca96cab127e4d4bf2af968218"
"qoi-screenshot_game/001377_Rymdkapsel_screenshot_1_74ab317cd4db.png","qoi-screenshot_game","1200","590","708000","74ab317cd4dbf12480998563f02e3a18d28f8a49202645e3d7f7ded04e3f7066"
"qoi-screenshot_game/001378_Rymdkapsel_screenshot_2_f0f364b89f22.png","qoi-screenshot_game","1200","590","708000","f0f364b89f22c27244eb8663248f8571f4806029a87e5194b0e3bf3547bc13bd"
"qoi-screenshot_game/001379_Rymdkapsel_screenshot_3_5b78461ddb27.png","qoi-screenshot_game","1200","675","810000","5b78461ddb278594b7cad7bbcba42a7d65a712be58573ba7c26466327d9174f8"
"qoi-screenshot_game/001380_Rymdkapsel_screenshot_4_dedc6c344e12.png","qoi-screenshot_game","1200","675","810000","dedc6c344e12d91e85457f81dadfae8769962474a97a23bf5f71dda0a58bc71a"
"qoi-screenshot_game/001381_Rymdkapsel_screenshot_5_75b4b7a27c90.png","qoi-screenshot_game","1200","590","708000","75b4b7a27c9025c1d0ce25c14f9844bfead9e32e2f430a6bfd1fce89891d7dde"
"qoi-screenshot_game/001382_Samba_of_the_Wolves_Wiley_abea8ad109be.png","qoi-screenshot_game","640","480","307200","abea8ad109be7491a6add596b758fa8850e2a9af8d880a5c11c73463f3a3a797"
"qoi-screenshot_game/001383_SaoriFKiss002_b731230304eb.png","qoi-screenshot_game","1000","492","492000","b731230304eb21d1509a3458daee6cb0df41731c93fcfcd82ba44f7db294572e"
"qoi-screenshot_game/001384_Score4ForbiddenPost_dc2a3b06dedf.png","qoi-screenshot_game","490","463","226870","dc2a3b06dedf1c16b86bc80ce3214c880624a68389d21965b20861c621c97d0e"
"qoi-screenshot_game/001385_Score4Zugzwang_9a9ca0cd005e.png","qoi-screenshot_game","492","465","228780","9a9ca0cd005e4df42046c6bbb64609357e164c328963d7d2536ff95072eac570"
"qoi-screenshot_game/001386_Scourge_character_creation_850ca37bf9e9.png","qoi-screenshot_game","500","420","210000","850ca37bf9e95d302a831abac11524f4d788146b11d97324c5559ce017d87ea9"
"qoi-screenshot_game/001387_Scourge_character_information_cb0d9fe1be89.png","qoi-screenshot_game","695","565","392675","cb0d9fe1be89519257304230617d7c3e73cdf223d8b8bd60923a3c160dcc4391"
"qoi-screenshot_game/001388_Scourge_screenshot_r2315_a31e627f6eca.png","qoi-screenshot_game","1024","768","786432","a31e627f6eca936fc86711fa927db46440bf64d12ff63bf9bfa6da63f2cbedbc"
"qoi-screenshot_game/001389_Screenshot_from_Getting_Over_It_With_Bennett_Foddy_f56a121e1f30.png","qoi-screenshot_game","1107","1040","1151280","f56a121e1f30143c66594e03dae172ca45826159bc17a741c4d391f40992778a"
"qoi-screenshot_game/001390_Screenshot_of_the_Ultima_Ratio_Regum_version_0.7.0._taken_in_2015_3416fb371f36.png","qoi-screenshot_game","1056","696","734976","3416fb371f3663e768d378a0dd628e4beb5c34bf4cb01d184e4f5e4b2313c4cd"
"qoi-screenshot_game/001391_Sega_Mega_Drive_regional_lockout_error_87b01ffc7e25.png","qoi-screenshot_game","320","224","71680","87b01ffc7e25217c46856448d71e2bef3155d500278b6c431578fdc6f1fc9591"
"qoi-screenshot_game/001392_Senat.Grepolisfr_351d5b4de534.png","qoi-screenshot_game","591","147","86877","351d5b4de534aae72b6bf0e38c59ebcca37ca222089c937ed7b2bdb8dacdd62f"
"qoi-screenshot_game/001393_Severed_screenshot_01_a03b49a78afd.png","qoi-screenshot_game","1200","675","810000","a03b49a78afdd8d99670c9c080ebbd52de2e58d8a2ab1c6a6454c961489732a2"
"qoi-screenshot_game/001394_Severed_screenshot_02_6f125a3f1228.png","qoi-screenshot_game","1200","675","810000","6f125a3f1228159227ccc52ccc5500e4047df5ed3769d81fdb2ef3a18362a1fc"
"qoi-screenshot_game/001395_Severed_screenshot_03_201480096b85.png","qoi-screenshot_game","1200","675","810000","201480096b85b6d5a65cb2d26cfed00af318239918a61d46e22fff6b7175c3fd"
"qoi-screenshot_game/001396_Severed_screenshot_04_b4527b1e8761.png","qoi-screenshot_game","1200","675","810000","b4527b1e8761d1ea26ed80855357ce519ead21cd38f0436fa0a78d67ef3f4fa7"
"qoi-screenshot_game/001397_Severed_screenshot_05_3b290ecd9588.png","qoi-screenshot_game","1200","675","810000","3b290ecd95883413af11b619ed8b2e8b58fd849e1c518098ce6110595cdf71f1"
"qoi-screenshot_game/001398_Simple_Simon_Solitiare_PySolFC_100_f08dedfdaf3b.png","qoi-screenshot_game","906","806","730236","f08dedfdaf3b81b2d5f34e337fa3262b692ba48d5623c75629f6704f016afaec"
"qoi-screenshot_game/001399_Sintel_The_Game_Docks_c84e91cc20f5.png","qoi-screenshot_game","1200","720","864000","c84e91cc20f5fb5d0c5d2c4b09ff4215529372827738db6797f891da2094ca6b"
"qoi-screenshot_game/001400_Skrupel_7b38bf42272b.png","qoi-screenshot_game","1018","805","819490","7b38bf42272b72a68f6617b6b26685f02aa7b053dc6a1e31c14b1f180ea194ba"
"qoi-screenshot_game/001401_Slingshot_0ce276bf5d22.png","qoi-screenshot_game","810","629","509490","0ce276bf5d2296f5adcfebba6201e5724ae24f5bf9a19c21c41290aaf1c7cd55"
"qoi-screenshot_game/001402_Smiler_in_Arrowe_Land_d47a9af0dec6.png","qoi-screenshot_game","320","240","76800","d47a9af0dec6f4c3b88f6de44918f2c20b75676c4576c1747e59b68fec6ce623"
"qoi-screenshot_game/001403_Sn_C3_ADmek_obrazovky_2021_09_05_v_14.06.43_9343d94a7f78.png","qoi-screenshot_game","351","236","82836","9343d94a7f78f14ddde88ad0045895663b51fcc13b1e27d39d6ca518b3e16215"
"qoi-screenshot_game/001404_Sn_C3_ADmek_obrazovky_2021_09_12_v_16.46.05_b8f2d9bb4b1f.png","qoi-screenshot_game","543","657","356751","b8f2d9bb4b1fd7ef678278630521e69a2196f1e8eca395ef1e2e1a728dea1cdb"
"qoi-screenshot_game/001405_Sn_C3_ADmek_obrazovky_2021_09_12_v_16.57.06_6277e875162c.png","qoi-screenshot_game","691","779","538289","6277e875162cd54f5d13fb8929d60c37800688ea68d2bf538fdbb8313b725a57"
"qoi-screenshot_game/001406_Sn_C3_ADmek_obrazovky_2021_09_18_v_13.12.59_58277052a2d3.png","qoi-screenshot_game","592","592","350464","58277052a2d38244bb16280b6cadd5964c8ee2366004937cf8f6ec93ef36bd82"
"qoi-screenshot_game/001407_Sn_C3_ADmek_obrazovky_2021_09_19_v_13.06.08_ddc2e17a1708.png","qoi-screenshot_game","264","154","40656","ddc2e17a1708e4e35e7e8461704b0b3101f42b57700a19e0015dc315a6692786"
"qoi-screenshot_game/001408_Sn_C3_ADmek_obrazovky_2021_09_24_v_18.07.06_0672a80bfee7.png","qoi-screenshot_game","356","234","83304","0672a80bfee7d035ea4d7a51625c50f5ff0534dd90405d5ec6abf00a692cdc76"
"qoi-screenshot_game/001409_Solarus_Sample_quest_on_Windows_09d09e6dfd95.png","qoi-screenshot_game","642","512","328704","09d09e6dfd9558c7779a598b1777c1cf60842964608ccc9a216a06065d6cc8fb"
"qoi-screenshot_game/001410_SolarWolf_splash_eba4e0081227.png","qoi-screenshot_game","800","600","480000","eba4e0081227169143b27adbbbc5e7ca3b1b02f30d1abbacec97f0998cc58c73"
"qoi-screenshot_game/001411_Sopwith_screenshot_3ec93226a49e.png","qoi-screenshot_game","639","400","255600","3ec93226a49e712d80ca845f586b1defa14d2809a7503fbe383efeb3dc93e5fa"
"qoi-screenshot_game/001412_Speedway_Joyce_Weisbecker_fe21a04459bc.png","qoi-screenshot_game","591","393","232263","fe21a04459bc08087ef8475b6e0e080e3274cd3bae536e0edd5528cdab35c71f"
"qoi-screenshot_game/001413_SpellTower_screenshot___NightColors_69f35c580706.png","qoi-screenshot_game","1200","1600","1920000","69f35c5807068a1cc65fb19374d2d864951486c9be36a13cb01a44cc1dcc710e"
"qoi-screenshot_game/001414_SpellTower_screenshot___PuzzleMode_Lose_1_ec59f59c7361.png","qoi-screenshot_game","1200","1600","1920000","ec59f59c7361cc6c4dd89454431f9173caf84de105958049ff6fd23b1c3241ab"
"qoi-screenshot_game/001415_SpellTower_screenshot___PuzzleMode_Lose_2_ddb1109a35c1.png","qoi-screenshot_game","1200","1600","1920000","ddb1109a35c1e51a9ea1876fb2f1267491ff66dfef24ff5e3d72eff706dcb3bb"
"qoi-screenshot_game/001416_SpellTower_screenshot___RushMode_385e75f2db48.png","qoi-screenshot_game","640","960","614400","385e75f2db48c71d1107037c873e38092ebed79b5ef7c671b89e737e194f5c8e"
"qoi-screenshot_game/001417_SpellTower_screenshot___RushMode_2_3b1ac8fa846b.png","qoi-screenshot_game","1200","1600","1920000","3b1ac8fa846b849f9881e9506909565aaa19133d16eee52e8febda29249f3b38"
"qoi-screenshot_game/001418_SpellTower_screenshot___Tutorial_2181f652c6b3.png","qoi-screenshot_game","1200","1600","1920000","2181f652c6b34ee56ba69ac2031db0af87e66e4d484a33723ce57640e3912c08"
"qoi-screenshot_game/001419_SpellTower_screenshot___VsPlayer1_f338bf1ccbc7.png","qoi-screenshot_game","768","1024","786432","f338bf1ccbc70b56bc134e070c1c147dbdf1c01a4db38a79facdc45e3e38e48a"
"qoi-screenshot_game/001420_SpellTower_screenshot___VsPlayer2_a5a6f93ae92f.png","qoi-screenshot_game","768","1024","786432","a5a6f93ae92fec925e79074a6237537d5d0babe3bd5bbec1158933ae0704e7c4"
"qoi-screenshot_game/001421_Spionagebericht_c4acb02c1a71.png","qoi-screenshot_game","733","575","421475","c4acb02c1a71a16142e9aa57d85236c0598231b27cf1de2a7fe81cac889717c5"
"qoi-screenshot_game/001422_Star_Trek_text_game_c8e01b317fa5.png","qoi-screenshot_game","517","304","157168","c8e01b317fa52946bc45a94ff54acb6be3fe87a07bb4b05cb87dc5623b6a1749"
"qoi-screenshot_game/001423_StationSnapshot1_2620c99ec9f0.png","qoi-screenshot_game","900","675","607500","2620c99ec9f0adeb9ce2c5495cfc831edd28408b7768375a3c79bedc45704411"
"qoi-screenshot_game/001424_StationSnapshot2_458968cea8a3.png","qoi-screenshot_game","900","675","607500","458968cea8a3dc96e864b312c9054ef1723b8fb79fd83f560e449438ba40fbae"
"qoi-screenshot_game/001425_Stay_Frosty__SpiceWare__1_067d1022c2a9.png","qoi-screenshot_game","320","210","67200","067d1022c2a987b2c3b56edfc5b1b0ebc0d0e01980f081149bf91ca7a93d3391"
"qoi-screenshot_game/001426_Stella_Shii_27Mori_939fff53cd8e.png","qoi-screenshot_game","929","520","483080","939fff53cd8e30e17adb97981f48786342aca0eb93b326493f96899045a94b31"
"qoi-screenshot_game/001427_Supertux_checkpoint_909f6c53ac40.png","qoi-screenshot_game","800","600","480000","909f6c53ac409abccbb53c794a8358743f9740491fa895c65def9eaeaffb11fc"
"qoi-screenshot_game/001428_SvsL_01_5efed811213d.png","qoi-screenshot_game","480","345","165600","5efed811213d25c20d1fcf9643c3dd5af748ca4e1e91e2d895bcc7bbb6d1e699"
"qoi-screenshot_game/001429_Synth_video_game_screenshot_D_eef150bb4d01.png","qoi-screenshot_game","1200","750","900000","eef150bb4d011ead07f887a5ad69d3a54f305e802445fdae387bc2f346aa86a5"
"qoi-screenshot_game/001430_Tacoma_ConferenceRoom_73a0eebaa43e.png","qoi-screenshot_game","1200","675","810000","73a0eebaa43e6311001335206f3f8dc5782a5aa192a6d362c30e855d0829b562"
"qoi-screenshot_game/001431_Tacoma_CrewMeeting_2d645972d5ad.png","qoi-screenshot_game","1200","675","810000","2d645972d5ad59aa57d83bbde3186e856288bfbf759f9b652ce7b1bfb55601cc"
"qoi-screenshot_game/001432_Tacoma_Kitchen_5765bbf07113.png","qoi-screenshot_game","1200","675","810000","5765bbf071130601d0d95777b94a8398aa00c7af6de5716084235e0f762e29f3"
"qoi-screenshot_game/001433_Tacoma_StationCentralHub_66ecd9625884.png","qoi-screenshot_game","1200","675","810000","66ecd962588422f60595fa4243b6f1c6f60824cd6cf35c8dd39426fdd54b62fb"
"qoi-screenshot_game/001434_Tacoma_StationExterior_d326ace9cd60.png","qoi-screenshot_game","1200","675","810000","d326ace9cd60d1510e0c1fabd85726a40d9d1fb3ddeb3cdafb5e105814ece9da"
"qoi-screenshot_game/001435_Tacoma_ZeroG_Figures_acd3d2e829ab.png","qoi-screenshot_game","1200","675","810000","acd3d2e829abe7be0fcd3948d9bb05fff1226180efaca7b27f6ecdc508926f50"
"qoi-screenshot_game/001436_Temporal_game_screenshot_dcd1eccc785b.png","qoi-screenshot_game","1024","768","786432","dcd1eccc785b0bf7ddecb5444b9e88ce6aa52c2e86d26abe7cc8c9482739c0c2"
"qoi-screenshot_game/001437_Ten_tiles_on_weekly_no_tabs_564x548_f5f01c1ba8d3.png","qoi-screenshot_game","564","548","309072","f5f01c1ba8d3dd3286925050ab8eed25cba5877974e9d1be94fc823502376467"
"qoi-screenshot_game/001438_Ten_tiles_on_weekly_no_tabs_full_res_edf9b440ed12.png","qoi-screenshot_game","749","733","549017","edf9b440ed1290d47f0ded6ccb4b44bd88c6ce3e5bd5b6c087d5bf2332bb3fb4"
"qoi-screenshot_game/001439_Terracota___Falando_c0424a4228b5.png","qoi-screenshot_game","1200","675","810000","c0424a4228b5adc1264fddf49bb737eeba84e745a32a45ae1e7f840529dd4dd5"
"qoi-screenshot_game/001440_Terracota___Falas_18917b71f7c6.png","qoi-screenshot_game","1200","675","810000","18917b71f7c64567a3a0d8c668f18392063f4f4373aa83eac6004926b7c7f393"
"qoi-screenshot_game/001441_Terracota___Jogo_menina_f98e99d8b03e.png","qoi-screenshot_game","1200","675","810000","f98e99d8b03ea23c0d3ae04ab472885b0731151a7939ab84e6e6077f1e222cc1"
"qoi-screenshot_game/001442_Terracota___Jogo_menino_ff00881d0cff.png","qoi-screenshot_game","1200","675","810000","ff00881d0cff33ac5620857bbb8572699b2e89f5d7cb5cd543301e5c7118b3a6"
"qoi-screenshot_game/001443_Terracota___Mapa_inicial_2369835081b4.png","qoi-screenshot_game","1200","675","810000","2369835081b4c2c0a2379ed0444b2410db3dd07e4ff6e31ca6aaaa9380004f49"
"qoi-screenshot_game/001444_Terracota___Mapa_meio_289d4a2f4a27.png","qoi-screenshot_game","1200","675","810000","289d4a2f4a270613f00f20a91d597e44a7c688a93aade335fb249cec6e7ce2d5"
"qoi-screenshot_game/001445_TerraMagnusGame_6c4b0a65548c.png","qoi-screenshot_game","700","528","369600","6c4b0a65548c4b70d8e7a420cc0a19764c79ae56188c8207507a0bd4e5b37d31"
"qoi-screenshot_game/001446_Testootebfjosa_275ebd40c340.png","qoi-screenshot_game","1200","551","661200","275ebd40c340768cb7b37fd00044289c7128dfae48913f2ad31eaa4a2e0f00b4"
"qoi-screenshot_game/001447_The_Bub_27s_Brothers_2f5189dafd52.png","qoi-screenshot_game","656","400","262400","2f5189dafd52b6fa06ee352dd0b6c945d1bbd9e9d6dd985e1f5c154cdca7cc2d"
"qoi-screenshot_game/001448_This_Is_the_Police___Screenshot_01_5883a4608fa0.png","qoi-screenshot_game","1200","675","810000","5883a4608fa0d30e04365a4b3400f699f119640f9ecd7a5ac682162e15f77d11"
"qoi-screenshot_game/001449_This_Is_the_Police___Screenshot_02_0036db1a4094.png","qoi-screenshot_game","1200","675","810000","0036db1a4094778e567079201d2e32b8e9eb75bd72da591c3f0fad3775e3bb9d"
"qoi-screenshot_game/001450_This_Is_the_Police___Screenshot_03_eafeb00dbcbe.png","qoi-screenshot_game","1200","675","810000","eafeb00dbcbe3cdbc9f2549ecf3bc9f0f03e3399bd7c3469fec576436eaa2c94"
"qoi-screenshot_game/001451_This_Is_the_Police___Screenshot_04_84a0f3ec68e6.png","qoi-screenshot_game","1200","675","810000","84a0f3ec68e604fec4398f86631cfcca4a1f2c5494348c93ab05d390f777e12a"
"qoi-screenshot_game/001452_This_Is_the_Police___Screenshot_05_26127672f94d.png","qoi-screenshot_game","1200","675","810000","26127672f94d9eb04fe46af6a6c95c3bafeafb316120c38f1911b429c7f248e1"
"qoi-screenshot_game/001453_This_Is_the_Police___Screenshot_06_8656d94983cd.png","qoi-screenshot_game","1200","675","810000","8656d94983cddca81621d9b7e2a2f1d857f713a51e76ac6b995cf78b1c295865"
"qoi-screenshot_game/001454_This_Is_the_Police___Screenshot_07_344f0abc028a.png","qoi-screenshot_game","1200","675","810000","344f0abc028aa16d38bb898e3b3777073bd6d039adc926236847321a27c6347f"
"qoi-screenshot_game/001455_This_Is_the_Police___Screenshot_08_283ee7246e85.png","qoi-screenshot_game","1200","675","810000","283ee7246e857f10e42373fd6c4a267a4e20f7e582cf78043237df12b9ae8d0d"
"qoi-screenshot_game/001456_This_Is_the_Police___Screenshot_09_b67a582f5a2a.png","qoi-screenshot_game","1200","675","810000","b67a582f5a2af963c81b5384841e3bba8571d8f76e208ebd9cf2a56ed325ac64"
"qoi-screenshot_game/001457_This_Is_the_Police___Screenshot_10_8be7a3ef881e.png","qoi-screenshot_game","1200","675","810000","8be7a3ef881ef231a7ed7dd2f0a7149abcb6b359f957f1984ae7bc68082d53b5"
"qoi-screenshot_game/001458_This_Is_the_Police___Screenshot_11_4e01e640ca39.png","qoi-screenshot_game","1200","675","810000","4e01e640ca394605516c9eeee2b1f3035f2497ade90f1f8321a6586f7b5bd19e"
"qoi-screenshot_game/001459_This_Is_the_Police___Screenshot_12_e2fb0a868e3c.png","qoi-screenshot_game","1200","675","810000","e2fb0a868e3c34506ea4f7e84c5fbbc66504e6b39cc0cf638647356d02dec36b"
"qoi-screenshot_game/001460_This_Is_the_Police_logo_horizontal_1ac799075e42.png","qoi-screenshot_game","1199","687","823713","1ac799075e429848ccb735ff7f4f22dd3497caad589e6ffa372cb77907863a76"
"qoi-screenshot_game/001461_Threes_development_process_art_mockup_01_4208ba59a06c.png","qoi-screenshot_game","640","960","614400","4208ba59a06c2afaff14fbf074fb8a29a764bc3983d6f73f223cd8a07175a6b9"
"qoi-screenshot_game/001462_Threes_development_process_art_mockup_02_904016bfbf0d.png","qoi-screenshot_game","640","960","614400","904016bfbf0d3d48924edb66780b5e7281818c231e3bd32f3616d6c8de7bed23"
"qoi-screenshot_game/001463_Threes_development_process_art_mockup_03_dfec6651240a.png","qoi-screenshot_game","640","960","614400","dfec6651240aed37af274bd514173366550a0ec3f7c139278deab006c7f43326"
"qoi-screenshot_game/001464_Threes_development_process_art_mockup_04_ef03d367878c.png","qoi-screenshot_game","640","960","614400","ef03d367878c7713da4f72863f98097e0431f2c1711c69da8745e646e79b1357"
"qoi-screenshot_game/001465_Threes_development_process_art_mockup_05_db917c13599a.png","qoi-screenshot_game","640","960","614400","db917c13599abebf90b29b5373b8a6fcba4ab7254f9acb1ec81b2304ad2135c2"
"qoi-screenshot_game/001466_Threes_development_process_art_mockup_06_05f6e3ae69ab.png","qoi-screenshot_game","640","960","614400","05f6e3ae69ab8766962fecf628567b4d23de4a2b5b6da11252540b24cfa3fc6e"
"qoi-screenshot_game/001467_Threes_development_process_art_mockup_07_f559612791eb.png","qoi-screenshot_game","640","960","614400","f559612791ebb9ad6dfd693de2cb8ed67d888f237dace1e5bf6f59d8ff9f3869"
"qoi-screenshot_game/001468_Threes_development_process_art_mockup_08_3ca789ba2db6.png","qoi-screenshot_game","640","960","614400","3ca789ba2db667b078028abfa14e1ad773e265817ec9804e72feab85971ea640"
"qoi-screenshot_game/001469_Threes_development_process_art_mockup_09_4d3039b5cd77.png","qoi-screenshot_game","640","960","614400","4d3039b5cd7725fabc7d2da21348566365c3f4a2363e44b0858062afd797f50a"
"qoi-screenshot_game/001470_Threes_development_process_art_mockup_10_760a3f344794.png","qoi-screenshot_game","640","960","614400","760a3f344794ded51509db2181d52531a93dfbc5b45e965f919b2972debaffc1"
"qoi-screenshot_game/001471_Threes_development_process_art_mockup_11_58e596255662.png","qoi-screenshot_game","640","960","614400","58e59625566292077f0b77a0bdf7a428256eaaaf08e2ebce58a4207ac95ba547"
"qoi-screenshot_game/001472_Threes_development_process_art_mockup_12_6fa8fdcb74b8.png","qoi-screenshot_game","640","960","614400","6fa8fdcb74b8b8be33fda182ea43b8f10f7ddc2227a26de3d49c989037409076"
"qoi-screenshot_game/001473_Threes_development_process_art_mockup_13_7faa2c43da08.png","qoi-screenshot_game","640","960","614400","7faa2c43da08537f954a2b1b195a61cff960688f0be1dba8b5c58c2507e3aece"
"qoi-screenshot_game/001474_Threes_development_process_art_mockup_14_a394988ebfa2.png","qoi-screenshot_game","640","960","614400","a394988ebfa2229e380847c7a7ed317519a2f875bab6f62fe083353d20cafe50"
"qoi-screenshot_game/001475_Threes_development_process_art_mockup_15_9bb71a3da6c2.png","qoi-screenshot_game","640","960","614400","9bb71a3da6c23e20491deaf99897c42cbd5ff7be4a0001699e4585263634784a"
"qoi-screenshot_game/001476_Threes_development_process_art_mockup_16_4eac115757a2.png","qoi-screenshot_game","640","960","614400","4eac115757a2c3b4128adffe75de2124ce86dd9bfadc0905bfeeeb864291d6ff"
"qoi-screenshot_game/001477_Threes_development_process_art_mockup_17_ad75917303db.png","qoi-screenshot_game","640","960","614400","ad75917303db767d8d3cdf5b09be6b9457aba73fa0e6ddff5b4f58c6a3eeb495"
"qoi-screenshot_game/001478_Threes_development_process_art_mockup_18_abc5fa7e4bd9.png","qoi-screenshot_game","640","960","614400","abc5fa7e4bd9bba0b8d5299c843e9566aaa948e09f536c78307189d47c8d5cb7"
"qoi-screenshot_game/001479_Threes_development_process_art_mockup_19_04c5f83236c1.png","qoi-screenshot_game","640","960","614400","04c5f83236c1afc18dca367d992dffd04c65383994331e9a8abed09e5c6fa8b8"
"qoi-screenshot_game/001480_Threes_development_process_art_mockup_20_f318158d88b6.png","qoi-screenshot_game","640","960","614400","f318158d88b63cf7fa2ce9cc1d39a413498e0119e489a9f9fdf649e70025ae81"
"qoi-screenshot_game/001481_Threes_development_process_art_mockup_21_4750251b35a3.png","qoi-screenshot_game","640","960","614400","4750251b35a3f7d0b8a80a80affc6bd65adfcdb8d155d5fbeca35cd622686e1c"
"qoi-screenshot_game/001482_Threes_development_process_art_mockup_22_01302ac8881a.png","qoi-screenshot_game","640","960","614400","01302ac8881aa30f4c3622e4abb6dea2b244761b07b816beac10ae473a079ca7"
"qoi-screenshot_game/001483_Threes_development_process_art_mockup_23_fd48b38acbca.png","qoi-screenshot_game","640","960","614400","fd48b38acbcaeb537fe03ef64d9166747be45aa310bd57e5eeccdedeb5e8b3be"
"qoi-screenshot_game/001484_Threes_development_process_art_mockup_24_1ec6d93ad888.png","qoi-screenshot_game","640","960","614400","1ec6d93ad888e923d528370f8eb0fc433af23dc650f55a254fd9afaadbb7fdd4"
"qoi-screenshot_game/001485_Threes_development_process_art_mockup_25_18b10fcc256b.png","qoi-screenshot_game","640","960","614400","18b10fcc256bfc9ff3d951a23f8344960845d13d795621ad5033fa8de7b61fb4"
"qoi-screenshot_game/001486_Threes_development_process_art_mockup_26_cb0ceb5fad9c.png","qoi-screenshot_game","640","960","614400","cb0ceb5fad9cb604ee2fbd155b626d85ffbb7e0cbbc1579d9cbccc64eb356077"
"qoi-screenshot_game/001487_Thrust_InGame_6b51d3bfc92a.png","qoi-screenshot_game","320","210","67200","6b51d3bfc92a53ed796ff67d1760cdeb7592a65a0dcfa6b5722c2e3cff945fef"
"qoi-screenshot_game/001488_Thrust_Title_2654127ca877.png","qoi-screenshot_game","320","210","67200","2654127ca877f33e9c0bc8b8603fa3cf93dee7e41488a2024f40bf9d6371a46b"
"qoi-screenshot_game/001489_Tile_World_4b45de313b8e.png","qoi-screenshot_game","654","497","325038","4b45de313b8ec0d0fbac7d5c10092ac24bebbe505662f65157f29b6d4538693f"
"qoi-screenshot_game/001490_TMW_Screenshot_15_1e76df88012b.png","qoi-screenshot_game","800","600","480000","1e76df88012b0361cf4429bed3608c9b28221ec68c6c6f40b09fc12110edd220"
"qoi-screenshot_game/001491_Tooth_and_Tail___Development_1_c44d645fada6.png","qoi-screenshot_game","1200","698","837600","c44d645fada6e0150a8cfa33609c5b25d6b8ed5e51919a13f4500adcba799d8d"
"qoi-screenshot_game/001492_Tooth_and_Tail___Development_2_2fb3825ac006.png","qoi-screenshot_game","1200","677","812400","2fb3825ac00631de4e34c842e0eca471c53387aca7bdbc6d91453e0ae8a7a7b6"
"qoi-screenshot_game/001493_Tooth_and_Tail___Development_3_2d659b6e86f1.png","qoi-screenshot_game","1200","676","811200","2d659b6e86f10485bbc9ec1ae488fd1c7ef65b6b9ae409753c6246c0fa7579d8"
"qoi-screenshot_game/001494_Tooth_and_Tail___Development_4_58d0bcd47b42.png","qoi-screenshot_game","1200","698","837600","58d0bcd47b427f0abf370809ff7e3bcfe870604d7fd10bdd4e629e89473e8278"
"qoi-screenshot_game/001495_Towdie_Screenshot_4622004a6631.png","qoi-screenshot_game","1024","768","786432","4622004a6631195213483471bdc6b32555577f15e6ac3e9d2236f845692fe6de"
"qoi-screenshot_game/001496_TowerFall_Backfire_2cf1630e0cb0.png","qoi-screenshot_game","960","720","691200","2cf1630e0cb0257d2363aa0161fd788e58ee57ab97a46c32ee48c00f2316dd47"
"qoi-screenshot_game/001497_TowerFall_Flight_afb9b4fe1da3.png","qoi-screenshot_game","960","720","691200","afb9b4fe1da374fbcab3181d76242276a0b1864c6546a1e6c88e99b3ab4f2556"
"qoi-screenshot_game/001498_TowerFall_Kings_Court_4e43d742afca.png","qoi-screenshot_game","960","720","691200","4e43d742afca92d94142fd71566be3a8870b2bb561c062aceca4b8747a27f33e"
"qoi-screenshot_game/001499_TowerFall_Mirage_d1fb0c22075b.png","qoi-screenshot_game","960","720","691200","d1fb0c22075b3fdd3ac1b08764f6ce94989f54fe1417237ad38bb1c0b6a620cb"
"qoi-screenshot_game/001500_TowerFall_Sacred_Ground_de69e9df09a4.png","qoi-screenshot_game","960","720","691200","de69e9df09a4a21a4c9ec0289d46799f60401fcc52be1bf6bc8133e3ef77420a"
"qoi-screenshot_game/001501_TowerFall_Thornwood_bcce76147d49.png","qoi-screenshot_game","960","720","691200","bcce76147d49acb20d3015eea822769a3fcc2bbd763d61e79c07688a65dc9cf4"
"qoi-screenshot_game/001502_TowerFall_Twilight_Spire_2deca7ff60e0.png","qoi-screenshot_game","960","720","691200","2deca7ff60e0609d1eb21141682b3e719d93dce251bb5a7377ffde696acf61e7"
"qoi-screenshot_game/001503_Town_of_Xenon_1c753d586bf2.png","qoi-screenshot_game","480","480","230400","1c753d586bf2f33a8418df3c303456684513c0b900d3b72d3c89eaf16f72c0cb"
"qoi-screenshot_game/001504_Trainspotting_648d81e4c070.png","qoi-screenshot_game","240","216","51840","648d81e4c07041c3d5097a02ab74494a0ca17e407af27c97d94fd723589e28d2"
"qoi-screenshot_game/001505_Trainyard_game___Cooksville_Creek_level_screenshot_5c400fe3b38f.png","qoi-screenshot_game","640","960","614400","5c400fe3b38fc816eb0a4e19d4ea1dd22c0a4fb6cde4fa8a0f3f3832a654e6b5"
"qoi-screenshot_game/001506_Trainyard_game___Machine_Gun_level_screenshot_6349f0b2324a.png","qoi-screenshot_game","640","960","614400","6349f0b2324ab8b2ad28a48111627035db5841c81da9c9d811867519898282b6"
"qoi-screenshot_game/001507_Trainyard_game___Magic_Carpet_level_screenshot_f45da74007ad.png","qoi-screenshot_game","640","960","614400","f45da74007ad1117b4dbc8504a244078117d304f112c8cfd7efe70bbfbf0a6a7"
"qoi-screenshot_game/001508_Trainyard_game___prototype_screenshot_dated_2009_May_dd909ffa3f69.png","qoi-screenshot_game","320","480","153600","dd909ffa3f699acbc51badd886e789d437b0e6e1433c86359c3eb89ac8b3007e"
"qoi-screenshot_game/001509_Trainyard_game___prototype_screenshot_dated_2009_November_8bca77814e55.png","qoi-screenshot_game","708","554","392232","8bca77814e553a13156d12ae6448ac229ff491d366c66ffa78368151d79cb3a3"
"qoi-screenshot_game/001510_Trainyard_game___Quaddy_prototype_screenshot_90ac4371df45.png","qoi-screenshot_game","320","480","153600","90ac4371df454b45c07d3193c1a7d12efb5a9f1a35573b8741200db4cb58896a"
"qoi-screenshot_game/001511_Trainyard_game___screenshot_of_mixing_colors___1_of_3_6c30596dfee1.png","qoi-screenshot_game","640","960","614400","6c30596dfee18bc17eb2a4415988a979642c82befc24dbaee7e5b594ab13874a"
"qoi-screenshot_game/001512_Trainyard_game___screenshot_of_mixing_colors___2_of_3_750c7f623473.png","qoi-screenshot_game","640","960","614400","750c7f6234739aced4b046d254e8663fa618639e865cc042a9da33f526b99c49"
"qoi-screenshot_game/001513_Trainyard_game___screenshot_of_mixing_colors___3_of_3_ff5bd928fca2.png","qoi-screenshot_game","640","960","614400","ff5bd928fca251043568bb3971ed3925ba74e57076c027d96f0fda0a819c1051"
"qoi-screenshot_game/001514_Trashmania_2_94ba8293dc0d.png","qoi-screenshot_game","640","420","268800","94ba8293dc0d7db7b82adf975b6ffc81d40327ead23f87997022dd9bdaab1558"
"qoi-screenshot_game/001515_Trashmania_3_d5e01b0b48a4.png","qoi-screenshot_game","640","420","268800","d5e01b0b48a4d079ca9ab053b92cdebd345da4b39d5d74a1a35c49bc4d219499"
"qoi-screenshot_game/001516_Trek73_video_game_screenshot_ae5367938aec.png","qoi-screenshot_game","640","400","256000","ae5367938aece60f449080fae9dd451384ac9eccac27ac974ce5e6724f84e05b"
"qoi-screenshot_game/001517_Trini_Shii_22Mori_2a09978d2c71.png","qoi-screenshot_game","841","467","392747","2a09978d2c7122a8539fcef708e90d7e024ba4f9907f1b16320a5eb4de5e1a5d"
"qoi-screenshot_game/001518_Triplane_Turmoil_screenshot_851d7948a096.png","qoi-screenshot_game","320","200","64000","851d7948a09695489af3cbab5f1c5dff682d7b0d402e2969f11827f74d67fc9c"
"qoi-screenshot_game/001519_Turbo_Rubber_Ducky_Shootout_535efdd9655a.png","qoi-screenshot_game","320","240","76800","535efdd9655aa6d86119c815efcdb96dc5437a02799619d571c04870067038e9"
"qoi-screenshot_game/001520_Tutojob_4a14bb0231b3.png","qoi-screenshot_game","732","461","337452","4a14bb0231b3e08b5fc03056bf44aa3eb04e76704102888aa40e88fa72a7bb49"
"qoi-screenshot_game/001521_Tux_Racer_gameplay__pre_v0.60_61179d61b4cb.png","qoi-screenshot_game","800","600","480000","61179d61b4cb7228fdb781b8155dcdfe4081ba4f259297698617778e82bfa00c"
"qoi-screenshot_game/001522_VideoOlympics_d468bb018253.png","qoi-screenshot_game","1200","769","922800","d468bb0182532fa65628c61005412f5736e5b51964e1f8abff104663b2d80e76"
"qoi-screenshot_game/001523_Virtual_portal_or_magic_lens_29a50c7f7cab.png","qoi-screenshot_game","620","512","317440","29a50c7f7cabe79a8d13fb2e48976fab0d4a14303e186d5ee1f2613f66af9419"
"qoi-screenshot_game/001524_Volcano_5e56e8809c10.png","qoi-screenshot_game","640","480","307200","5e56e8809c1079dfcea6b84717b73169a33c6b36768a711694b34b250c3767dc"
"qoi-screenshot_game/001525_Wc4source_2e8ebccf2715.png","qoi-screenshot_game","784","424","332416","2e8ebccf2715fe8b91821c6d0e0980ffbdb8a59f6ff2064cdcf258685b409970"
"qoi-screenshot_game/001526_Winners_Dont_Use_Drugs_dbf47b7f3cd8.png","qoi-screenshot_game","320","224","71680","dbf47b7f3cd8d0c9341f03c3287594632eb6a33ad7c702a571314a2d48133ee3"
"qoi-screenshot_game/001527_WorldWar3Preview_3b3c216ab4ec.png","qoi-screenshot_game","646","512","330752","3b3c216ab4ec0ad2c22f1437da182af1bda073793eefe87d90cafda384fcb1e3"
"qoi-screenshot_game/001528_Wurfel_Engine_screenshot_09103ff7ded9.png","qoi-screenshot_game","1200","675","810000","09103ff7ded902d33f994126a0fbc755214e13e26ce399ffe3de5bfc9b58a5f9"
"qoi-screenshot_game/001529_X_pired_050124e146b7.png","qoi-screenshot_game","410","427","175070","050124e146b7c34a5878a9badd1bebe92b43a4df9847f5ff6efa4a9df086a894"
"qoi-screenshot_game/001530_Xjump_4d86a9194f5c.png","qoi-screenshot_game","542","699","378858","4d86a9194f5c7a7a88650bd411bcf575d5b06240ed926b0da15c65042fe3b834"
"qoi-screenshot_game/001531_Xlogical_b158153f5a08.png","qoi-screenshot_game","800","600","480000","b158153f5a0889e678cc2099c0534984a2135fa73ed52f934a067993cd1e6715"
"qoi-screenshot_game/001532_YarsRevengeEasterEGG_9af51242fd8d.png","qoi-screenshot_game","1200","750","900000","9af51242fd8df8abe16e8c32944200db61467856bd0f375a2d6b85900528d399"
"qoi-screenshot_game/001533_Yoda_Soccer_screenshot_2f2a5077aa55.png","qoi-screenshot_game","640","480","307200","2f2a5077aa550f413db487cb2883a1e865ad5c7e603c79a28127e8c2dd840744"
"qoi-screenshot_web/001534_amazon.com_a13b57e51d36.png","qoi-screenshot_web","1313","6097","8005361","a13b57e51d36dfce2cd1726b7b7cb1214e53c7f50c10460c4463fc6198439d2a"
"qoi-screenshot_web/001535_apple.com_ec67b0d73a8a.png","qoi-screenshot_web","1313","4755","6243315","ec67b0d73a8a09309a8c4d47b0c8678dc1a1f2e16f84d9a181ec084f71107f46"
"qoi-screenshot_web/001536_cnn.com_9eecc378ef4f.png","qoi-screenshot_web","1313","5241","6881433","9eecc378ef4f752e3e759d90abb0200c37fa81f48c63cf5f2a6388e18ec68826"
"qoi-screenshot_web/001537_creativecommons.org_fd1544701956.png","qoi-screenshot_web","1551","4354","6753054","fd15447019569238221ef6f088a7d3c62b2f4c1ee72a4aedd2551336926ae28f"
"qoi-screenshot_web/001538_duckduckgo.com_12d2102f6c3c.png","qoi-screenshot_web","1313","2874","3773562","12d2102f6c3c2bd90e82795da164e1fda0070097dd1215c67861fd138534a0e0"
"qoi-screenshot_web/001539_en.wikipedia.org_4d7e59fb3335.png","qoi-screenshot_web","1313","2936","3854968","4d7e59fb3335ec1f8ea3d2dbc9f803ae0450b89ec9958e70384cf50bd471cdf2"
"qoi-screenshot_web/001540_imdb.com_f001fded185b.png","qoi-screenshot_web","1313","6441","8457033","f001fded185b79faea751c130f03b7b66da5be4f80dc85051a26b3bc77a798b4"
"qoi-screenshot_web/001541_microsoft.com_ff4a9c3fda52.png","qoi-screenshot_web","1313","3328","4369664","ff4a9c3fda52c3b252d3ff6fc5d623e657c1dd44d5f9a7641b5e3901b3dc3f67"
"qoi-screenshot_web/001542_news.ycombinator.com_9efb575c864c.png","qoi-screenshot_web","1325","1450","1921250","9efb575c864cdbcfee7e5103537dc8404ba5ba1cd87e6771819a432f27bf6632"
"qoi-screenshot_web/001543_nytimes.com_b7c3af623072.png","qoi-screenshot_web","1313","5780","7589140","b7c3af623072a6f52550bd8b0035e2f5abb3bfeeba86d6acd9833444f1d7d5ac"
"qoi-screenshot_web/001544_reddit.com_e54fb24c0366.png","qoi-screenshot_web","1313","8008","10514504","e54fb24c03668eefd104eb5305d80d038e6ed6f953e4307bd4ad2ac006f94931"
"qoi-screenshot_web/001545_stripe.com_28673af0821a.png","qoi-screenshot_web","1313","6603","8669739","28673af0821a4241af28b5b5cb478ea73f16aca968af14a97806bd04d4968556"
"qoi-screenshot_web/001546_sublime_38abc1ae55ad.png","qoi-screenshot_web","1008","9513","9589104","38abc1ae55ad0d7ed86973f205e82e0c8c308707c820e5b270c02480aed13694"
"qoi-textures_photo/001547_clover_cbc3b2028c10.png","qoi-textures_photo","1024","1024","1048576","cbc3b2028c10ceeae325abc94e1a5a558bc47165bd963383c66dd8fcc44700a9"
"qoi-textures_photo/001548_grass1_9a3bf5c6e91d.png","qoi-textures_photo","1024","1024","1048576","9a3bf5c6e91d25309d84265a647e57d19a7d2a79ae3fe19081707406a8698c2d"
"qoi-textures_photo/001549_IMGP5480_seamless_884265b182b7.png","qoi-textures_photo","1024","1024","1048576","884265b182b74e81b18fbf26b54625f1ddf6454866c66a6634170489e338f382"
"qoi-textures_photo/001550_IMGP5482_seamless_074db5f48d88.png","qoi-textures_photo","1024","1024","1048576","074db5f48d88116ef475a8f29259a380c047a858bbe90b3e124185a229f1290b"
"qoi-textures_photo/001551_IMGP5487_seamless_fd9e82a86c85.png","qoi-textures_photo","1024","1024","1048576","fd9e82a86c850496eb8046a4cb77f7c098f350a618f234992b4b5990a7273f00"
"qoi-textures_photo/001552_IMGP5493_seamless_1_1804e674fc4e.png","qoi-textures_photo","1024","1024","1048576","1804e674fc4effd2a8ee0348aa09fc964032d9c5a088c8a64fd23e80c2a02301"
"qoi-textures_photo/001553_IMGP5493_seamless_2_8953a07c43b0.png","qoi-textures_photo","1024","1024","1048576","8953a07c43b08ad775ef011aa4cd0a93eba86b1012391970f3ac01849ab9e160"
"qoi-textures_photo/001554_IMGP5497_seamless_dcce33c77d8e.png","qoi-textures_photo","1024","1024","1048576","dcce33c77d8e6de495f4f0c4faa52aa5015293b3a2d9f6631a376e25d8a92614"
"qoi-textures_photo/001555_IMGP5498_seamless_3fd0716ef4b0.png","qoi-textures_photo","1024","1024","1048576","3fd0716ef4b098565986aed3cfa0a03a2ce546794328d513e244e58b6964bd0e"
"qoi-textures_photo/001556_IMGP5505_seamless_4ebd2f2645ac.png","qoi-textures_photo","1024","1024","1048576","4ebd2f2645ac3b2762a569853547ba44b4cc746e0bf6e4a5a59bf8ab7b61c559"
"qoi-textures_photo/001557_IMGP5511_seamless_8b7d44bfc181.png","qoi-textures_photo","1024","1024","1048576","8b7d44bfc1812bfdeb7ff41fe2fbf58c8746cd1a22d92af2f2bb26bc8bde7046"
"qoi-textures_photo/001558_IMGP5514_seamless_1_b0e084b502c3.png","qoi-textures_photo","1024","1024","1048576","b0e084b502c3b5c518fe70ab0c6de8fe4f0a526c1890e75e01992584a2c07fa1"
"qoi-textures_photo/001559_IMGP5514_seamless_2_efd2c235718d.png","qoi-textures_photo","1024","1024","1048576","efd2c235718df5fd3ed3466626367bee4f615ffc36f2e58987d180d301995b56"
"qoi-textures_photo/001560_IMGP5525_seamless_33313b0a78d1.png","qoi-textures_photo","1024","1024","1048576","33313b0a78d14fa4d53ed3d640b60ebacb253e87bbf60c778287154de444184e"
"qoi-textures_photo/001561_IMGP5539_almost_seamless_73dd55d12786.png","qoi-textures_photo","1024","1024","1048576","73dd55d12786c85b1b8fcd31bb275b2ca7b8220a491f0b4eee9d47c507266a04"
"qoi-textures_photo/001562_IMGP5546_seamless_abb577e685cb.png","qoi-textures_photo","1024","1024","1048576","abb577e685cb54b2cd7394ca04170f9dd96bd538fa87b69e6502b8a4c82292d3"
"qoi-textures_photo/001563_rock01_b7be8b4b2ad3.png","qoi-textures_photo","1024","1024","1048576","b7be8b4b2ad35d1c8234ac64236efcd7c0ffe0b79d3c218ce2030c28cec87b69"
"qoi-textures_photo/001564_rock02_2_6502f58c72d8.png","qoi-textures_photo","1024","1024","1048576","6502f58c72d86a798c8e0e0df50bd3d2fa8cedba75cba523a6a517d059debe9c"
"qoi-textures_photo/001565_rock02_5601602a48b3.png","qoi-textures_photo","1024","1024","1048576","5601602a48b3519ccdce0a868a3ccc8f16124330ededcdee5c9d1a638f5b7d7c"
"qoi-textures_photo/001566_rock03_4dddf7275b5d.png","qoi-textures_photo","1024","1024","1048576","4dddf7275b5d87fda06b3148dbd99a5fade4617325b1ac09049bb992fdaab7d6"
"qoi-textures_pk/001567_pkf_water1_1969ae771ce5.png","qoi-textures_pk","128","128","16384","1969ae771ce568c2a9b7b472aeb0f75b3b10cff205a81eb65934e01b1cf34b1a"
"qoi-textures_pk/001568_blaztree1_a11d64e16d36.png","qoi-textures_pk","256","256","65536","a11d64e16d36f348ce1d8932197b53af7e9139806e66cf0377875f38971c5287"
"qoi-textures_pk/001569_blaztree2_01db961b9677.png","qoi-textures_pk","256","256","65536","01db961b96776b3e06401e13dd00781552fff52a4842d287fcdae0444e2606a5"
"qoi-textures_pk/001570_blaztree3_73f143a7223c.png","qoi-textures_pk","256","256","65536","73f143a7223cb200c4cd360fd6110cacac63221326f85665f2465d47f1a74be8"
"qoi-textures_pk/001571_blaztree4_6bec1bc5e181.png","qoi-textures_pk","192","256","49152","6bec1bc5e1810d56109c018be5c5dfd64399c77d4ed2dc67d235eb501de7b4e0"
"qoi-textures_pk/001572_blaztree5_ea63f798a4ed.png","qoi-textures_pk","192","256","49152","ea63f798a4ed9cf9345434379740d65ce5f8047b7cdf47c48509c74298ab9ad2"
"qoi-textures_pk/001573_blaztree6_024561c909eb.png","qoi-textures_pk","160","256","40960","024561c909eb8cdf1c5b72805c0e72ce999a72b2815af316d65a90ed96383866"
"qoi-textures_pk/001574_blaztree7_7a7aa62967ed.png","qoi-textures_pk","256","256","65536","7a7aa62967eda80e946963c50990d9c3b016df9428b7d081065bc9d4ac63847a"
"qoi-textures_pk/001575_her_bar_1_a78e17ff9e92.png","qoi-textures_pk","16","48","768","a78e17ff9e92d2f9287315381f38c79189968c56d0fb8149ab2b643fcda425f7"
"qoi-textures_pk/001576_her_for_1_62a00b952520.png","qoi-textures_pk","256","256","65536","62a00b95252098e17c6fb91fc4dab0a6c16eb68e10d0b0027d51bb25db35d867"
"qoi-textures_pk/001577_maz_leaves_fec9182da995.png","qoi-textures_pk","128","128","16384","fec9182da9956eb1795f64a93e0f514d778e16b485d3eec18b3d7ad590dfdd6e"
"qoi-textures_pk/001578_maz_leaves1a_c3ba0df34d0e.png","qoi-textures_pk","256","256","65536","c3ba0df34d0ee84a4a6c9f621b7c8931ca51de6c9f3de98711751fafb80dbe5f"
"qoi-textures_pk/001579_maz_leaves1b_af7e268d3b16.png","qoi-textures_pk","256","128","32768","af7e268d3b160b2b3dd83d5783d6fffcf7ff98435bacc1ddaa6f4c849c5d4335"
"qoi-textures_pk/001580_maz_leaves1c_6bdf55b54d12.png","qoi-textures_pk","512","256","131072","6bdf55b54d12c98b0dbe920b61b13749f9fbdc863222f6f365b5db7e8c5ace51"
"qoi-textures_pk/001581_maz_leaves2_1a6d807f75e1.png","qoi-textures_pk","256","256","65536","1a6d807f75e130634298db4702358ff1f11805a5c2932f5e373a5c402e2c7c80"
"qoi-textures_pk/001582_mazy_ofloor1_e9ffd24ab68e.png","qoi-textures_pk","256","256","65536","e9ffd24ab68ea8e031783f2625c6e514e6a7dd4f84d6e5763b2c3101510ffff2"
"qoi-textures_pk/001583_mod_labfloor1_92f883227be4.png","qoi-textures_pk","256","256","65536","92f883227be4fd32928a95c0c36ab0b6cf524047ef26abc72d8792a7803378f4"
"qoi-textures_pk/001584_mod_labgrate1_2c5ee3be1e6e.png","qoi-textures_pk","256","256","65536","2c5ee3be1e6ee50b4f159c55436efbbd8805eff7fc9a52aecbc1d02931db33ec"
"qoi-textures_pk/001585_mod_labgrate2_0d201e9f4a99.png","qoi-textures_pk","256","256","65536","0d201e9f4a994aa34e5112d31820e2772889db89c744b65056fe2c489d1e8dce"
"qoi-textures_pk/001586_mod_labgrate3_b996c1485b0c.png","qoi-textures_pk","256","256","65536","b996c1485b0c472f2ea75c4a7d429bc6223e8e1c99dadcba52f72111a9cd2928"
"qoi-textures_pk/001587_mod_window1_722b9b75fbcf.png","qoi-textures_pk","64","128","8192","722b9b75fbcffcf885c26dc17e6e63bfd67dd774e32aca02c62bead6de2e8c3c"
"qoi-textures_pk/001588_mod_window2_5182f8b3a43d.png","qoi-textures_pk","64","128","8192","5182f8b3a43df531bd93095374f21eaac1007192a3b4cbf775d45c605b54907f"
"qoi-textures_pk/001589_pk_chbamboo1a_7f548ba30242.png","qoi-textures_pk","64","128","8192","7f548ba302423bc12a21b3bac890497e66a7f0096110de409fc177a4c38d970b"
"qoi-textures_pk/001590_pk_chbamboo1b_0f3908c529d2.png","qoi-textures_pk","64","128","8192","0f3908c529d29b9199da5d9a1abf8435d4dff251c4f38accddc7e46b1cae3890"
"qoi-textures_pk/001591_pk_chcomwood1_1b580ea16290.png","qoi-textures_pk","256","256","65536","1b580ea16290208ca58f5d3a9bd9a6141972c0129ac27d8427b6a73919aabd20"
"qoi-textures_pk/001592_pk_chincarpet1_82583b44aea5.png","qoi-textures_pk","128","128","16384","82583b44aea5a76f93ff07898c42eb288a8b2f0d3a22f8ba7e3941c1732c590b"
"qoi-textures_pk/001593_pk_chleaves1a_0f4f1173ae28.png","qoi-textures_pk","128","128","16384","0f4f1173ae28ce67b853ad50d687d39755a3c746bdfa1a7b91c23b538dd0b38b"
"qoi-textures_pk/001594_pk_chleaves1b_dad48d312dbb.png","qoi-textures_pk","256","256","65536","dad48d312dbbd704ad0b0ba29062885cf5b190f3f72e7227faf477e9c2e81220"
"qoi-textures_pk/001595_pk_chleaves1c_ad326f7bd5ed.png","qoi-textures_pk","256","256","65536","ad326f7bd5ed06d9b89e13208790234b7e959db9c0096586f6048a42d65a3242"
"qoi-textures_pk/001596_pk_chleaves1d_b039d0fff0ca.png","qoi-textures_pk","256","256","65536","b039d0fff0ca7526e6cafd59bb0f04692d72fc3078939e08f678eb02ae7e671b"
"qoi-textures_pk/001597_pk_chleaves1e_a8567b8040ca.png","qoi-textures_pk","256","128","32768","a8567b8040ca28aba64f98a1d33adf9e60bf22ba5d44a15c12e6c93ebeab39c0"
"qoi-textures_pk/001598_pk_chleaves2a_ca0eec3e446c.png","qoi-textures_pk","128","128","16384","ca0eec3e446c160d04e8b5ec61c0233e258d441551250666169dd4494823617e"
"qoi-textures_pk/001599_pk_chleaves2b_254505ed0760.png","qoi-textures_pk","256","256","65536","254505ed076065da48a548fdd7e1ee737d102d466ca1a803093c510ab92faee8"
"qoi-textures_pk/001600_pk_chleaves2c_37f2b06861d3.png","qoi-textures_pk","256","256","65536","37f2b06861d3ab92bfaf6f307a01aae1d4a9d9d7ce3b08d110e75052a27d8e10"
"qoi-textures_pk/001601_pk_chleaves2d_32adf6451ca0.png","qoi-textures_pk","256","128","32768","32adf6451ca0d39b7fc545ec31f90e85457683a892d676ec432803cd21f38d43"
"qoi-textures_pk/001602_pk_chvines1a_58dbda6b8f89.png","qoi-textures_pk","128","256","32768","58dbda6b8f899ebf28a90044b03cbcea3062b77434985a4a9040446d20bda582"
"qoi-textures_pk/001603_pk_chvines1b_4b4bbf2a1ae9.png","qoi-textures_pk","64","128","8192","4b4bbf2a1ae96647d4eef3b2426b37d4eb7d011b823d6c6ba6305e72c46f48bd"
"qoi-textures_pk/001604_pkf_auttrees1a_cd45cad27a80.png","qoi-textures_pk","256","256","65536","cd45cad27a8062ff3cec6d61028715a68a612a40ed2c7aa5b598e5da1c068aec"
"qoi-textures_pk/001605_pkf_auttrees1b_c7ba9c07e54c.png","qoi-textures_pk","256","256","65536","c7ba9c07e54c260e20de4b341ca725897b0d00aef5925d8b6128f8003f68c6b2"
"qoi-textures_pk/001606_pkf_auttrees1c_f392b844a765.png","qoi-textures_pk","256","256","65536","f392b844a765cc807dd69b90bda48e09f834e44e53868f8aa07275ad127637f1"
"qoi-textures_pk/001607_pkf_fence1_741106961b48.png","qoi-textures_pk","128","32","4096","741106961b48122bf7c94b6b27a3722539fbd40b39c3a6e8ff680f3c6bc59035"
"qoi-textures_pk/001608_pkf_fence2a_882948f47940.png","qoi-textures_pk","256","256","65536","882948f479400217b51eb66ea7ed57b0532eefe55c71982817f1c6fa25ae6560"
"qoi-textures_pk/001609_pkf_fence2b_4f86bfa76ac1.png","qoi-textures_pk","256","256","65536","4f86bfa76ac1f2fae3d9e8d920c33ba375913a3bcf8fedaaac8d15b75b5a2d4d"
"qoi-textures_pk/001610_pkf_fence2c_2b1d64e6a2eb.png","qoi-textures_pk","256","256","65536","2b1d64e6a2eba398cdff74188363d469570ab5c421e42e829dc2fae4d4d7fb3d"
"qoi-textures_pk/001611_pkf_planks1a_5949865b4e5f.png","qoi-textures_pk","256","256","65536","5949865b4e5f36249cd5d36f2bb97658f8419a4fc1ebfecffb0daf903809680c"
"qoi-textures_pk/001612_pkf_planks1b_3c429094b515.png","qoi-textures_pk","256","256","65536","3c429094b51578a3419ba52cfb03d986751ad402b4c5cbda0a9971794a685052"
"qoi-textures_pk/001613_pkf_planks1c_2b135891b1a6.png","qoi-textures_pk","256","256","65536","2b135891b1a69183604592199ae54ac6e1f197aba95d1c1e19ec285ee2aa4a66"
"qoi-textures_pk/001614_pkf_shopgrate1_3a803c26c797.png","qoi-textures_pk","128","128","16384","3a803c26c797f0b816843650a75ff763b3e125dc3090201231fc919c22a406aa"
"qoi-textures_pk/001615_pkf_shopgrate2_723ab2a86f93.png","qoi-textures_pk","128","128","16384","723ab2a86f93314e8edfc135aa96b375f27db757a3e2141b68528ebe6373f24b"
"qoi-textures_pk/001616_pkf_tree1a_96c83f828643.png","qoi-textures_pk","256","256","65536","96c83f82864379c54567cc9be44a049246454abc64bda54d4334e48c43e3ce17"
"qoi-textures_pk/001617_pkf_tree1b_d6665483ef6d.png","qoi-textures_pk","256","256","65536","d6665483ef6d7fa9c37524d5fe34621e477c63aebb0986c5843346d011445168"
"qoi-textures_pk/001618_pkf_tree2a_4088c02555b5.png","qoi-textures_pk","256","256","65536","4088c02555b597111d11ab54c8e657a63355607aff0f13ac53662229fe9d5378"
"qoi-textures_pk/001619_pkf_tree2b_8ac6d384e731.png","qoi-textures_pk","256","256","65536","8ac6d384e731150f62869e2c398f7adc17a9aba9a710a7f5dd8d2f17842fb338"
"qoi-textures_pk/001620_pkf_tree2c_f337b5b3c658.png","qoi-textures_pk","256","256","65536","f337b5b3c6584e95510cda8206f214a20083032588bd81a0c2623f3a2231fb1f"
"qoi-textures_pk/001621_pkw_fence_d1cc5d2daebb.png","qoi-textures_pk","256","64","16384","d1cc5d2daebb5ef59171e273b8791126e7da53285c696f83774cb5e71ae0b9af"
"qoi-textures_pk/001622_pkw_fence01_172a864f3ebd.png","qoi-textures_pk","256","32","8192","172a864f3ebde4e9b1f40e012ae93f202ff8ab49d403ad050b27eccd4b2ef267"
"qoi-textures_pk/001623_pkw_wheel01_e267190b97c6.png","qoi-textures_pk","64","64","4096","e267190b97c6a06ea7df71fa050e3b687705afb4ae89e5581bfa17f5c98a866d"
"qoi-textures_pk/001624_pkw_wood01a_5cc17f235b89.png","qoi-textures_pk","128","256","32768","5cc17f235b89c21dc2b150cc86d209e7019cd2e4a36c89cf36a108c286114cbb"
"qoi-textures_pk/001625_pkw_wood01b_71c339fd28e5.png","qoi-textures_pk","128","256","32768","71c339fd28e58bc6bcd5cc1397d61607f80141fc42987419faf069925bf62eda"
"qoi-textures_pk/001626_pkw_wooden01_3cd444d51c2c.png","qoi-textures_pk","128","128","16384","3cd444d51c2c973f3ddde3c9c572185357af13f6506c7dfe4847c2c89a618270"
"qoi-textures_pk/001627_SW_Tree01_263fa76ca438.png","qoi-textures_pk","256","256","65536","263fa76ca43892c6aea8dc65ffe7f7d8cd3ef4ac17c955094379eb7f56d9addf"
"qoi-textures_pk/001628_SW_Tree02_6eb6449f6a43.png","qoi-textures_pk","160","256","40960","6eb6449f6a438b80467798ecafbfc437f43ac660094c4e139003ba0b2cc155d6"
"qoi-textures_pk/001629_SW_Tree03_4b5f83a1eea2.png","qoi-textures_pk","192","256","49152","4b5f83a1eea25ec47d498919acdcac72c1dc4904fe434403d01778ceeec14a37"
"qoi-textures_pk/001630_SW_Tree04_97aea9382241.png","qoi-textures_pk","192","256","49152","97aea9382241da364ff13589592cf9dac934dcb0ca63b7982c10af31fb9e576b"
"qoi-textures_pk/001631_SW_Tree05_dd5572d2afbb.png","qoi-textures_pk","256","256","65536","dd5572d2afbb7c580c3e1951a6947a15e1fe930525442f3d3521821e787c947c"
"qoi-textures_pk/001632_SW_Tree06_f8675a765f9c.png","qoi-textures_pk","256","256","65536","f8675a765f9ceca79d1775c47b89bcfeea6df3b904b7373cd729a433c6baafd0"
"qoi-textures_pk/001633_SW_Tree07_7ab3908c9463.png","qoi-textures_pk","256","256","65536","7ab3908c9463616beacf075f16f121207d8e92b3e91808e716cc3bf9824b4007"
"qoi-textures_pk/001634_0mod_button1_e9057cf438be.png","qoi-textures_pk","64","64","4096","e9057cf438be02177d135b93a5319259fa05bfaf102830d1528e4c5acef6ea24"
"qoi-textures_pk/001635_amod_button1_12d186c2db9a.png","qoi-textures_pk","64","64","4096","12d186c2db9a27d5f4821842fd2bb4aff1da289cb18f6bed74e36c274a6a275c"
"qoi-textures_pk/001636_gow_wall1a_b5bb0746b8b1.png","qoi-textures_pk","256","256","65536","b5bb0746b8b17c0d7d52d35f6e6da7be7a93674eeee5e581b50e90aa3f5e2db1"
"qoi-textures_pk/001637_gow_wall1b_5aef57534c1b.png","qoi-textures_pk","256","256","65536","5aef57534c1b7c050d28ede473ed7e10c092bb178f71e9a65451e9db49b4cc9b"
"qoi-textures_pk/001638_gow_wall1c_df6885e1747d.png","qoi-textures_pk","256","256","65536","df6885e1747dfcb9702c89f2e15dbb9dc28835ca41a44df8b786b772d3af61fc"
"qoi-textures_pk/001639_gow_wall1d_b131aff20b74.png","qoi-textures_pk","256","256","65536","b131aff20b748eb7906539774df90ce63725bad143272b97d91b617274bbbffc"
"qoi-textures_pk/001640_gow_wall1e_340648a09bd7.png","qoi-textures_pk","256","256","65536","340648a09bd730fc2db438093e5a9856a25839f5543b32fe6422c8dbd160ae96"
"qoi-textures_pk/001641_gow_wallceiling1_71ec3ee232b5.png","qoi-textures_pk","256","256","65536","71ec3ee232b53ff298d3ede1d3e0ca931e53239282fb9f951a0eb534357a7cb6"
"qoi-textures_pk/001642_gow_wallin1a_2a4ad0bce563.png","qoi-textures_pk","256","256","65536","2a4ad0bce563d6433e57beb6228f5959c8825667f005191e431c5133754fe0e5"
"qoi-textures_pk/001643_gow_wallin1b_f6f0598a2f46.png","qoi-textures_pk","256","256","65536","f6f0598a2f46cf8b0f558fff3c6ba3de109d125c36aeff14596998b8c5bd7738"
"qoi-textures_pk/001644_hbox01_ddc314ab1c3e.png","qoi-textures_pk","128","128","16384","ddc314ab1c3ed4c187ab3bd492418691d0e5c2aae3b7b6764518ab4bd9b4c1a9"
"qoi-textures_pk/001645_hbox03_03e4572fe8a4.png","qoi-textures_pk","96","96","9216","03e4572fe8a41cce557be15b44bb485a41971acd5177904fffef2ebe05bc02c1"
"qoi-textures_pk/001646_hboxtop_b02574d371d2.png","qoi-textures_pk","128","128","16384","b02574d371d296acde09328584c704d449b2efd65cdc89fa93768f750a825a16"
"qoi-textures_pk/001647_her_asphalt_1_6f0529227400.png","qoi-textures_pk","256","256","65536","6f05292274001e96dca84a789496013efe420e5913d19a5dcca91d145a9070f1"
"qoi-textures_pk/001648_her_ceil_1_498c5ed0e547.png","qoi-textures_pk","256","256","65536","498c5ed0e547be2073a7b0a7f4bef3a372b2dc0d5812980bf584fc7921570bce"
"qoi-textures_pk/001649_her_door_1_5d052954ad57.png","qoi-textures_pk","64","128","8192","5d052954ad57ff236257d1b75ffeb8071810e5a6007a7eb7f81fba053046f190"
"qoi-textures_pk/001650_her_door_2_f441e4b6a4c8.png","qoi-textures_pk","64","128","8192","f441e4b6a4c8f8bd5fa0db2e7588d4b31fc96f467908db35ce161750dcbd35de"
"qoi-textures_pk/001651_her_floor_1_45bdc9bb7fac.png","qoi-textures_pk","256","256","65536","45bdc9bb7face72c811385c47dc0453c126731327f02c0df744f69ba94fb00ff"
"qoi-textures_pk/001652_her_floor_2_d2aadd9bf0df.png","qoi-textures_pk","128","128","16384","d2aadd9bf0dfc006b9c338162fd90a1587b88fe618f5a6d3c8c5dddacffc935a"
"qoi-textures_pk/001653_her_grass_1_941aee3fc95e.png","qoi-textures_pk","256","256","65536","941aee3fc95e041687de01e499f2ae05ddeb7db6b17aec5d2a9b2a225ad089d4"
"qoi-textures_pk/001654_her_gravel_1_e58d1617dbf5.png","qoi-textures_pk","256","256","65536","e58d1617dbf51514bd785fbd02b53ac561187b886bb7329e0e73bf20cbb10daf"
"qoi-textures_pk/001655_her_inwall_1a_7bb4749bf041.png","qoi-textures_pk","128","128","16384","7bb4749bf0418399e8e29c29720cae20f677d5abbcf2aefa24a76fe7f69ffc00"
"qoi-textures_pk/001656_her_inwall_1b_4721dbb14006.png","qoi-textures_pk","128","128","16384","4721dbb14006a931d34b9a71ca1697e06fa47c807ff519e149471243e824de8a"
"qoi-textures_pk/001657_her_inwall_2a_630ececca51b.png","qoi-textures_pk","128","128","16384","630ececca51bcc6c48c3047fc0faef83bda7bd0991df6bf61876282e4950548a"
"qoi-textures_pk/001658_her_inwall_2b_fb9d9e475c94.png","qoi-textures_pk","128","128","16384","fb9d9e475c94955dd7645de76ead48e0d9088e0ad44af332e13c1ef4256ef065"
"qoi-textures_pk/001659_her_metal_1_c2f3718876f3.png","qoi-textures_pk","128","128","16384","c2f3718876f34a5352d4155a42690bda849a7fbe321bf51c0fcfad4706d37225"
"qoi-textures_pk/001660_her_rock_1a_618f86d876c2.png","qoi-textures_pk","256","256","65536","618f86d876c21ddaf789d2d3ee15e1629f0f6c2e372e6333a5209b84dad40e7d"
"qoi-textures_pk/001661_her_rock_1b_518e51632280.png","qoi-textures_pk","256","256","65536","518e5163228030ff2225c1753a5c0cd2093a81ebaf4701cdf5c05b64c2bf4f11"
"qoi-textures_pk/001662_her_trim_1_f373c72e8bbc.png","qoi-textures_pk","16","128","2048","f373c72e8bbc5e6fb45bfccd82231eed513a5b566c4cf0cb956f12724361859a"
"qoi-textures_pk/001663_her_trim_2_2e7cff5a1c40.png","qoi-textures_pk","256","32","8192","2e7cff5a1c4068d510ee7fb71fe54ec3cd630aa67f853f0b46151121f5ce413c"
"qoi-textures_pk/001664_her_trim_3_30dc8d1f9dbe.png","qoi-textures_pk","256","32","8192","30dc8d1f9dbe413777499e6a7d005d0ce676c3395c932caf9dc10218095a66e0"
"qoi-textures_pk/001665_her_wall_1_726e0b31d594.png","qoi-textures_pk","256","256","65536","726e0b31d594043aae03d18348c1d95c91fe08abe82c4229b63ad789e94929d0"
"qoi-textures_pk/001666_her_wall_2_9a7d53dcec53.png","qoi-textures_pk","256","256","65536","9a7d53dcec53bc78ee6cf7a39363884dc266fac96effe3f4888f809ab8d857ef"
"qoi-textures_pk/001667_her_wall_3_0516586d4bb8.png","qoi-textures_pk","256","256","65536","0516586d4bb87f3f5fd73585991db79f4a7378764a88c13b35aa734d05d318cc"
"qoi-textures_pk/001668_her_wood_1_ede257fcbf64.png","qoi-textures_pk","256","64","16384","ede257fcbf64f5a95f7a8f06baafd71fc60793ba0527c897c212c27f4e4bef89"
"qoi-textures_pk/001669_hGround_5078346967eb.png","qoi-textures_pk","256","256","65536","5078346967eb49f3d99ede9073cece5bae95b30f76dfae324b4b4cdb741a556b"
"qoi-textures_pk/001670_hGround01_1c9131f2d1a2.png","qoi-textures_pk","256","256","65536","1c9131f2d1a2d517e3103828f547e915ebdb7c8b7c9ce52c867b7853f8d0b5e3"
"qoi-textures_pk/001671_hGround01end_b27686ed23c5.png","qoi-textures_pk","256","256","65536","b27686ed23c5cb103d35cb6162d8a772e42861e2024eebbc699a2a0ec32353a7"
"qoi-textures_pk/001672_hGround02_1f9639b5349f.png","qoi-textures_pk","256","256","65536","1f9639b5349f87f4dc852bad185824d3eafa095952792ed6e4175c9da280db85"
"qoi-textures_pk/001673_hlog_09fec4047ab0.png","qoi-textures_pk","80","80","6400","09fec4047ab044fda4594b419db2e4f119f5b1fdff7edd829a4af339b73a42d9"
"qoi-textures_pk/001674_hlogs_9b6ba443d253.png","qoi-textures_pk","128","128","16384","9b6ba443d253c0a37ae4614827e919d4cdffe7dfc78cb00e4e4e90b34f0f1ef3"
"qoi-textures_pk/001675_hmountain_68afdae9a30c.png","qoi-textures_pk","256","256","65536","68afdae9a30ce20c3c90058d9f0bcea262dfeabb6fb66f7ff1bd4d42332d6f16"
"qoi-textures_pk/001676_hr00f01_f62aeb9ef2b9.png","qoi-textures_pk","64","64","4096","f62aeb9ef2b936b80ba53f48bade425819968f9b740a4b90d91b94e275e3e41c"
"qoi-textures_pk/001677_hr00f02_1fd0d8ededa9.png","qoi-textures_pk","64","64","4096","1fd0d8ededa9fef54c32f0aebea5f6ef0f92efb3e110d790bcb4c56e29522171"
"qoi-textures_pk/001678_hRails01_82b70cb41655.png","qoi-textures_pk","256","256","65536","82b70cb41655157b93fc04f0c2daf1e7ea2cc893f247aa4aeb37d0051b3b2f32"
"qoi-textures_pk/001679_htiles_d239cc179f63.png","qoi-textures_pk","256","256","65536","d239cc179f638f9ef1c21235a404039cb16917e247c83a7011a91dd147a9d390"
"qoi-textures_pk/001680_hTiles2_599f02fe6c72.png","qoi-textures_pk","160","96","15360","599f02fe6c72933d8858795bfcb5a44e4b61837e1f7476c40fbecffb69fdcf70"
"qoi-textures_pk/001681_hTrain01_914d7d2a9415.png","qoi-textures_pk","512","256","131072","914d7d2a941547452de088c5f3fe1804f9560e3cce6c140f47a48401875d7836"
"qoi-textures_pk/001682_hTrain02_2cd1b9f86f93.png","qoi-textures_pk","512","256","131072","2cd1b9f86f933223267e022a7b7989366a5bf0f8527ed031c53f7d27fd22d4f9"
"qoi-textures_pk/001683_hWall07_83da96ee44a1.png","qoi-textures_pk","256","192","49152","83da96ee44a12ff914646119ea6da7e3a317515f0a4356f2e959960403fd5385"
"qoi-textures_pk/001684_hWall07b_a28cb6c1cc0d.png","qoi-textures_pk","256","192","49152","a28cb6c1cc0dc974612a1495461115dad5344bdcd93db332f91c6698413231ad"
"qoi-textures_pk/001685_hWall07c_ad3b6952edb5.png","qoi-textures_pk","256","192","49152","ad3b6952edb50ac39a9471a4274b19ab31aa76eb2ba5f3c8bd829aae5cb6115e"
"qoi-textures_pk/001686_hWall1_19fc677719ea.png","qoi-textures_pk","256","256","65536","19fc677719eabb9d4c322f1602ad6e877d2b343200807df8afaf5fe9410c5ce1"
"qoi-textures_pk/001687_hWall1a_e8a4ac84ee4a.png","qoi-textures_pk","160","160","25600","e8a4ac84ee4abbcc4b1d2862771eee99489e37a9a6eb34b1309c2505e656099c"
"qoi-textures_pk/001688_hWall1b_cdcc129996e3.png","qoi-textures_pk","160","160","25600","cdcc129996e365c2b53fd8105082e8bb28e508c7d662f347b7573a3740992c71"
"qoi-textures_pk/001689_hWall2_a76ec7578024.png","qoi-textures_pk","160","160","25600","a76ec75780246e39a6b8d752367e67209d9882b4daf8c769c12424ed57e4e7ce"
"qoi-textures_pk/001690_hWall2b_fb538d5c943d.png","qoi-textures_pk","160","160","25600","fb538d5c943dd41bce64ca15f03ecfdac326aea7863bcba7717f25996d7bd4a2"
"qoi-textures_pk/001691_hWall2c_c733215965e9.png","qoi-textures_pk","320","160","51200","c733215965e9b2deb5e6edfaf18b11651078c17e1741630ddb87827778f3b518"
"qoi-textures_pk/001692_hWall3_ec97609a9082.png","qoi-textures_pk","160","160","25600","ec97609a9082fa35f5d83ae1ab9fb96f6f25e68960c13198b790142bcd3e3cee"
"qoi-textures_pk/001693_hWall3b_03e1504f1cbe.png","qoi-textures_pk","160","160","25600","03e1504f1cbec44a8a8c12ff75377659072fbf81a624a77873cf840b1652f2e9"
"qoi-textures_pk/001694_hWall4_6c703d3449c2.png","qoi-textures_pk","160","160","25600","6c703d3449c262a003baf0ca71f4dc9eaa4168014aaea58e2741988bff4f9133"
"qoi-textures_pk/001695_hWall4b_14dfb27337b3.png","qoi-textures_pk","160","160","25600","14dfb27337b3375fe95f33ca3db3e4eff246a78eaf815eb5de99cf29c68da7b7"
"qoi-textures_pk/001696_hwall5a_6ee839492e38.png","qoi-textures_pk","160","160","25600","6ee839492e38b259c3723f4d8cf49a2288b348eca5e3249ca0d7b5a7ec43e6bb"
"qoi-textures_pk/001697_hwall5b_f40c8d22b188.png","qoi-textures_pk","160","160","25600","f40c8d22b188b38a57ec4587563e64f4028294be548d2134674b4b12356f27cc"
"qoi-textures_pk/001698_hWoods_25390c14e58f.png","qoi-textures_pk","128","32","4096","25390c14e58fc372164dce5c74556ddbf23e6f2977a159aeee9d211d3421f4e6"
"qoi-textures_pk/001699_hwoods2_a0cec743bf29.png","qoi-textures_pk","160","80","12800","a0cec743bf29139ac3bea0987c703acdfcc0d8b5d7447c71463481a0bddc4fbf"
"qoi-textures_pk/001700_lamp1_cb79fa47e23e.png","qoi-textures_pk","48","64","3072","cb79fa47e23eea5b538dacdde25a5eefcde3e8a9a3113d152030fb7fa3c74e7d"
"qoi-textures_pk/001701_lamp2_0836c03e746d.png","qoi-textures_pk","48","64","3072","0836c03e746d58459c591c9595a4b6c70a7092b8b43b3fce8fad7b9717b50cda"
"qoi-textures_pk/001702_mazfloor_5943bf4f5f34.png","qoi-textures_pk","256","256","65536","5943bf4f5f34c1f1e9b6c7906547e7c7a9b02176bcddc8311a5d66de2a843409"
"qoi-textures_pk/001703_mazfloor2_ba70d8dcc4da.png","qoi-textures_pk","256","256","65536","ba70d8dcc4da13d46a62650e35610001f863c45dfcdcd5f41ed0b6ab3cff9956"
"qoi-textures_pk/001704_mazy_ofloor1_1593d5dcd26c.png","qoi-textures_pk","256","256","65536","1593d5dcd26c71d11ddd4a569068648e539523dfdfd49d44d89687b155b6ccc4"
"qoi-textures_pk/001705_mazy_owall1a_a7121b733c52.png","qoi-textures_pk","256","256","65536","a7121b733c52152d1c03f2eb0190384eff8a8fceefcb1c3dd698ea56b161aefc"
"qoi-textures_pk/001706_mazy_owall1b_2b125dd7c729.png","qoi-textures_pk","256","256","65536","2b125dd7c72925637c5434d3081df2e109fd1fee16d7342331eaf8e79c153e2b"
"qoi-textures_pk/001707_mazy_owall1c_1a1b1bf29843.png","qoi-textures_pk","256","256","65536","1a1b1bf2984363b51012e97fed783cc12dd82ab2e30bd4ed384a041f2b8c05aa"
"qoi-textures_pk/001708_mazy_owall1d_718ac6c35274.png","qoi-textures_pk","256","256","65536","718ac6c35274102b2f375453e5f14d888f3a719e02cf82832e5c74adaae5dcaa"
"qoi-textures_pk/001709_mazy_owall1e_f1f89cb6ce1a.png","qoi-textures_pk","256","256","65536","f1f89cb6ce1affa44be8c15f96a947a1ace764669e1d4f8f2f2d9419b0d0534e"
"qoi-textures_pk/001710_mazy_owall1f_7e4f457f3ea7.png","qoi-textures_pk","256","256","65536","7e4f457f3ea72fa36df472508423bc635ef65c895c68d355135027367915a55c"
"qoi-textures_pk/001711_mazy_plate1a_65edbc5b64a3.png","qoi-textures_pk","256","256","65536","65edbc5b64a3b4d16c97001d10dcdaa1576c66cf329160ef08d4799c84df89e6"
"qoi-textures_pk/001712_mazy_plate1b_299def681658.png","qoi-textures_pk","256","256","65536","299def6816584b04448d0df8c8bd2d1ae3bb3f2a2fbb57488651dbb0272fbe20"
"qoi-textures_pk/001713_mazy_trim1a_ea2edc27c3cd.png","qoi-textures_pk","256","32","8192","ea2edc27c3cd5d789847cf4437f9a447e424bf7500368e7083c79127f0f7bf18"
"qoi-textures_pk/001714_mazy_trim1b_2a4505947ca5.png","qoi-textures_pk","256","32","8192","2a4505947ca5428686acbba9640fde2be111beb0e76453890bfdffdee7787174"
"qoi-textures_pk/001715_mazywall_33727de2cddf.png","qoi-textures_pk","256","256","65536","33727de2cddf174f424e5bbc72ba0cab5844f65a1d5978af3f45af54c9f75cdc"
"qoi-textures_pk/001716_mazywalldirty_e45168ad2617.png","qoi-textures_pk","256","256","65536","e45168ad26177ba4b75140dc21226770a9eb22487f2eef0b15ed2f7d0f00e11e"
"qoi-textures_pk/001717_mis_beam1a_65f207c5018f.png","qoi-textures_pk","128","256","32768","65f207c5018f447bcfa25a18c14bf81cd78ea1f36621ffea0c0d535ebb107da6"
"qoi-textures_pk/001718_mis_com1a_e29916e4ac0c.png","qoi-textures_pk","256","128","32768","e29916e4ac0cdcf5713a03a66516866e74270a4b655851c2c9609f68b512c09c"
"qoi-textures_pk/001719_mis_com1b_594354a8426c.png","qoi-textures_pk","256","128","32768","594354a8426caa3fbe598de7019a9f0ef9a92f3bf124618b719dd54d68987d79"
"qoi-textures_pk/001720_mis_comlay1b_20cdffcfe962.png","qoi-textures_pk","256","128","32768","20cdffcfe962e361ed144d47635336738f7cbd11cace602bc7a6115810405bb5"
"qoi-textures_pk/001721_mis_det1a_50d5d6a59fe9.png","qoi-textures_pk","128","256","32768","50d5d6a59fe9831a63f0bdb72c454b2fb1827551e9b33d25fc78a59ff06fdeb4"
"qoi-textures_pk/001722_mis_det1b_a17e8094c035.png","qoi-textures_pk","128","256","32768","a17e8094c0351658233a13b484672ef1d7cc9bc4065d9a71ab02673876b5cb38"
"qoi-textures_pk/001723_mis_detlay1a_3e843618c027.png","qoi-textures_pk","128","256","32768","3e843618c0271cd96cbd608bab336df6f73c24251676e79fdb3ed9b9fea801a8"
"qoi-textures_pk/001724_mis_detlay1b_f8dc42c1c150.png","qoi-textures_pk","128","256","32768","f8dc42c1c1500f0820112bbc8a855bb79205246ba6dc7dd5a9f8a0832efcdfeb"
"qoi-textures_pk/001725_mis_floor1a_156d955b59f5.png","qoi-textures_pk","256","256","65536","156d955b59f5829b1f045fa63f0ea55866601cf4231c283b3a52893539aaf0a9"
"qoi-textures_pk/001726_mis_floor1b_1f00270b9d3a.png","qoi-textures_pk","128","256","32768","1f00270b9d3afc671d6978345fcaa44f86ec758b8ff6da6180e38115d2194eeb"
"qoi-textures_pk/001727_mis_floor2_b37c10333308.png","qoi-textures_pk","256","256","65536","b37c103333080d271931e614b4cf86c587b5c9c5f0dc65687c7674bd03f65483"
"qoi-textures_pk/001728_mis_generic1a_f57b4e794e8a.png","qoi-textures_pk","64","64","4096","f57b4e794e8a94665e9374db92e2043a910e8fbfab6fa4ccd951ad2dde3dc753"
"qoi-textures_pk/001729_mis_generic1b_bbea94f4089d.png","qoi-textures_pk","64","64","4096","bbea94f4089d12f16c79308437a021cfbebda2615411784ea5ba88f619301a14"
"qoi-textures_pk/001730_mis_generic1c_8ce33d6be1dd.png","qoi-textures_pk","32","32","1024","8ce33d6be1dd6e7c8d28581763066f5067b194ec83ea6feb4b5ab3e09f225a81"
"qoi-textures_pk/001731_mis_trim1a_79fc3f5d2c2d.png","qoi-textures_pk","32","256","8192","79fc3f5d2c2d3751103cf713231e0847ddfcec8d807c2e6dd79974cc953de7e5"
"qoi-textures_pk/001732_mis_trim1b_907037736a56.png","qoi-textures_pk","32","128","4096","907037736a560ee5822ec0ad29992714837017f1ef7b16875dc12c091131eea7"
"qoi-textures_pk/001733_mis_trim1c_794e5b3fa21e.png","qoi-textures_pk","32","128","4096","794e5b3fa21e9d5506793012ef411de529e1787253c3469e4a105db73751d871"
"qoi-textures_pk/001734_mis_trim1d_12598e32097c.png","qoi-textures_pk","32","128","4096","12598e32097c6d8dd7d728fff78de376fa4a012b6a373b3ba9dba0e7ed896a4b"
"qoi-textures_pk/001735_mis_trim2a_a05a986c02c0.png","qoi-textures_pk","32","256","8192","a05a986c02c064f0169421d5ffdc9edd4bde8281056dd1c52320e122cbeb9544"
"qoi-textures_pk/001736_mis_trim2b_864e98073fd0.png","qoi-textures_pk","32","256","8192","864e98073fd0582ef4220a5822059f6ab37eab1edb340cdb18552ab7895593a0"
"qoi-textures_pk/001737_mis_trim2c_c0434a272703.png","qoi-textures_pk","16","256","4096","c0434a27270359a5a6c347a1e2d921463d3cdeb9f9103589f75e049220caef2e"
"qoi-textures_pk/001738_mis_trim2d_52ad034d9f58.png","qoi-textures_pk","16","256","4096","52ad034d9f58c675348040792dd2b319f516a67a68697e2eb912b593dca59d7d"
"qoi-textures_pk/001739_mis_vent1a_8dd0b83a6f1e.png","qoi-textures_pk","64","64","4096","8dd0b83a6f1e9bb6ce00b04ec533d1df865a62b96e9711177b157ad1636d7e88"
"qoi-textures_pk/001740_mis_vent1b_d130e89cbed4.png","qoi-textures_pk","64","64","4096","d130e89cbed49999189d318eef88260acf612516f633c888cf0126d6f8fb22ef"
"qoi-textures_pk/001741_mis_wall1a_e1204ca509ca.png","qoi-textures_pk","256","256","65536","e1204ca509cab7e56bcda418f60d5e41752541fcd0ee202ed0ef832dea20b913"
"qoi-textures_pk/001742_mis_wall1b_0d9fdfff3457.png","qoi-textures_pk","256","256","65536","0d9fdfff3457ba7b67e10059f4ef10d703eb671cafa9d9bdacdf8f15b4071c85"
"qoi-textures_pk/001743_mis_wall2a_f922fbe905a7.png","qoi-textures_pk","256","256","65536","f922fbe905a72129903f74e416f1cb4e2b1b4975cced7976cefce71d0ce5e0f1"
"qoi-textures_pk/001744_mis_wall2b_76fa8881cf75.png","qoi-textures_pk","256","256","65536","76fa8881cf754d20655c2e35a701db4bad64e9a4cf78cca4731af6783fea700d"
"qoi-textures_pk/001745_mod_celfloor1a_ddf73deb41f7.png","qoi-textures_pk","128","128","16384","ddf73deb41f7aa27372c85b37285b21db03a107f1395713dcea886e6e7b961a8"
"qoi-textures_pk/001746_mod_celfloor1b_4c91b427a536.png","qoi-textures_pk","128","128","16384","4c91b427a5369e453e0d641949fc23ebc2bdbbdb63ca82df4faf85f4e71d30ad"
"qoi-textures_pk/001747_mod_celfloor1c_b8218d3dc34f.png","qoi-textures_pk","256","256","65536","b8218d3dc34ff120a59cd16d3aa61dcc35d2bfca009192ffbc0c1bdb6f11806a"
"qoi-textures_pk/001748_mod_celfloor1d_a7821b509c40.png","qoi-textures_pk","128","256","32768","a7821b509c40d91dbe2f3ef2b1efaddc9710c66d908974cfa4265e4feb83ce52"
"qoi-textures_pk/001749_mod_celfloor1e_dd16375410b7.png","qoi-textures_pk","128","128","16384","dd16375410b7d88db9da242525de4f9cf1adca42d262eeaae381f272a27bb1b9"
"qoi-textures_pk/001750_mod_celfloor1f_d77afcbe2d0c.png","qoi-textures_pk","128","128","16384","d77afcbe2d0cedfafabc2d5a831bf3f6ac6a97abbd55686083b8ad3066fac144"
"qoi-textures_pk/001751_mod_celfloor1g_91680d9b1f83.png","qoi-textures_pk","128","256","32768","91680d9b1f839b3d93a63053f0f79c0b1d99deb7fbf2cf5030c0bc8c7fe7aece"
"qoi-textures_pk/001752_mod_celfloor2a_14c11fca0311.png","qoi-textures_pk","128","128","16384","14c11fca0311626cbc73d1732b89960d0b8955f7c39920cc4bce4d45d74fc15e"
"qoi-textures_pk/001753_mod_celfloor2b_1c3aaa03e1a9.png","qoi-textures_pk","128","128","16384","1c3aaa03e1a9da28a4d13549d7f584c4bf0072c740c08777625a7753db9212a2"
"qoi-textures_pk/001754_mod_celwall1a_2c833247ec7a.png","qoi-textures_pk","256","256","65536","2c833247ec7a58217338bab132046b3da22dbfef886bfbb47dca17462ba8d55d"
"qoi-textures_pk/001755_mod_celwall1b_f0e5467f4b27.png","qoi-textures_pk","256","256","65536","f0e5467f4b271165616876837fe8e4b20f49a9f13b7e3ff0f77073a0e285934b"
"qoi-textures_pk/001756_mod_comwall1a_47b0fa87c0cd.png","qoi-textures_pk","256","256","65536","47b0fa87c0cd70728ca3b44eceebff0ea6754c05a67c44e582d019e333c6ef39"
"qoi-textures_pk/001757_mod_comwall1b_430ba7c0f335.png","qoi-textures_pk","256","256","65536","430ba7c0f3359801d1dc4b4c5d57821ce8f0de712c42b1f651310521e2a9847a"
"qoi-textures_pk/001758_mod_conpan1a_932336cfd25b.png","qoi-textures_pk","128","128","16384","932336cfd25b8214b3bf80862fc11e67e6e1ff098c99dd38b5c7bcf5ce852f38"
"qoi-textures_pk/001759_mod_conpan1b_6beebf654a28.png","qoi-textures_pk","128","128","16384","6beebf654a28883a407924b57e41c1af612a28dc28a35c48a37887260baaea51"
"qoi-textures_pk/001760_mod_door1_fa8afa77e933.png","qoi-textures_pk","128","128","16384","fa8afa77e933340283a18e1a655d0857356b35dbfda6239714832f6eebc3e06d"
"qoi-textures_pk/001761_mod_door2a_7965a5e6b3cf.png","qoi-textures_pk","128","128","16384","7965a5e6b3cf17fb1fb7062d4d16da7cb5a18a949af775423da6258ad1a804a1"
"qoi-textures_pk/001762_mod_door2b_22e0856e0d36.png","qoi-textures_pk","128","128","16384","22e0856e0d3632ecdcda4c13febf16d48e459bbb5f4940efbda724405313c76f"
"qoi-textures_pk/001763_mod_door3_6e4c24e47e80.png","qoi-textures_pk","128","128","16384","6e4c24e47e80e5b35e8d3845734b7157ed03d5e9f6679a283224ed6c4bc0936b"
"qoi-textures_pk/001764_mod_door4_0b6a78603665.png","qoi-textures_pk","128","128","16384","0b6a78603665c524033c28bb7bb7b0e535cacee6b6901b2091ca01baa2c2b9ed"
"qoi-textures_pk/001765_mod_dotfloor1_cbaff18ff764.png","qoi-textures_pk","128","128","16384","cbaff18ff7643bdd4e7694e682e8b85f733da299a159be55999a9393bdf3735f"
"qoi-textures_pk/001766_mod_dotfloor2_6842b958afaf.png","qoi-textures_pk","128","128","16384","6842b958afaf0fecb1d2d4dd2f86d3da0c9a3f08cc8d778b33fc94bef821485d"
"qoi-textures_pk/001767_mod_dotfloor3_159dc2bc27be.png","qoi-textures_pk","128","128","16384","159dc2bc27be0f66c22018d365a07fd43a7edc894b2f2714e63136ff8e0f4e2e"
"qoi-textures_pk/001768_mod_electro1a_d1bc15793ea2.png","qoi-textures_pk","256","256","65536","d1bc15793ea2dd03f7dd711348735a083972526a3429eda85ecedad3d967eb58"
"qoi-textures_pk/001769_mod_electro1b_5af64c0a943f.png","qoi-textures_pk","256","256","65536","5af64c0a943f284f646ac9a735fb35389f6daae4d3fbfbb00bcadf13e3700aaf"
"qoi-textures_pk/001770_mod_electro2a_7d19b0c3be6b.png","qoi-textures_pk","256","256","65536","7d19b0c3be6b65752ab268e88611a172223a4cfb052952ecf7e2db4429052e06"
"qoi-textures_pk/001771_mod_electro2b_c95cec0f3306.png","qoi-textures_pk","256","256","65536","c95cec0f3306e4c16036c4c735c92294e23b99a43da486d79963cacbf382783b"
"qoi-textures_pk/001772_mod_fan1_b0c23adc9d21.png","qoi-textures_pk","256","256","65536","b0c23adc9d2119f93c2ce1672ca90323065c042c14fd62ffb400df0a8e5b78f9"
"qoi-textures_pk/001773_mod_glass1_747de04c2a87.png","qoi-textures_pk","256","256","65536","747de04c2a871360ae8f8f5f5485a632b753cff27593b4d14ea815b7cd900b25"
"qoi-textures_pk/001774_mod_grate1_49ccf0741295.png","qoi-textures_pk","256","256","65536","49ccf0741295f9fd414b0205e452e0e3666ff6951c6753474534374cafa8fe95"
"qoi-textures_pk/001775_mod_grate2_37a366516c33.png","qoi-textures_pk","256","256","65536","37a366516c33d6ccacd2a7156e2322f36d595739f99786b1d796083ee290445b"
"qoi-textures_pk/001776_mod_gratfloor1_caa99f2f0f74.png","qoi-textures_pk","128","128","16384","caa99f2f0f7433bf90d6c4e9210f5f70d1b99750b2aa6642ef53579b9de22494"
"qoi-textures_pk/001777_mod_gratfloor2a_2f595764601a.png","qoi-textures_pk","256","256","65536","2f595764601a19c632c5903398ae246b46d9a97f681b61c64fc60f583785f55c"
"qoi-textures_pk/001778_mod_gratfloor2b_986397bafe92.png","qoi-textures_pk","256","256","65536","986397bafe9223314b6b06cdcfdb9a2b8469040f441b10e61eec3d6d7217ded5"
"qoi-textures_pk/001779_mod_labcab1a_64d80e05d089.png","qoi-textures_pk","128","256","32768","64d80e05d0894e0c502d8688172b7cca55a592f140dbdd3620940868c3601bc9"
"qoi-textures_pk/001780_mod_labcab1b_cf897ad761a1.png","qoi-textures_pk","128","256","32768","cf897ad761a140d2367c6d82beb26cdd4b7306b9b77c838c2507eb909261cb97"
"qoi-textures_pk/001781_mod_labcab1c_46f05c5c52dd.png","qoi-textures_pk","128","256","32768","46f05c5c52dd87f842c3dd3321570ef252b3c982a24cd07d4954b8a6bec6843a"
"qoi-textures_pk/001782_mod_labcab1d_aa19a1e779c6.png","qoi-textures_pk","128","256","32768","aa19a1e779c6ac3ccab3d0d5b4ec2bce080f1f0d6310767dc9b2b35d4119ecdb"
"qoi-textures_pk/001783_mod_labcab2a_75515eaa2272.png","qoi-textures_pk","128","256","32768","75515eaa2272e634fa0c6c5162d9e72361e960525c9cf800a576ee23dec525f4"
"qoi-textures_pk/001784_mod_labcab2b_922a2a979e5a.png","qoi-textures_pk","128","256","32768","922a2a979e5a99d3c98879a34382a1040e8fdb2ecd3fdca1594ccddfc3441e53"
"qoi-textures_pk/001785_mod_labcab2c_5a2a962765b8.png","qoi-textures_pk","128","256","32768","5a2a962765b82784641fa792531aef0b159383c0f96d0caf4da52b0f08a5108c"
"qoi-textures_pk/001786_mod_labcab2d_4c7ed9de12e5.png","qoi-textures_pk","128","256","32768","4c7ed9de12e59e1379891f682d7ff372be20811cdfcd83879c24e17a6565eb06"
"qoi-textures_pk/001787_mod_labcarpet1a_7632e0ef3426.png","qoi-textures_pk","256","256","65536","7632e0ef3426e8e6ab22db9d8708bf4abcc33a76da091bbd07bfee55a6422fb5"
"qoi-textures_pk/001788_mod_labcarpet1b_7b5fb25fa0c6.png","qoi-textures_pk","256","256","65536","7b5fb25fa0c65b6bbb5c08868a9811656fa807b80a65e4315c301c24e3b2c9f0"
"qoi-textures_pk/001789_mod_labcon1a_92ad00c85a92.png","qoi-textures_pk","256","128","32768","92ad00c85a92e8025057e1122581e8c4d8600c48ca73f9091f8b67d956ccb6f2"
"qoi-textures_pk/001790_mod_labcon2a_0ecf00596aed.png","qoi-textures_pk","256","128","32768","0ecf00596aed8767652614254c1e022066900febea5619dc8d9c0217459850ac"
"qoi-textures_pk/001791_mod_labelev1b_34e43c4ca9f0.png","qoi-textures_pk","128","128","16384","34e43c4ca9f0c1a3580c21612d3b868ad1e35cbd7a31487a2ac571e0da265fb4"
"qoi-textures_pk/001792_mod_labfloor01a_53ab962afde9.png","qoi-textures_pk","128","128","16384","53ab962afde984fb958c19d1c0348069df5050eaac5f37142f61d25a36852b4b"
"qoi-textures_pk/001793_mod_labfloor01b_31f068596be6.png","qoi-textures_pk","128","128","16384","31f068596be6d4c73a651e160c0edf628fdc12cfae21e9d482a5842ffb160457"
"qoi-textures_pk/001794_mod_labframe1a_51113a6d3974.png","qoi-textures_pk","64","128","8192","51113a6d39749215886621f7dd9af7dcc2b8f2aec868684c0e0a26f63e1254bd"
"qoi-textures_pk/001795_mod_labframe1b_ef22ab26eedb.png","qoi-textures_pk","128","128","16384","ef22ab26eedb202a067998ff32f1d155035ece76e0ece48550536845143b4391"
"qoi-textures_pk/001796_mod_labpipe1a_5f74004b710b.png","qoi-textures_pk","256","128","32768","5f74004b710bfd0daa1281f3331f0855bcf082c5ea3f4f2860857e504b6e75bb"
"qoi-textures_pk/001797_mod_labpipe1b_338daebe6dff.png","qoi-textures_pk","256","128","32768","338daebe6dff3d0ae063dc138259432e473a6f36f55948355ae398abbdf23f41"
"qoi-textures_pk/001798_mod_labpipe1c_cac6b10e1965.png","qoi-textures_pk","256","128","32768","cac6b10e19657f4889fe24c9831ba35465f320f2e023d5e54d3989bad404ce3b"
"qoi-textures_pk/001799_mod_labposter1_28b26bba5329.png","qoi-textures_pk","128","128","16384","28b26bba5329d4bee721a09f8c17d35abd342827c85e554df2ffcf8d77bcc6f7"
"qoi-textures_pk/001800_mod_labroof1a_17314a532d64.png","qoi-textures_pk","256","256","65536","17314a532d6456ed8a13df3c93ea7605e075b182efac9a87f27290c0f79dadac"
"qoi-textures_pk/001801_mod_labroof1b_0ad73cf8f30e.png","qoi-textures_pk","256","256","65536","0ad73cf8f30e1298d22319a596f19cf989ec6438ad6d1a20324ad8dc4a0eccb1"
"qoi-textures_pk/001802_mod_labroof2_0abfe6fac9da.png","qoi-textures_pk","128","128","16384","0abfe6fac9dab11870f9a783716bfbecdd9895b84192f72657fb6c1f796c95cc"
"qoi-textures_pk/001803_mod_labroof3a_2d11e6fef3e4.png","qoi-textures_pk","256","256","65536","2d11e6fef3e4393462865c4f5fd15984f5fc86ad0fd9fd62eb091bbb5c362a51"
"qoi-textures_pk/001804_mod_labroof3b_a95ff8374b21.png","qoi-textures_pk","256","256","65536","a95ff8374b21da1712ab903a167b342445bc37bfcc6b1d70002dac2558a411f9"
"qoi-textures_pk/001805_mod_labshelf1a_14fe88c5eb58.png","qoi-textures_pk","64","192","12288","14fe88c5eb589ac00530bd4efa00f2521eab3a4a355fcd0ca99e405cafa52e69"
"qoi-textures_pk/001806_mod_labshelf1b_577cd19d5032.png","qoi-textures_pk","64","192","12288","577cd19d503241838f54c1fd5291b71c3931361525aa8dd4afca9ef562801ba4"
"qoi-textures_pk/001807_mod_labsideligh_1e74d84df6d4.png","qoi-textures_pk","32","128","4096","1e74d84df6d4cfbcba2848b35eaaaeec48e691ba3d262eb62898cdf005b74828"
"qoi-textures_pk/001808_mod_labtiles2a_60c2858fbc2a.png","qoi-textures_pk","256","256","65536","60c2858fbc2af139867fcdc7a0738f6b204903d967e6acaeb57915eba351f182"
"qoi-textures_pk/001809_mod_labtiles2b_fdff15a8cdf7.png","qoi-textures_pk","256","256","65536","fdff15a8cdf74a2ec9babc61818b005ff362f25bba472287b2e98d433ea79eaf"
"qoi-textures_pk/001810_mod_labtrim1_bcb4166cebcf.png","qoi-textures_pk","256","32","8192","bcb4166cebcfc90c2efb1e74f37056dcff563cdf64c192fc94d66b93b541cfef"
"qoi-textures_pk/001811_mod_labtrim2a_e6ac158aad70.png","qoi-textures_pk","128","32","4096","e6ac158aad70632bd02e14eaf2b63a0f396b226b5b462beb7b4204bbbcd3669e"
"qoi-textures_pk/001812_mod_labtrim2b_7a36491f8988.png","qoi-textures_pk","128","32","4096","7a36491f898814dc4dc53be7a7abe46bb2bfe9fb76211c071c8aff0c99e01139"
"qoi-textures_pk/001813_mod_labtrim3_2b40ab792b82.png","qoi-textures_pk","128","16","2048","2b40ab792b8230d5ab7096b978ecfbba713b576f3788375e6c3241c4432ba011"
"qoi-textures_pk/001814_mod_labtrim4_43b9a3dbe6e3.png","qoi-textures_pk","128","16","2048","43b9a3dbe6e3a979ccfe69321ea045e64e2861e32d1004af2f4e6c27c361ddff"
"qoi-textures_pk/001815_mod_labtrim5_a6e56d2ff9cd.png","qoi-textures_pk","256","64","16384","a6e56d2ff9cdc81b9bf85545f24567593a92ff793da89b9ccf3a7837979f168b"
"qoi-textures_pk/001816_mod_labtrim6_453353d025c5.png","qoi-textures_pk","256","64","16384","453353d025c5cd2411c90f2a6c6f1817476272445befda9ee7fa508924ac45fa"
"qoi-textures_pk/001817_mod_labtrim7a_719a17a74c68.png","qoi-textures_pk","256","32","8192","719a17a74c68a85d84cd1e2c700fa76ff01f6801355ef5c80549e626250c985c"
"qoi-textures_pk/001818_mod_labtrim7b_f8aca7ac2286.png","qoi-textures_pk","256","32","8192","f8aca7ac2286db2421d0ab3257d11f495916ca6cf5d303093d8d37bc453982ed"
"qoi-textures_pk/001819_mod_labtrim7c_2555b154b895.png","qoi-textures_pk","256","32","8192","2555b154b8957e0855a61629caa11531b3ec7fd5fc472a8d3a3c6162034214f0"
"qoi-textures_pk/001820_mod_labtrim8a_37034620e5d2.png","qoi-textures_pk","256","32","8192","37034620e5d2e1dd79d279121bde28ee9f5fdfaf6cd2418a399f0e88b542fb92"
"qoi-textures_pk/001821_mod_labtrim8b_54293b417334.png","qoi-textures_pk","256","32","8192","54293b417334a67c293fbdeda4e17f81966b01545b2ff491a02575fe22671020"
"qoi-textures_pk/001822_mod_labvent1a_c6a3f930592c.png","qoi-textures_pk","32","64","2048","c6a3f930592cc2ceb2285abc894c7882d01bd28714abfdcc61ffbe146e40e97e"
"qoi-textures_pk/001823_mod_labvent1b_5fdff175d823.png","qoi-textures_pk","64","64","4096","5fdff175d8233d9be68c8eb9a4359143e5e467fe4cb0a2ddf3098594abbe2b0c"
"qoi-textures_pk/001824_mod_labvent2a_43bf36097eac.png","qoi-textures_pk","128","96","12288","43bf36097eac258113952947dd15a1268f49bdde351fe9706f9d58c6d780cab1"
"qoi-textures_pk/001825_mod_labvent2b_9de7c5bcceb1.png","qoi-textures_pk","128","96","12288","9de7c5bcceb1272b72250d36b953a3799c5835040f780565d589a0debb89dc67"
"qoi-textures_pk/001826_mod_labvertrim1_4011502b6411.png","qoi-textures_pk","16","256","4096","4011502b6411653dd0a09db79c47fbd84a37f261503fa555e31a9d6eb8300e73"
"qoi-textures_pk/001827_mod_labwall01a_abb89c8f08ec.png","qoi-textures_pk","128","128","16384","abb89c8f08ecef416cc4e6c2cdf108fe9f3ea6c1fe91565f888287748505c213"
"qoi-textures_pk/001828_mod_labwall01b_8da657044665.png","qoi-textures_pk","128","128","16384","8da6570446656cfcaf52f4292c3a96479aa72b8fc02b55ef14e8adbd9eea9f03"
"qoi-textures_pk/001829_mod_labwall01bM_1f0c5317a3b0.png","qoi-textures_pk","256","256","65536","1f0c5317a3b01bb793416cd2ff4ed1b66bf35cbdbe59ee0e4cef743fcc2301d9"
"qoi-textures_pk/001830_mod_labwall01c_6dc1bf3dde68.png","qoi-textures_pk","128","128","16384","6dc1bf3dde68503f3fbc4d802939815f2ae7b0e8618fdae696aa4ff44417fd1b"
"qoi-textures_pk/001831_mod_labwall01cM_517a8c5de04c.png","qoi-textures_pk","256","256","65536","517a8c5de04c0c6516247d8f5de078e7fdff98476d8c19fbaeb86559bb685aab"
"qoi-textures_pk/001832_mod_labwall01ta_80d36c3c9cd5.png","qoi-textures_pk","32","128","4096","80d36c3c9cd52156c70f2b108ab03f36779f9c62058d29a2e43b30d1ccaaff2a"
"qoi-textures_pk/001833_mod_labwall01tb_3d8046f6e961.png","qoi-textures_pk","16","128","2048","3d8046f6e961a2a29c902aef8f04e9531623b83421a81ff887894f84535548a6"
"qoi-textures_pk/001834_mod_labwall02a_8333b781d5d1.png","qoi-textures_pk","128","128","16384","8333b781d5d1cfde68b42072b6a1f047a0d417e50b198defde25eff179801d1e"
"qoi-textures_pk/001835_mod_labwall02b_83c87112497a.png","qoi-textures_pk","128","128","16384","83c87112497aee1ce8cf7ed406ebc70b60f3b8b11c3783c99fc0ec29b322430c"
"qoi-textures_pk/001836_mod_labwall02c_16de29b8ed58.png","qoi-textures_pk","128","128","16384","16de29b8ed58e3da58326b3139d190a228410402a58a569bdda394c95895a9dd"
"qoi-textures_pk/001837_mod_labwalla_338a399c01e3.png","qoi-textures_pk","128","128","16384","338a399c01e3064eb2b1aac5e83a02872ef9cadab12d0c1d7a2f3a2be02c1090"
"qoi-textures_pk/001838_mod_labwallb_5d778a036e65.png","qoi-textures_pk","128","128","16384","5d778a036e651143566e3b43546efb4fa1b3e58cdc83531a3f38235fc69f89e8"
"qoi-textures_pk/001839_mod_labwallc_532a2fa59c9b.png","qoi-textures_pk","128","128","16384","532a2fa59c9b761d0b902d79153d954879ed0769c1edc9a52ce15a522292d2d4"
"qoi-textures_pk/001840_mod_labwalld_6b62d2c39997.png","qoi-textures_pk","128","128","16384","6b62d2c399972e8ab037f12fc5941182b104001c812d2a8c94e6a07544836446"
"qoi-textures_pk/001841_mod_labwallta_ede627c44068.png","qoi-textures_pk","16","128","2048","ede627c440687521bf8496dabe6b08e551b3c58203fded7d2f74c0c960c5a060"
"qoi-textures_pk/001842_mod_labwalltb_b0a8bb6ab5db.png","qoi-textures_pk","32","128","4096","b0a8bb6ab5db2b63e8863940c220ef56f133262a983013e7824be5122a3038fd"
"qoi-textures_pk/001843_mod_lbmetal1a_15249b9c0b31.png","qoi-textures_pk","256","256","65536","15249b9c0b311e85a9cf69b5dd9bd7f98fd5a38e4a2286534d962e8e30c283ff"
"qoi-textures_pk/001844_mod_lbmetal1b_d1db32d552b2.png","qoi-textures_pk","256","256","65536","d1db32d552b2ade3cde2d8d41bd3793594ce3b1a6653c51dbcfd4a3ebb2b79c5"
"qoi-textures_pk/001845_mod_lbmetal1c_cc4767ca41be.png","qoi-textures_pk","256","256","65536","cc4767ca41bed005e471a9fb53bf537206db88a684fd33a24ef59322ab11568f"
"qoi-textures_pk/001846_mod_lbmetal1d_04e9c182c91c.png","qoi-textures_pk","256","256","65536","04e9c182c91ccad9c3374f12af73f90fb06ab10fc55fa90ea401a10c4551f292"
"qoi-textures_pk/001847_mod_light1a_8a3e7b470d3c.png","qoi-textures_pk","32","128","4096","8a3e7b470d3c275ef14b675ff9c8faba7ea53cd25def54411baf2b60dc8511a2"
"qoi-textures_pk/001848_mod_light1b_177186732899.png","qoi-textures_pk","32","128","4096","177186732899d30731abd9bbc1f0347e3444a0c036d1e8fc73d66028ce169f4a"
"qoi-textures_pk/001849_mod_light2a_af13778c4d4f.png","qoi-textures_pk","32","128","4096","af13778c4d4f3f29541f07453643f7a7435704c1eeb55a30e4f0260eddd34f2b"
"qoi-textures_pk/001850_mod_light3a_8c2e1a2e0c2b.png","qoi-textures_pk","32","128","4096","8c2e1a2e0c2b916f18f9260656506da89ee98a9ecc5fee61b037bb86553f64a2"
"qoi-textures_pk/001851_mod_light3b_9607aa22143f.png","qoi-textures_pk","32","128","4096","9607aa22143f31e44d0743b3f92224a2f70f1ef9623a04be12c11590e9e5e205"
"qoi-textures_pk/001852_mod_light4_9137d19b8026.png","qoi-textures_pk","32","128","4096","9137d19b8026808d0ea84cdbff2f2ce2ce7481f3a8aeaefe650c486aa4183a65"
"qoi-textures_pk/001853_mod_lights1a_aaaaccc85a4b.png","qoi-textures_pk","32","32","1024","aaaaccc85a4b379b7b40278e2586b0f9efeaa1891df6fc782f5d3660f1da32dc"
"qoi-textures_pk/001854_mod_lights1b_b3fcdc653db4.png","qoi-textures_pk","32","32","1024","b3fcdc653db4ff1396cf9b65a97f372b8c06c77a749c5651fed65a190b8e6657"
"qoi-textures_pk/001855_mod_lights2a_7ed79243f41c.png","qoi-textures_pk","32","32","1024","7ed79243f41c80fc6a8cf99377829a57cc6c514209185e09997f2e62c362554d"
"qoi-textures_pk/001856_mod_lights3a_51e4e864edb9.png","qoi-textures_pk","32","32","1024","51e4e864edb9b6e2e2a9deda11a4bedd0bcec6b3c9dbf59a0e89bbfc3fbb1181"
"qoi-textures_pk/001857_mod_lights4a_78ebdaa83527.png","qoi-textures_pk","32","32","1024","78ebdaa835271df25a605548a756343cc92180205e18eeb2e957e88d591e0835"
"qoi-textures_pk/001858_mod_metal1a_059bf884ef1b.png","qoi-textures_pk","256","256","65536","059bf884ef1bc983ccfff04728cf45ab649f1fa01dd14c9e99fce6c93afad856"
"qoi-textures_pk/001859_mod_metal1b_4da92953d8f4.png","qoi-textures_pk","256","256","65536","4da92953d8f45679de60f3c4f67833c2ee847290947185a988c28277771ccc06"
"qoi-textures_pk/001860_mod_metcrate1a_144e96b55a1b.png","qoi-textures_pk","128","128","16384","144e96b55a1ba505889bd2de2051e2d225b10a2c37d5e55ef25510aa60554d1b"
"qoi-textures_pk/001861_mod_metcrate1b_479d1d3e6015.png","qoi-textures_pk","128","128","16384","479d1d3e60157a0d8d499e99e36938e140e4d3acf12ab8704a537baaa799891e"
"qoi-textures_pk/001862_mod_metdoor1a_547486ef2671.png","qoi-textures_pk","256","256","65536","547486ef2671d353f1188484bbb091ac7a8ee21cf39f95de76384ad51342c864"
"qoi-textures_pk/001863_mod_metdoor1b_ea2f1a00d030.png","qoi-textures_pk","256","256","65536","ea2f1a00d03006cd53ea124be0956b1658b0c547887b5beffe8afd561c20da8b"
"qoi-textures_pk/001864_mod_metdoor2_7a08b91b1f74.png","qoi-textures_pk","128","128","16384","7a08b91b1f74212471d427526829e3d83f5c09bc4c3e8b433b8a08e051adc481"
"qoi-textures_pk/001865_mod_metfloor1a_ac1d893faeae.png","qoi-textures_pk","256","256","65536","ac1d893faeae1dfac1b7c82415a91c8d631e4e9ae551dd1f9c20182564f6d3b0"
"qoi-textures_pk/001866_mod_metfloor1b_84e234752419.png","qoi-textures_pk","256","256","65536","84e2347524199c92ce76fedb900ad9a736f98933d7022895b4da3dc2dbb179c8"
"qoi-textures_pk/001867_mod_metfloor1c_23b441b41e1d.png","qoi-textures_pk","256","256","65536","23b441b41e1d4cc21c224137adaf0e2e76691ad8e3708616573ff9d913cc65cf"
"qoi-textures_pk/001868_mod_metfloor2a_f9fb2d2ee22b.png","qoi-textures_pk","128","128","16384","f9fb2d2ee22ba78060acb65170d91c578877ba8f7594219fd7e64ccf06ed0896"
"qoi-textures_pk/001869_mod_metfloor2b_926ed9ab5379.png","qoi-textures_pk","128","128","16384","926ed9ab5379b1cd22fb14274617ca8c0cf90683e90f4a3afd318cd30c66baf5"
"qoi-textures_pk/001870_mod_metfloor2c_325e3944dd89.png","qoi-textures_pk","128","128","16384","325e3944dd89c173c307ec583bb6983cb58b25376c3a283270e5c247dbf5cc97"
"qoi-textures_pk/001871_mod_mettrim1a_a5c8d98bb2f0.png","qoi-textures_pk","128","32","4096","a5c8d98bb2f0ba0540aecdaf3152dd558830c9961e242c9b21d52a30b886a0ac"
"qoi-textures_pk/001872_mod_pipe2a_a2b041e3cc74.png","qoi-textures_pk","128","128","16384","a2b041e3cc7408fe347c3b5f9b19d46a56b03409cea8f0c4cfc363d1112ea9bb"
"qoi-textures_pk/001873_mod_pipe2b_8a44c06f70f8.png","qoi-textures_pk","128","128","16384","8a44c06f70f88cc5b715d6fc7357d9addee5367d96d6d1059e5ef3d46d4b5373"
"qoi-textures_pk/001874_mod_pipe2c_20e8fee5eba1.png","qoi-textures_pk","128","128","16384","20e8fee5eba18d42b6c7690c2db963096fd3fbb97778e2c6c0df271506ed29d3"
"qoi-textures_pk/001875_mod_pipe2d_73c4eaeccc29.png","qoi-textures_pk","128","128","16384","73c4eaeccc2978e94291da9301e9a0d3256de81bb49ddd276e82562d4d6beec4"
"qoi-textures_pk/001876_mod_plantg_d7c2f8d2d660.png","qoi-textures_pk","256","256","65536","d7c2f8d2d6605f8d94c7ab38ea1a2cf73bedfd2c31e78630003bb9b5636a4581"
"qoi-textures_pk/001877_mod_screen1a_d0965db0b744.png","qoi-textures_pk","64","64","4096","d0965db0b744f33031034481ebfb1eaf8a1989c69064bc134b38cd3666bb81fe"
"qoi-textures_pk/001878_mod_screen1b_97fb5d7e6ac7.png","qoi-textures_pk","64","64","4096","97fb5d7e6ac7d3252d0c7ec3424a69f337c4567798a881f41af1fe22e09edd14"
"qoi-textures_pk/001879_mod_screen1c_556d96dc2dfe.png","qoi-textures_pk","64","64","4096","556d96dc2dfe6d4bbb865796bd12f92e910fb32a89ca4a610bb250cf66bb74ad"
"qoi-textures_pk/001880_mod_screen1d_f6bb25433ae7.png","qoi-textures_pk","64","64","4096","f6bb25433ae76a795a89e26d208162a19f7ae590e9073c91d5ccaa90d2d0e609"
"qoi-textures_pk/001881_mod_screen1e_fce140d94277.png","qoi-textures_pk","64","64","4096","fce140d94277ba2b8628da3b38dfa3f2627ee2d45aef75a3ff2e27d5f4df7108"
"qoi-textures_pk/001882_mod_screen1f_138d907f4885.png","qoi-textures_pk","64","64","4096","138d907f4885b4642043a920fb097dae5c640e79fdab4e74f8410b658ccb8d51"
"qoi-textures_pk/001883_mod_screen1g_a3a6542ebbf9.png","qoi-textures_pk","64","64","4096","a3a6542ebbf9e35888fe37c4489827bce5f6dd74e8cd756b6778017fc5ca254b"
"qoi-textures_pk/001884_mod_screen1h_d1698f8c6a58.png","qoi-textures_pk","64","64","4096","d1698f8c6a582da9914ba34b4151767c1cf0e3c495dfc576864683cc6a44be68"
"qoi-textures_pk/001885_mod_screen1i_b6c898389e0d.png","qoi-textures_pk","64","64","4096","b6c898389e0d8cdb1e8c53943cdb422d11809a42208bc2746a775b5867810bd9"
"qoi-textures_pk/001886_mod_screen1j_41ee0edbfb43.png","qoi-textures_pk","64","64","4096","41ee0edbfb4379b617f2e516cb9cbd84d176fc5c83dd63e74b4c12c9c60a247c"
"qoi-textures_pk/001887_mod_screena_e179e917e4c4.png","qoi-textures_pk","64","64","4096","e179e917e4c42dd3393d8889b69c21e0abe84c11cad83f4988f7f3428451746a"
"qoi-textures_pk/001888_mod_screenb_02e086e7c618.png","qoi-textures_pk","64","64","4096","02e086e7c6180fe38e5ee304cc82e947809fde0cdd007aa66a9356031847a829"
"qoi-textures_pk/001889_mod_screenc_3a2e67d9bf4f.png","qoi-textures_pk","64","64","4096","3a2e67d9bf4f75c686c7e0cb5ee620c7529672141b91f30f1749665dbd360281"
"qoi-textures_pk/001890_mod_screend_fb84ec7874a7.png","qoi-textures_pk","64","64","4096","fb84ec7874a7b5f709a550303ca3da8e3cc804eb14e67f8147222d675f9da38e"
"qoi-textures_pk/001891_mod_screene_71b4e227da69.png","qoi-textures_pk","64","64","4096","71b4e227da698cccf5d5a2ad1d6f573669b370e9759a3bcc3305c2627ed03df7"
"qoi-textures_pk/001892_mod_screenf_1a0d42e5c3db.png","qoi-textures_pk","64","64","4096","1a0d42e5c3dba6c1d048962506a8c9cf3411d0e7319b27b118b42aeac0db20e2"
"qoi-textures_pk/001893_mod_screeng_9b7b37deec7f.png","qoi-textures_pk","64","64","4096","9b7b37deec7f085c23d1160d2dd892c425b0ea1d38d9bce99a703b1bdfe1a10b"
"qoi-textures_pk/001894_mod_screenh_4b2faad6ac4b.png","qoi-textures_pk","64","64","4096","4b2faad6ac4bc0c0a3ae06f9f89ec799d7f54560239908de259a20daa47eb08e"
"qoi-textures_pk/001895_mod_screeni_06e6ab23a240.png","qoi-textures_pk","64","64","4096","06e6ab23a2402ec961d9f76b12599610d8cbf1bf45c504b7c8d866a21a0bd784"
"qoi-textures_pk/001896_mod_screenj_9f1aa1afc459.png","qoi-textures_pk","64","64","4096","9f1aa1afc4592b90b528467ac3571c2850693e7a039c731024efaa1a344ffa84"
"qoi-textures_pk/001897_mod_screens1a_79bdcbc3e3c6.png","qoi-textures_pk","256","64","16384","79bdcbc3e3c6e5e27caae87a636201fc01238711e1e4a511ede09627a686bc4c"
"qoi-textures_pk/001898_mod_screens1b_2ebe1c19dfc3.png","qoi-textures_pk","256","64","16384","2ebe1c19dfc3b665a018b5d952a4eb8ebcccdb54c2b3cb32e9b3cdd81b2c632b"
"qoi-textures_pk/001899_mod_screensa_2388d4557328.png","qoi-textures_pk","256","64","16384","2388d4557328d9cf1efa992694bf331c10f0b937a562faede414431e27205474"
"qoi-textures_pk/001900_mod_screensb_ba48da2e4669.png","qoi-textures_pk","256","64","16384","ba48da2e46693715193a381b434954c4f446dbce318e160e4ef60dfdefabb930"
"qoi-textures_pk/001901_mod_siga_c6a869e7ed45.png","qoi-textures_pk","32","32","1024","c6a869e7ed45e400658322a72f21571d656a597a5f0912fc0149e787c903856c"
"qoi-textures_pk/001902_mod_sigaira_36f52c2d3b75.png","qoi-textures_pk","64","32","2048","36f52c2d3b75cadb6d42be65c7b2051b553de764d735938792b4bc32af851759"
"qoi-textures_pk/001903_mod_sigairb_513aacd51ba3.png","qoi-textures_pk","64","32","2048","513aacd51ba3a723cd4bad944d2561f071a0b8a0f80bea2f2ed466387f5d78b3"
"qoi-textures_pk/001904_mod_sigb_c4a597cc0632.png","qoi-textures_pk","32","32","1024","c4a597cc06323af9d292c63c572fa9c2795eb2606ab4bc1b766c3c9955b05ed0"
"qoi-textures_pk/001905_mod_siggen_1a4172b2b089.png","qoi-textures_pk","64","32","2048","1a4172b2b0897126c2658a51be49cc12f5b7fe6587e3475e70d2674b3f763f04"
"qoi-textures_pk/001906_mod_sign1_3cdfeafb26b7.png","qoi-textures_pk","128","64","8192","3cdfeafb26b73183deddb35e6aff663195d64b49a6e89eed5bce45f44271055c"
"qoi-textures_pk/001907_mod_sigwarn_8adac2f86d31.png","qoi-textures_pk","64","64","4096","8adac2f86d31707766b6b22eab6056caba15bd165350eb3c49a4384962c80f8c"
"qoi-textures_pk/001908_mod_spot1_a32f1b52874b.png","qoi-textures_pk","64","64","4096","a32f1b52874b4580924912fde6d851ee940b3028e911e03a9df238296d5400c5"
"qoi-textures_pk/001909_mod_striptrim1a_22923a81ea5e.png","qoi-textures_pk","32","128","4096","22923a81ea5efc7e339eb94e16dfea3bebcfc088f16f0d4041190dd7f4264f95"
"qoi-textures_pk/001910_mod_striptrim1b_7f6dd62422a0.png","qoi-textures_pk","32","128","4096","7f6dd62422a004a6f45da2834adc2755547117993e28163953220f9092f3f25c"
"qoi-textures_pk/001911_mod_thinlighta_dc980f6193d4.png","qoi-textures_pk","128","16","2048","dc980f6193d4597a3aee9d693d048a6c478d413ae0fb4d08dda01f5fe18e309d"
"qoi-textures_pk/001912_mod_thinlightb_dc121145468f.png","qoi-textures_pk","128","16","2048","dc121145468fd201925f847d406d0961c8ae7807d6b37735c33ec9522371be20"
"qoi-textures_pk/001913_mod_vents1a_83185b8809ac.png","qoi-textures_pk","64","64","4096","83185b8809ac0da89e2616ef2e3774eb9472c610cdf85288676eb60ab4d46571"
"qoi-textures_pk/001914_mod_vents1b_3a7ba3edefcf.png","qoi-textures_pk","64","64","4096","3a7ba3edefcfe652c35d59953d8008ba0ffe8f58154e1184e4396ef4e7952521"
"qoi-textures_pk/001915_mod_vtrim01a_c87ac37d2879.png","qoi-textures_pk","16","256","4096","c87ac37d28795e5e2823e590364c1051d4585b69f8adb66a0acab28f2d717940"
"qoi-textures_pk/001916_mod_vtrim01b_e13d65957523.png","qoi-textures_pk","32","256","8192","e13d6595752396f927ca3c2de88745a5874fcc82320f4511ac1b16fc794f4d6d"
"qoi-textures_pk/001917_mod_walldetail1_78360eedd5e6.png","qoi-textures_pk","128","128","16384","78360eedd5e67579a6c94d5adb861f484b7e3fdf31b866e9879fe37ddbce6293"
"qoi-textures_pk/001918_mod_walldetail2_50f47979342c.png","qoi-textures_pk","128","128","16384","50f47979342cb2bf06a2840a5283c7a652ae66156fab8d04d6ae90f51c2e9757"
"qoi-textures_pk/001919_mod_wallvent1a_85f5d8295d2b.png","qoi-textures_pk","64","128","8192","85f5d8295d2b40dcbf2a09022dd421baf36907d1d8a6f7ceee24cc0dc2fdd910"
"qoi-textures_pk/001920_mod_wallvent1b_0d4f6c151e61.png","qoi-textures_pk","64","128","8192","0d4f6c151e61a044cc5602579f2c05025fb1044a74386b294bdd741ab313aca3"
"qoi-textures_pk/001921_pk_chcobb1a_5eb814c0a816.png","qoi-textures_pk","256","256","65536","5eb814c0a816564819a34f7e078e8f541d985af54c3d52870f207b2f6490fb74"
"qoi-textures_pk/001922_pk_chcobb1b_6c83b7c65c00.png","qoi-textures_pk","256","256","65536","6c83b7c65c0056b44d7bc8bd047eb9e21c92447d964f973ce39cbd1373d66521"
"qoi-textures_pk/001923_pk_chcobb2a_1f765a635d03.png","qoi-textures_pk","256","256","65536","1f765a635d0352134baca4a5466ca555a593d8e0e3c180731255ed76477327e0"
"qoi-textures_pk/001924_pk_chcobb2b_b231d7d11270.png","qoi-textures_pk","256","256","65536","b231d7d1127061dcb94b9f01060024937d422e27aba5f2dbac05b26a9819ee8b"
"qoi-textures_pk/001925_pk_chcobb2c_fb676852a9be.png","qoi-textures_pk","256","256","65536","fb676852a9be2e463e0f4012da5f01763f03713a5e89c45b98bcbc6c8446d749"
"qoi-textures_pk/001926_pk_chcobb2d_20b3eac003cd.png","qoi-textures_pk","256","256","65536","20b3eac003cd1667eb2542d0feb8bb6d06a6c9be2a2df776e28d832b14d5fa97"
"qoi-textures_pk/001927_pk_chcobb3a_2288a5737d49.png","qoi-textures_pk","256","256","65536","2288a5737d491b60f8aac728a08f19ee4453c80d95d8186b81fa6a050b7bd59f"
"qoi-textures_pk/001928_pk_chcobb3b_01f51d13014b.png","qoi-textures_pk","256","256","65536","01f51d13014b8fbe71fbd866a1466b18be11b0cb9351a587987006a356a1dd2a"
"qoi-textures_pk/001929_pk_chcobb3c_812557950297.png","qoi-textures_pk","256","256","65536","8125579502976089ce2e24c1fb6dbe4793dc563ec0ccf8e7126a2d65098518cc"
"qoi-textures_pk/001930_pk_chcomcar1a_031a7b98f4a2.png","qoi-textures_pk","256","256","65536","031a7b98f4a28570b222211c9747e5c657536554d415696cd738ad04929d9a78"
"qoi-textures_pk/001931_pk_chcomcar1b_94f59510ab7b.png","qoi-textures_pk","256","256","65536","94f59510ab7ba9c7ffc48922060166bd4e3d01686ca7f4640941a5d6fee3a01f"
"qoi-textures_pk/001932_pk_chcomcar1c_63325f7a3667.png","qoi-textures_pk","256","256","65536","63325f7a3667c7d40c37b5cd60444175571fe462762da1fbd70ad43037a17423"
"qoi-textures_pk/001933_pk_chcomcar1d_8c9a90872c43.png","qoi-textures_pk","256","256","65536","8c9a90872c43695ff253aeb266d990f92be9f3c4451cd48782154b825c44200e"
"qoi-textures_pk/001934_pk_chcomcar2_cdf422dd08d0.png","qoi-textures_pk","256","256","65536","cdf422dd08d043924daf6755516156b5bed6e50a42baeb70ea078e488e16530d"
"qoi-textures_pk/001935_pk_chcomwood1a_bedfdaa8cafb.png","qoi-textures_pk","128","128","16384","bedfdaa8cafbd725688bff38b94e9cecb5557deccad791a2b44014ef3413fdf7"
"qoi-textures_pk/001936_pk_chcomwood1b_9f814e6c184e.png","qoi-textures_pk","128","128","16384","9f814e6c184ecb512a824f7dc0f23ba168faf4a3c40c1bbbd88bdbc6ecde57e0"
"qoi-textures_pk/001937_pk_chcomwood2a_92ead3f438cd.png","qoi-textures_pk","256","64","16384","92ead3f438cd203853e20b19c14b939ea5d7d88957fe0642f10ca3e648bc36b6"
"qoi-textures_pk/001938_pk_chcomwood2b_3ada2ebe193a.png","qoi-textures_pk","256","64","16384","3ada2ebe193a78eba421c8040f9756465253f24cd126fb222c1c0d262a7e8ad8"
"qoi-textures_pk/001939_pk_chcomwood3a_bc723c974e42.png","qoi-textures_pk","256","256","65536","bc723c974e42e87e773b6a5a7f54adeaceaef8351eec3b553479296d0eae54b7"
"qoi-textures_pk/001940_pk_chcomwood3b_0e0476f5fd2d.png","qoi-textures_pk","256","256","65536","0e0476f5fd2d3051715567732ed7f3c611337fc153a6ff7c077dbd0da6932c55"
"qoi-textures_pk/001941_pk_chcomwood3c_1ff7c5b24deb.png","qoi-textures_pk","256","256","65536","1ff7c5b24deb5adf4b05d760938054263fd1cb7afcac694783ef97357f890148"
"qoi-textures_pk/001942_pk_chconcrete1a_7eb2a560cd80.png","qoi-textures_pk","256","256","65536","7eb2a560cd804d2e1cbe634962bc3016612fec9a3b1b08e5e11253270e919a66"
"qoi-textures_pk/001943_pk_chconcrete1b_cd0b822372bc.png","qoi-textures_pk","256","256","65536","cd0b822372bc4f31f392b72ae037e492bb58a63bef7dbbe4ffca3297ee33d663"
"qoi-textures_pk/001944_pk_chconcrete1c_2a62aa635619.png","qoi-textures_pk","256","256","65536","2a62aa635619d13d1bfac49fbba9e415edb8db50008c2655e67cd20015a62607"
"qoi-textures_pk/001945_pk_chcrowall1a_af585a0add4b.png","qoi-textures_pk","256","256","65536","af585a0add4b54b8d69a5b7887d505b4c6e89a10ec5a36d0a59eabfae9f1b662"
"qoi-textures_pk/001946_pk_chcrowall1b_0d0e9a7147e3.png","qoi-textures_pk","256","256","65536","0d0e9a7147e30583de6d16cff570acc9c6676f8309a3d4e5037092fd280cac17"
"qoi-textures_pk/001947_pk_chcrowall1c_1b05576c7df8.png","qoi-textures_pk","256","256","65536","1b05576c7df8f04454a0f545b4aad2ae99058f2418b35cd6a4188ded2be45b30"
"qoi-textures_pk/001948_pk_chcrowall1d_707712f0c825.png","qoi-textures_pk","256","256","65536","707712f0c825503b343f454efe75c6f8bea5444062614b93001218cf43e420fb"
"qoi-textures_pk/001949_pk_chcrowall1e_24207e4b3959.png","qoi-textures_pk","256","256","65536","24207e4b3959cf595141e6f98636865e59cf92968d5deb873c7889388de4b912"
"qoi-textures_pk/001950_pk_chcrowall1g_b634e9e5f71d.png","qoi-textures_pk","256","256","65536","b634e9e5f71d1e84c1e8ef090391ed41ccbc624087a300406ffcb86323f0f43d"
"qoi-textures_pk/001951_pk_chcrowall1h_9910dc075f04.png","qoi-textures_pk","256","256","65536","9910dc075f04db80730925ffa5616be99ab1521e012dbe8bbda4b51e93e4540b"
"qoi-textures_pk/001952_pk_chgrass1_56002893055b.png","qoi-textures_pk","256","256","65536","56002893055ba480acdcbe682c8d7d5c31f42d96e69674ca4a413addd5632563"
"qoi-textures_pk/001953_pk_chindoor1_367612c546e2.png","qoi-textures_pk","64","128","8192","367612c546e2995197be76ad2ca3e20759b6fec9b0d85d002e9e7e441842e674"
"qoi-textures_pk/001954_pk_chinflc1a_45c0387dc77d.png","qoi-textures_pk","128","128","16384","45c0387dc77dda175f34619fcee97f8238ceec6bafc88fe1bfad0cfb0bc763cd"
"qoi-textures_pk/001955_pk_chinflc1b_5025dd3d2b03.png","qoi-textures_pk","128","256","32768","5025dd3d2b03f31bc72601b3dc625b32251467a3136be38931436e13e68fd85a"
"qoi-textures_pk/001956_pk_chinflc2a_873a97a7a821.png","qoi-textures_pk","128","256","32768","873a97a7a82130136dd5da78c89f78774ef2fe27c45aba8233a6578602cbe39a"
"qoi-textures_pk/001957_pk_chinflc2b_1cc893180ab9.png","qoi-textures_pk","128","256","32768","1cc893180ab9a2dc88f2ad35de1a709c7ff418af364edda75fccc7bf94a3fdde"
"qoi-textures_pk/001958_pk_chinflc2c_03811b835eb5.png","qoi-textures_pk","128","256","32768","03811b835eb5d260c7bfb371ecf938224977127bd7fbf52d00a7248b2b7b76cc"
"qoi-textures_pk/001959_pk_chinflc2d_90889f821dff.png","qoi-textures_pk","128","256","32768","90889f821dffee8f61be0077dbc7f05b48a56f8fadfc15e375fa350fff1de540"
"qoi-textures_pk/001960_pk_chinflw1a_e32b21f58dba.png","qoi-textures_pk","256","256","65536","e32b21f58dba9b72bebeb56e8764ab6eeead4b5c1c22b1d8ebb8ee8497beea34"
"qoi-textures_pk/001961_pk_chinflw1b_ffe4310a81c9.png","qoi-textures_pk","256","256","65536","ffe4310a81c913b99d747f3dbe03f4591218f427f32a33c78d23726804b3c0d3"
"qoi-textures_pk/001962_pk_chinflw2a_a3dbdb9a24ac.png","qoi-textures_pk","256","256","65536","a3dbdb9a24ac02c11e713b71931eba3ad638ef9470aed713e9e277ff54e878ef"
"qoi-textures_pk/001963_pk_chinflw2b_ed107ed92fd5.png","qoi-textures_pk","256","256","65536","ed107ed92fd55adb7588c20dab5d96594ae653d725f5bd1e87f3b43d91a4e705"
"qoi-textures_pk/001964_pk_chinflw2c_f7203659e1f7.png","qoi-textures_pk","256","256","65536","f7203659e1f74436b73368f031bb745132d3504b8dcb882070df18532d4f8653"
"qoi-textures_pk/001965_pk_chinflw3a_f840d3017e3c.png","qoi-textures_pk","256","256","65536","f840d3017e3c205e01272b8c06860ccbd21c3c0c10bb1914f638bb6157b366e9"
"qoi-textures_pk/001966_pk_chinflw3b_c053a4b2a8e1.png","qoi-textures_pk","256","256","65536","c053a4b2a8e14a271c0e41537c06e0a988e597c99ac5d18aa62da191a04f2724"
"qoi-textures_pk/001967_pk_chinflw3c_88ac107826d7.png","qoi-textures_pk","256","256","65536","88ac107826d764f7ca35dd9b91e5625deacfcaf0da4bed6ac092201d6a1124b2"
"qoi-textures_pk/001968_pk_chinflw3d_8269238d9ae3.png","qoi-textures_pk","256","256","65536","8269238d9ae32fae1b24233288782723382d9c60e01c8af518157768179af694"
"qoi-textures_pk/001969_pk_chinhobeam1a_3c6bd51e176d.png","qoi-textures_pk","128","16","2048","3c6bd51e176dbf628db1728c35415d2d9f0236ad3bdcae85c1d8d0c645d3f317"
"qoi-textures_pk/001970_pk_chinhobeam1b_ff9eeda946ef.png","qoi-textures_pk","128","16","2048","ff9eeda946efd4fdc55d145d2e5ce732d519bd0dba930902f008873ffedbea06"
"qoi-textures_pk/001971_pk_chinhobeam2a_aa46e8a2f970.png","qoi-textures_pk","128","16","2048","aa46e8a2f970a9ae0e8ac3f9d86db650b6f32745af9f5156dd6cafd57e848443"
"qoi-textures_pk/001972_pk_chinhobeam2b_ac02ce1a9dac.png","qoi-textures_pk","128","16","2048","ac02ce1a9dac136fd96359c1565e4bfe53afcdc8fdaf0457c55e9120d130c7ec"
"qoi-textures_pk/001973_pk_chinpillow1a_c79e9db058c2.png","qoi-textures_pk","64","64","4096","c79e9db058c2f00803495c599da36f33209affd59e939eaf965712451226eb10"
"qoi-textures_pk/001974_pk_chinpillow1b_7b98217db2aa.png","qoi-textures_pk","64","64","4096","7b98217db2aa65f62cd6f7a302d759443336d12d0132ea72ddab6b30235136d3"
"qoi-textures_pk/001975_pk_chinpillow2a_3ce28c9e59cd.png","qoi-textures_pk","128","128","16384","3ce28c9e59cd33decb0659a6c95b5fc7473ddd3db99780ed5af320c5f06edd03"
"qoi-textures_pk/001976_pk_chinpillow2b_2344116dc66b.png","qoi-textures_pk","128","128","16384","2344116dc66be356052e9a1909af3a828345da1f7adec697d484de0620022b05"
"qoi-textures_pk/001977_pk_chinpillow2c_2f04a5e25916.png","qoi-textures_pk","128","128","16384","2f04a5e25916a4df7a0af4f98041a67f8ca1d8a49a172a24f62a267567231d29"
"qoi-textures_pk/001978_pk_chinroof1a_a3e7883b84fe.png","qoi-textures_pk","128","128","16384","a3e7883b84fed399e864bd9fbfae2e0c8b154662dd0337059a3f1a530dd05494"
"qoi-textures_pk/001979_pk_chinroof1b_3acd842761b0.png","qoi-textures_pk","128","128","16384","3acd842761b0f9ec97f93d8df5e999102d2699b0d2b3c2ab5302e621efec361d"
"qoi-textures_pk/001980_pk_chinroof1c1_c220f1577f48.png","qoi-textures_pk","128","128","16384","c220f1577f48ebce4f3dd2e7cc85232d7b374f1263e279a743295b7ab2573ae3"
"qoi-textures_pk/001981_pk_chinroof1c2_818562fc336b.png","qoi-textures_pk","128","128","16384","818562fc336bc8fcedef14345c8803180a10a31e0627c6e1953fa2ac1509877e"
"qoi-textures_pk/001982_pk_chinroof1d1_e04e68e0dd87.png","qoi-textures_pk","128","128","16384","e04e68e0dd874b1d689688a606de2d345a1c02f9cde8479293d8f40756980f8f"
"qoi-textures_pk/001983_pk_chinroof1d2_27825a9da92d.png","qoi-textures_pk","128","128","16384","27825a9da92d6b198e6cccd82d035e04b2de54f2601b3c76d1bf3d7235b15cf0"
"qoi-textures_pk/001984_pk_chinroof1e1_ffb91c7f9afb.png","qoi-textures_pk","128","128","16384","ffb91c7f9afb02aac9eb9d4ef0be61140f7c439908b7d9262d8184dc86bab891"
"qoi-textures_pk/001985_pk_chinroof1e2_5e3e9f1064c8.png","qoi-textures_pk","128","128","16384","5e3e9f1064c83e82fbf41b4039faffdb5695263cce33359695723e2d45f3c339"
"qoi-textures_pk/001986_pk_chinshad1a_fd873d9a6365.png","qoi-textures_pk","256","256","65536","fd873d9a636549e7e333fcab5ce6918c8694338697622fe1644831f6489ca78b"
"qoi-textures_pk/001987_pk_chinshad1b_403cc93abde7.png","qoi-textures_pk","256","256","65536","403cc93abde7b6bb0529add8c4bacd578ea3cb318e8dc78a2e90bad95ac66c8b"
"qoi-textures_pk/001988_pk_chinshad1c_c85efc9b351f.png","qoi-textures_pk","256","256","65536","c85efc9b351fa384877d22eef6b0f1c19424c9e74b54b7e09e91254e2e57b9cf"
"qoi-textures_pk/001989_pk_chintable1l_22d37a7772ce.png","qoi-textures_pk","32","128","4096","22d37a7772ce1f58c7126728c6511064543f491436eabf78bcf2437272851876"
"qoi-textures_pk/001990_pk_chintable1s_e0751d3355ac.png","qoi-textures_pk","128","16","2048","e0751d3355aca1db87a0f78bd574e2efc053d9eaad3cb35a4d4d743f3bd4e7c9"
"qoi-textures_pk/001991_pk_chintable1t_9783d34e22b7.png","qoi-textures_pk","256","128","32768","9783d34e22b732867c35b1d91798e2a1062bb5c12446c8ed1943c4d62d4dcf7b"
"qoi-textures_pk/001992_pk_chinvebeam1a_bcfee1e5e25a.png","qoi-textures_pk","16","128","2048","bcfee1e5e25a6005e18c79bb767c3a06858e0065ca9dca24ca4f8570a61a874a"
"qoi-textures_pk/001993_pk_chinvebeam1b_c3b839e5afe1.png","qoi-textures_pk","16","128","2048","c3b839e5afe1d077e24bbed2bb96a77606495b934a665ca8946d5094310c7579"
"qoi-textures_pk/001994_pk_chinvebeam2a_ab5effaa0cc5.png","qoi-textures_pk","16","128","2048","ab5effaa0cc5e6863a376d2e81fa663b3685c5f9e563f6ca9f7756a82dbdfd67"
"qoi-textures_pk/001995_pk_chinvebeam2b_72bdef160ab0.png","qoi-textures_pk","16","128","2048","72bdef160ab07b0d5903689f58e3d6710bdb4781d1ab52e74003e043ad812137"
"qoi-textures_pk/001996_pk_chinvebeam3a_f48ff05a076c.png","qoi-textures_pk","16","128","2048","f48ff05a076c1ee2092e68710bfd7ed2140e44513f08c2cff5f028fffd260e9a"
"qoi-textures_pk/001997_pk_chinvebeam3b_6b6d21d80953.png","qoi-textures_pk","16","128","2048","6b6d21d809533767a5757822dc2b89f2afc4044fa00985f7ab2b4051ae0a3d3a"
"qoi-textures_pk/001998_pk_chinvebeam3c_409928b23535.png","qoi-textures_pk","16","128","2048","409928b2353516e8d26a298ff1c5ddadabe5e9d719d1e95069770c18b593695a"
"qoi-textures_pk/001999_pk_chinvebeam4_99b500562fba.png","qoi-textures_pk","16","256","4096","99b500562fba7b8fa45448212bdaeb78b8fbd3b9be89c03df5a14c8f1fd5cb7f"
"qoi-textures_pk/002000_pk_chinwall1_2b5401e8ea20.png","qoi-textures_pk","128","128","16384","2b5401e8ea20175045ac5967428c6911d0c12e41f9c5a56c4670ebe6447b2f42"
"qoi-textures_pk/002001_pk_chinwall2a_b9420787c9f3.png","qoi-textures_pk","256","256","65536","b9420787c9f32e69f1585b0b846b9d5a2c97ab455108efd8f47e06d3b4589b09"
"qoi-textures_pk/002002_pk_chinwall2b_17ad4f3501b7.png","qoi-textures_pk","256","256","65536","17ad4f3501b7b24db975e56914595d4c183e0643073bc58b0162fa0db76bd3b4"
"qoi-textures_pk/002003_pk_chinwall2c_0b805ec91063.png","qoi-textures_pk","256","256","65536","0b805ec9106362a7cd50c0818bc6c209e27dc60c065aeca753254840cc5ab343"
"qoi-textures_pk/002004_pk_chinwall2d_d059c2eecca4.png","qoi-textures_pk","256","256","65536","d059c2eecca4464bedc69e6ac4531f9dc4b0514993688c4561fc5d8716f228cf"
"qoi-textures_pk/002005_pk_chinwall2e_5aa0b0e4d3c2.png","qoi-textures_pk","256","256","65536","5aa0b0e4d3c228fb4b71175da2029956061da4512ca7143523924f0ac7818381"
"qoi-textures_pk/002006_pk_chinwall2f_763ea71acc6b.png","qoi-textures_pk","256","256","65536","763ea71acc6ba51f2277ecb3dd76ce90b6e9336450b3744ed21f1f96d709f03b"
"qoi-textures_pk/002007_pk_chinwall2g_882b97b5c336.png","qoi-textures_pk","256","256","65536","882b97b5c3367a84b54dd0cbd0021bc25ee4fb316a76ba7f07f90b73fb522d04"
"qoi-textures_pk/002008_pk_chinwall2h_affa4ee919fe.png","qoi-textures_pk","256","256","65536","affa4ee919fe80b2dfb13f4021b97c1cdaad5d34ceb4b59b3cbb8d149a43260b"
"qoi-textures_pk/002009_pk_chinwall2i_78a845e6feab.png","qoi-textures_pk","256","256","65536","78a845e6feab65f53d6aca20e21a352af647612b7cfe8a71117d0656faa1b433"
"qoi-textures_pk/002010_pk_chinwall2j_5589b8b5f8dd.png","qoi-textures_pk","256","256","65536","5589b8b5f8dda60bf8b257857031864e19bc424ada548df81cb764cd0782d36f"
"qoi-textures_pk/002011_pk_chinwall2k_586fca1ee31f.png","qoi-textures_pk","256","256","65536","586fca1ee31f7c55fc703ee39d8d517c1881c2fbbd8cfef4e09c104d39005d40"
"qoi-textures_pk/002012_pk_chinwall2l_0161caecfc33.png","qoi-textures_pk","256","256","65536","0161caecfc33da496c88379eec76eede13adb40b300683c54b354fb335c677a5"
"qoi-textures_pk/002013_pk_chinwall3a_b941640d6039.png","qoi-textures_pk","256","256","65536","b941640d603955dee650c09b91f88fc69193c753037fe0a4d9b27f3cad9ac10b"
"qoi-textures_pk/002014_pk_chinwall3b_e178ca44ef55.png","qoi-textures_pk","256","256","65536","e178ca44ef55422090b1d946f4bedbcd0cc5c6668b281c66bfbd2dc889a1664e"
"qoi-textures_pk/002015_pk_chinwall3c_341459233ca7.png","qoi-textures_pk","256","256","65536","341459233ca79ce6cf4a1806a8ad2e6705dfa3c8e677c7a6a4b27a963bb4885d"
"qoi-textures_pk/002016_pk_chinwall3d_fc8c500bd466.png","qoi-textures_pk","256","256","65536","fc8c500bd4663d06fa24e005748f557312dba90e89dd3e2756290622c160f0b3"
"qoi-textures_pk/002017_pk_chinwall4a_2161fcd0f3d6.png","qoi-textures_pk","256","256","65536","2161fcd0f3d650673a8530348926634d9ef87d743b5776394757cc8820e8f4e6"
"qoi-textures_pk/002018_pk_chinwall4b_286022fab46f.png","qoi-textures_pk","256","256","65536","286022fab46fe40eb2aa244e9e1b43d1db3013894a2c3ee50452713719c06816"
"qoi-textures_pk/002019_pk_chinwall5_29846d0b347e.png","qoi-textures_pk","256","256","65536","29846d0b347e96fcfb17e0a560fb2a141d8259f5fc8d0614141f9d38c87a734b"
"qoi-textures_pk/002020_pk_chinwpaper1a_6df4d77c3da7.png","qoi-textures_pk","128","128","16384","6df4d77c3da7378951061a09511e6ae8a6b644b25db778497f3a7a6b9c912149"
"qoi-textures_pk/002021_pk_chinwpaper1b_2f95ebcbd36c.png","qoi-textures_pk","128","128","16384","2f95ebcbd36cccd36c59553035688afba842fd09008ea857bd40a8088033b744"
"qoi-textures_pk/002022_pk_chlightswitch1_157f83b8cf9b.png","qoi-textures_pk","16","32","512","157f83b8cf9b1ed5eab56d1f0ecadf512298a3bd517e5c9487cec011e7c29fd1"
"qoi-textures_pk/002023_pk_chmarb1a_bd9de184ada4.png","qoi-textures_pk","128","128","16384","bd9de184ada4164cd25e6df8c5d3a82760dffd081e0aa512a1940aed9f9d2c71"
"qoi-textures_pk/002024_pk_chmarb1b_89ce6e8c6c6c.png","qoi-textures_pk","128","128","16384","89ce6e8c6c6c334e74116312bebd25dfc6fb5f3bbbf05b6e4b7876647dc621a5"
"qoi-textures_pk/002025_pk_chmetal1a_90c5c0e5a001.png","qoi-textures_pk","256","128","32768","90c5c0e5a0012207952f29cd8e6351edead7c5ce1c859c7ac8eff8c4b4483b7f"
"qoi-textures_pk/002026_pk_chmetal1b_95f5bed8d9b4.png","qoi-textures_pk","256","128","32768","95f5bed8d9b4870d3b8c09780fc4445fd39960d6d7b466c97c8a85ab7adfd842"
"qoi-textures_pk/002027_pk_chmud1_eb6748ad909e.png","qoi-textures_pk","256","256","65536","eb6748ad909e137fe8097c61b7032a676a32d27526abf4aae0dc1c523f4eedff"
"qoi-textures_pk/002028_pk_chogroset1a_8cf5f8bb23a2.png","qoi-textures_pk","256","256","65536","8cf5f8bb23a26f14bb63542cea78e0f82ba12509bd08b113384fda033769107f"
"qoi-textures_pk/002029_pk_chogroset1b_a377484caf1f.png","qoi-textures_pk","256","256","65536","a377484caf1f993f840b04168877581aadad3d5a2052056ed10ad49a5df5fb48"
"qoi-textures_pk/002030_pk_chogroset1c_25829da782d8.png","qoi-textures_pk","256","256","65536","25829da782d812057baf47f45f7bdfb078ad7b57ce2d460bd74a0741908fe8b7"
"qoi-textures_pk/002031_pk_chouttil1a_b0d621e14344.png","qoi-textures_pk","256","256","65536","b0d621e143448caf5572c7d08be752ae7157caf3137010b9c1fa6bdeebe38f12"
"qoi-textures_pk/002032_pk_chouttil1b_da93b902112b.png","qoi-textures_pk","256","256","65536","da93b902112b4a6b9fa967af461605669a19122014c43ffa46ce971ce432dc83"
"qoi-textures_pk/002033_pk_chpipe1a_3e467704ddee.png","qoi-textures_pk","64","256","16384","3e467704ddeed6ab3469cd1830edb760de9c265537f38df956a6e706b6c86865"
"qoi-textures_pk/002034_pk_chpipe1b_b89781d8bb07.png","qoi-textures_pk","64","256","16384","b89781d8bb0703d5cced34bbc137c9d2b9eaa098529c9733bcd73bcd88690a9c"
"qoi-textures_pk/002035_pk_chrock1_c002e65d1a31.png","qoi-textures_pk","256","256","65536","c002e65d1a31871ccd2ce15f7f7bb3baa8abb412f385205ba168f6e8b6ba2f8c"
"qoi-textures_pk/002036_pk_chroofs1a_5444dd062d36.png","qoi-textures_pk","256","32","8192","5444dd062d3680472c554b564048d93a74924c17de861e837bd6abb3347a553b"
"qoi-textures_pk/002037_pk_chroofs1b_0cb2b1c9b16e.png","qoi-textures_pk","256","32","8192","0cb2b1c9b16e3a62e346a48f7dc555b406725a5a5bd1fbd1f6e241d07fb7deac"
"qoi-textures_pk/002038_pk_chroofs1c_b992a93dd587.png","qoi-textures_pk","256","32","8192","b992a93dd587c76061fb1598a6b782f9e426e2fda58a7776a166ed5e3079e84a"
"qoi-textures_pk/002039_pk_chrooft1a_2e9cbcb7fbe7.png","qoi-textures_pk","256","256","65536","2e9cbcb7fbe7a72c36ffc3964a21e89b535ae20c6c2696178af90607af55854a"
"qoi-textures_pk/002040_pk_chrooft1b_4aaac5023edb.png","qoi-textures_pk","256","256","65536","4aaac5023edbe6b7f869c723f3240e5a4d7302234ad0362b5c7a3323029d45e7"
"qoi-textures_pk/002041_pk_chrooft1c_8f25d4c086b8.png","qoi-textures_pk","256","256","65536","8f25d4c086b8bd9c37326fcbd2d7fbb9a7357d8430f3115195b4e8f09213f122"
"qoi-textures_pk/002042_pk_chtrim1_a249ed8050b4.png","qoi-textures_pk","256","64","16384","a249ed8050b4724b74f53890b37496d2eb2f63ee889396f09acbbd5f1c5d821e"
"qoi-textures_pk/002043_pk_chvertbeam1_640e40a4b6c7.png","qoi-textures_pk","32","256","8192","640e40a4b6c72b0138826ddb67c948fb3e1171b63b81075ae3ba60e538c83411"
"qoi-textures_pk/002044_pk_chwall2_cc8a361d202d.png","qoi-textures_pk","256","256","65536","cc8a361d202dfc953c82310720ad99685e65dc45a09b8e94f489557b6cd8f645"
"qoi-textures_pk/002045_pk_chwall3_18087a5f1c19.png","qoi-textures_pk","256","256","65536","18087a5f1c19b40a5295cd544a0882dcc0a22d2878e8c4cc826ddf523de4d19c"
"qoi-textures_pk/002046_pk_chwallr1a_2e07c0f7e2ee.png","qoi-textures_pk","256","256","65536","2e07c0f7e2ee1c2c304cafede54056d44f06741c698c21d663f20fa3eca261de"
"qoi-textures_pk/002047_pk_chwallr1b_c684ae7e3025.png","qoi-textures_pk","256","256","65536","c684ae7e302512723a470e418a04a1882f73736ed4e97411aa9eef4af645bd5d"
"qoi-textures_pk/002048_pk_chwoodwall1a_ea629fae3b1c.png","qoi-textures_pk","256","256","65536","ea629fae3b1c8e1e52e62f6d79dc3eb637c988e72f3d2b621b09827c780a4224"
"qoi-textures_pk/002049_pk_chwoodwall1b_67273f615073.png","qoi-textures_pk","256","256","65536","67273f6150732bfcc6bc54aae55958f56b4e1431b71933c17ba0ca99e3590a29"
"qoi-textures_pk/002050_pk_conbuild01a_f9da157d07f4.png","qoi-textures_pk","256","256","65536","f9da157d07f431e504eaceee5ba07a0d72c1011109528cccf8b0d3a550e7882d"
"qoi-textures_pk/002051_pk_conbuild01b_2993d301bda4.png","qoi-textures_pk","256","256","65536","2993d301bda4542615ff4d2997a4f5bb6b110eacbfabad31cbba1da09efcd1ce"
"qoi-textures_pk/002052_pk_conbuild01c_8fc02d26aba7.png","qoi-textures_pk","256","256","65536","8fc02d26aba7fafef9742e278cfa14cd76092c95398eeefc32210dbea7d47966"
"qoi-textures_pk/002053_pk_conbuild01d_4635687ef9f3.png","qoi-textures_pk","256","256","65536","4635687ef9f38e4fc80d14f2f2b4cefd02dc0335985ce339c9075ef4067df0ca"
"qoi-textures_pk/002054_pk_concrete01a_9a71eb287e3e.png","qoi-textures_pk","256","256","65536","9a71eb287e3ee258fdcf852980a4c9cec50ed59f6c6089b2d23abc51db89ab56"
"qoi-textures_pk/002055_pk_concrete01b_129ef68734ec.png","qoi-textures_pk","256","256","65536","129ef68734ec48059d20ddbfc11c6a5ddd8f5ec63e8c8c0cd8b3b0a66cef187e"
"qoi-textures_pk/002056_pk_concrete02a_a96837c4f6af.png","qoi-textures_pk","256","256","65536","a96837c4f6af27d5a15855886ab8a67fb2759b0a02e6cebde3ed389ac128c9b0"
"qoi-textures_pk/002057_pk_concrete02b_c37b676984d6.png","qoi-textures_pk","256","256","65536","c37b676984d6c388b555f8d88ad2384ad362ca17b67716f40bf0df8ec93d63c1"
"qoi-textures_pk/002058_pk_concrete03_49fe690a094d.png","qoi-textures_pk","256","256","65536","49fe690a094d8a156c4f186d006576836c30494d7410983c21ca5e2353469715"
"qoi-textures_pk/002059_pk_concrete04_4498f0013707.png","qoi-textures_pk","256","256","65536","4498f0013707c64e1752444c8582e2f199288896301c990cc81bc739034c05e4"
"qoi-textures_pk/002060_pk_concrete05_378f1d0e5f0a.png","qoi-textures_pk","256","256","65536","378f1d0e5f0aa449c8ef4eb6d3e9069d92982d20a6a18dc10f3bf790bd45f6d9"
"qoi-textures_pk/002061_pk_concrete06_f17a1753ea0b.png","qoi-textures_pk","256","256","65536","f17a1753ea0bd5735a75401989fb9bcef2f279c6393254b04586e1ea3f6ec13e"
"qoi-textures_pk/002062_pk_hlrmud1a_c71137bfa72b.png","qoi-textures_pk","256","256","65536","c71137bfa72b24b7f052bada5a8053eb0681e8890945ed3f93dfbb4ab7cd491e"
"qoi-textures_pk/002063_pk_hlrmud1b_a1d49e56f24b.png","qoi-textures_pk","256","256","65536","a1d49e56f24b2446ca5bad9fb22fcecae629b811e8acd26ec685e28b1d68d475"
"qoi-textures_pk/002064_pk_hlrmud1c_48e62c1b7152.png","qoi-textures_pk","256","256","65536","48e62c1b715200db7e96ef2e2d64ca5efe464ef87444f521091456d4d572cdea"
"qoi-textures_pk/002065_pk_hlrmud2_5ca1faa12784.png","qoi-textures_pk","256","256","65536","5ca1faa12784d07616eebcd758c647f5fcdde5122e9ead0f14946e2fdba6df43"
"qoi-textures_pk/002066_pk_hlrmud3_918488965eb8.png","qoi-textures_pk","256","256","65536","918488965eb8e3066064d12c420f3a329dffe4f9c4e11fff92ad670bbe39194e"
"qoi-textures_pk/002067_pk_hlrmudd_b96b6869ee27.png","qoi-textures_pk","256","256","65536","b96b6869ee273c7a112b3f6a0c45d7d43ff8e3b14d43d9936bbcdb80f1a20743"
"qoi-textures_pk/002068_pk_hlrroad1a_2e02c204bf3e.png","qoi-textures_pk","256","256","65536","2e02c204bf3e9fdd573e0f7f3a6341c230520a6b687c811db243aca167eb0fbe"
"qoi-textures_pk/002069_pk_hlrroad1b_23dc69ede0a2.png","qoi-textures_pk","256","256","65536","23dc69ede0a29e32b849b4459a772d37b16cc44ac3b28e2867736d786bd390a4"
"qoi-textures_pk/002070_pk_hlrroad1c_123d8012e297.png","qoi-textures_pk","256","256","65536","123d8012e29757d37089ae22b99136b24231198a1ff0c16c574ff58d74c523ee"
"qoi-textures_pk/002071_pk_hlrroad1d_2dc103af2c54.png","qoi-textures_pk","256","256","65536","2dc103af2c54873ee0b6335f50bc135965bf3d48eeded0ff0ef6f2fefeb69dd3"
"qoi-textures_pk/002072_pk_hlrroad1e_f8821d8f5093.png","qoi-textures_pk","256","256","65536","f8821d8f50933df51f525e8ad137d0bfc8b047b9ff5aae69e13f198e31b18016"
"qoi-textures_pk/002073_pk_metalpipe01a_e32f572b2003.png","qoi-textures_pk","256","256","65536","e32f572b20033f907af5a5a63c45227b7b81c304f108403234731760f1fb35de"
"qoi-textures_pk/002074_pk_metalpipe01b_ce48852c0153.png","qoi-textures_pk","256","256","65536","ce48852c0153f29f81c89b311e5c9a0ebb79ea0775a2ed204d9345306615c023"
"qoi-textures_pk/002075_pke_tuwall01a_9961a9accb41.png","qoi-textures_pk","256","256","65536","9961a9accb4126ef8c4f133ce012fec6614f7f89a77c6d891a210e2d28c4307c"
"qoi-textures_pk/002076_pke_tuwall01b_09c70cfa34f9.png","qoi-textures_pk","256","256","65536","09c70cfa34f9c9bac15cfd0445777e44ae4cd1d1534293a3a8f804ac0ced7b3d"
"qoi-textures_pk/002077_pke_tuwall01c_287d04642019.png","qoi-textures_pk","256","256","65536","287d046420199dfa9b600a6451fa6006d64975fce1501a2ba9ff1ff1d69932ac"
"qoi-textures_pk/002078_pke_tuwall01d_69b3951f5674.png","qoi-textures_pk","256","256","65536","69b3951f5674fb3c956e03ea497b5e09fda96d951e93c41795132c8ad1f7f391"
"qoi-textures_pk/002079_pke_tuwall01e_fa407b4745f9.png","qoi-textures_pk","256","256","65536","fa407b4745f9f508d8c856c5fbea664651b11b2cd37335d30dc2840fd61346c4"
"qoi-textures_pk/002080_pke_tuwall01f_49fcb819bcdd.png","qoi-textures_pk","256","256","65536","49fcb819bcddeb18334c7b7cec40ef9ff5c026aca13b429c8a963d3c91dc8009"
"qoi-textures_pk/002081_pkev_ciwall_1a_6fe8c84fb4c6.png","qoi-textures_pk","512","512","262144","6fe8c84fb4c64c13dbacc8c0001128d765e08a14fbe60cc4624766fcaef02c30"
"qoi-textures_pk/002082_pkf_bark1_43481452b567.png","qoi-textures_pk","64","128","8192","43481452b5675d82da5975062fb53b153770e806509edf57e1914a3feedd1722"
"qoi-textures_pk/002083_pkf_bark2_0734ac203cad.png","qoi-textures_pk","128","128","16384","0734ac203cad77fcdc7cf8d9e0355e18d72fb2de47e1af57a5d9a08978a7c081"
"qoi-textures_pk/002084_pkf_box1a_c49c18c13ab2.png","qoi-textures_pk","80","80","6400","c49c18c13ab2e7b0b90b77e558d1791b984a73af73824ea7b4210f788e509607"
"qoi-textures_pk/002085_pkf_box1b_8c03af876c37.png","qoi-textures_pk","80","80","6400","8c03af876c37e83a921868b0ae1e9c745296343a6a36b7ce53291195e1652a2d"
"qoi-textures_pk/002086_pkf_box2a_cd3bec142202.png","qoi-textures_pk","80","80","6400","cd3bec142202bd375fac160fb82bbbad19ecd4810a7c88b58d75937302d3019c"
"qoi-textures_pk/002087_pkf_box2b_af180287cbf1.png","qoi-textures_pk","80","80","6400","af180287cbf1529d77079e3fb70d2a4970257e56855fe5840deb9e0e8d2df35c"
"qoi-textures_pk/002088_pkf_box3a_06bef444745d.png","qoi-textures_pk","80","80","6400","06bef444745da442fb934d38dc980ea5dc7b012b8663de70989bcb507c6cbbc1"
"qoi-textures_pk/002089_pkf_box3b_9d2d931a5e52.png","qoi-textures_pk","80","80","6400","9d2d931a5e52de5c3d204090e6811bf340de00f441ff8cc2a62e0343d3e11136"
"qoi-textures_pk/002090_pkf_brush1a_8b91959669a6.png","qoi-textures_pk","128","64","8192","8b91959669a6c303ba9abb091dec3d5e245a80c159b13413417ea0d34a10295c"
"qoi-textures_pk/002091_pkf_brush1b_99d1665659fe.png","qoi-textures_pk","128","64","8192","99d1665659fe506f768e9d39f9da426f338f0922c3b1d5f65d4be8fb79bf5d1d"
"qoi-textures_pk/002092_pkf_concrete1_520076d14062.png","qoi-textures_pk","256","256","65536","520076d1406228266857bca7b2250376db669a3c815d5d5ad5e7e5bc9232bd96"
"qoi-textures_pk/002093_pkf_concrete2_7b6fed59941d.png","qoi-textures_pk","256","256","65536","7b6fed59941df260dde40888fbb99207136d9097f791f34dc43d20a72f7bebe1"
"qoi-textures_pk/002094_pkf_concrete3_2c27ec769573.png","qoi-textures_pk","256","256","65536","2c27ec76957372d4dd362fbf208c3ec9ae6b6cb90362fb06b9010ac41c981b96"
"qoi-textures_pk/002095_pkf_concrete4_2131fd7e59fe.png","qoi-textures_pk","256","256","65536","2131fd7e59fef13911bb9fac17eb69d5d97a9514e76d6b9154fabcb707ba0c20"
"qoi-textures_pk/002096_pkf_concrete5a_125c1349af69.png","qoi-textures_pk","256","256","65536","125c1349af69fa38fd1753c5bc25e3eab25f92ad57f0efd3c56d2540f88e7bd2"
"qoi-textures_pk/002097_pkf_concrete5b_23ef0c0f2639.png","qoi-textures_pk","256","256","65536","23ef0c0f263969f3a49e8407e8c35b40a7389dd4152fd0f9f6a794dcf6d8c3a2"
"qoi-textures_pk/002098_pkf_containr1a_5c54bb3f72f7.png","qoi-textures_pk","256","128","32768","5c54bb3f72f720d66ee771049041dbd3cef4431f4b9fbe17d0cae7daa9cf3067"
"qoi-textures_pk/002099_pkf_containr1b_f26630bf80c7.png","qoi-textures_pk","128","128","16384","f26630bf80c7f96bf15e172f90fd9f04e9027aedc3e6b29dada1f2f9ec1247ff"
"qoi-textures_pk/002100_pkf_containr1c_1407d0aa0cc8.png","qoi-textures_pk","256","128","32768","1407d0aa0cc8c78486402fad55f3cb55bd6fadba55645f715fbfcef903e94f63"
"qoi-textures_pk/002101_pkf_containr2a_b660059ad815.png","qoi-textures_pk","256","128","32768","b660059ad8153f41ae72bc71e419e975d2a8ee70cf42ff78268b57bc3a3403e3"
"qoi-textures_pk/002102_pkf_containr2b_d4ed148bf3a7.png","qoi-textures_pk","128","128","16384","d4ed148bf3a766109b8bd99a2f7b23fefe8bc11c97e007ae318425e501f835fe"
"qoi-textures_pk/002103_pkf_containr2c_86441028f20e.png","qoi-textures_pk","256","128","32768","86441028f20e20803c3a688e0eb5b283e015957bd90546a0663c704b31ff9d2d"
"qoi-textures_pk/002104_pkf_containr3a_4fe9fd780efc.png","qoi-textures_pk","256","128","32768","4fe9fd780efc5ef137e1ea27a130a59375d281a11eb22691f37efdb21e68c05b"
"qoi-textures_pk/002105_pkf_containr3b_efa363dc63ea.png","qoi-textures_pk","128","128","16384","efa363dc63ea16c5d7a11d5c5429f57a37c4775f56594552f6feec4062309e05"
"qoi-textures_pk/002106_pkf_containr3c_a45430007b74.png","qoi-textures_pk","256","128","32768","a45430007b7464cdde94081aaab1947793391b14b1d7fc0269dbe305878df3fd"
"qoi-textures_pk/002107_pkf_creds_ae517eb263c0.png","qoi-textures_pk","256","64","16384","ae517eb263c066dd871fc9a143d3c4928964554520793f0839dcf27f41855db0"
"qoi-textures_pk/002108_pkf_door1a_f342bbe6f215.png","qoi-textures_pk","64","112","7168","f342bbe6f2150d539db3d43f2d93b8ea4c1d2befb7f2abb4ac3c8bf87bd4040d"
"qoi-textures_pk/002109_pkf_door1b_42457fd9f3e3.png","qoi-textures_pk","64","112","7168","42457fd9f3e385671b8e827b0609b5ea9ddfdbd40712f88d941c9137cb6a5f46"
"qoi-textures_pk/002110_pkf_door2a_dad84da409cc.png","qoi-textures_pk","64","128","8192","dad84da409cc2c1c3c6dd68a04162f3277e6e0c4beb4a7b1138a5f7ce0709b9d"
"qoi-textures_pk/002111_pkf_door2b_96f2218058be.png","qoi-textures_pk","64","128","8192","96f2218058be2891701f8a1504e342ea0f73cc20d44ec374b4aab5f60d7b17ae"
"qoi-textures_pk/002112_pkf_door3a_186d39dfdc73.png","qoi-textures_pk","64","128","8192","186d39dfdc73487ccda57758b0fc45cb9c0b89586f88519a7c97f906f2e755b5"
"qoi-textures_pk/002113_pkf_door3b_96978f921f5e.png","qoi-textures_pk","64","128","8192","96978f921f5e641825d3f2cf00e4541576ac00f4b81489a1b83b1e8e975c0c76"
"qoi-textures_pk/002114_pkf_door4a_9df3e343ac76.png","qoi-textures_pk","64","128","8192","9df3e343ac7642be4fd778f9876c3602fd12ced5185e0da07089fda52fe1c90e"
"qoi-textures_pk/002115_pkf_door4b_feef867bd10c.png","qoi-textures_pk","64","128","8192","feef867bd10c660cf217c89f64932c8727f54efe6a0476670d08e2e2c7c6cecb"
"qoi-textures_pk/002116_pkf_door5_81a2f00f954a.png","qoi-textures_pk","64","128","8192","81a2f00f954a60228be12b360bfed7cb0f80aa165654ca61f65237304e0c023c"
"qoi-textures_pk/002117_pkf_facility1a_2a00f5aa1c7b.png","qoi-textures_pk","256","256","65536","2a00f5aa1c7b1bf3bee20078c0cca972ec66d06ac3d4df6b2a0dcfb1de84b836"
"qoi-textures_pk/002118_pkf_facility1b_cf66b9ea0869.png","qoi-textures_pk","256","256","65536","cf66b9ea0869531a8cf38ce9b98e819f1e59477ebfe61f57a8849ff73d6bc20c"
"qoi-textures_pk/002119_pkf_facility1c_030cc88c68fa.png","qoi-textures_pk","256","256","65536","030cc88c68fa490d2cf2eec790222344e0915348287f47eafbd9670bf2440a8d"
"qoi-textures_pk/002120_pkf_facility1d_1173d20de60d.png","qoi-textures_pk","256","256","65536","1173d20de60d0feb739d8a8eaf5c7d525a2d4a053d3eed710f7bfc2661310928"
"qoi-textures_pk/002121_pkf_facility1e_deb48b10e000.png","qoi-textures_pk","256","256","65536","deb48b10e000b3442f849bb13cb5408c381ada1c8463eb0ea2ba98a6a75b5d53"
"qoi-textures_pk/002122_pkf_facility1f_e6db4b5490db.png","qoi-textures_pk","256","256","65536","e6db4b5490db5943c42f1dac5c80958599e21c6947016a1e07bff91930a84d9c"
"qoi-textures_pk/002123_pkf_facility2a_68dab88aed5e.png","qoi-textures_pk","256","256","65536","68dab88aed5e1c8e45a9a434fbf73601d4f4beeead0f8d94264112d86ce402de"
"qoi-textures_pk/002124_pkf_facility2b_519c7a9f2dc2.png","qoi-textures_pk","256","256","65536","519c7a9f2dc273330300b57ad642580dbc82e85da1b3ea86335c527619d716a2"
"qoi-textures_pk/002125_pkf_facility2c_3d442f55715e.png","qoi-textures_pk","256","256","65536","3d442f55715e7de560293ad79dcbb227bd3224747d67ca41ebedfcfec6843ccf"
"qoi-textures_pk/002126_pkf_facility2d_5efcac5b1760.png","qoi-textures_pk","256","256","65536","5efcac5b1760c871104385b3d5ce80ca221360521e9a3534cb721a996287ca86"
"qoi-textures_pk/002127_pkf_facility2e_3ebf2915b1c1.png","qoi-textures_pk","256","256","65536","3ebf2915b1c1488a9871ca68bd9d9f27faa5ebcb4aa08083a8c11d26ee786f48"
"qoi-textures_pk/002128_pkf_facility2f_80c060e3f00b.png","qoi-textures_pk","256","256","65536","80c060e3f00be0ffb327d47bee715a131402eda4b4a3f3f3cb92697c01d71739"
"qoi-textures_pk/002129_pkf_grass1_97166875747c.png","qoi-textures_pk","256","256","65536","97166875747ced1baaeaae3e862a0c60e2d90935be6c278dfca9a0fd6c2c1920"
"qoi-textures_pk/002130_pkf_grassmud1a_93785d511ff5.png","qoi-textures_pk","256","256","65536","93785d511ff52be31c83edbca366a3d73777d0b3a7cdaf41d01da8d28b02882d"
"qoi-textures_pk/002131_pkf_grassmud1b_28295fd71d83.png","qoi-textures_pk","256","256","65536","28295fd71d838f81dd633cb05f5fabb3d736d9a39c0c50ef06f0e085a4657ed8"
"qoi-textures_pk/002132_pkf_infloor1a_512ff13ff3d2.png","qoi-textures_pk","128","128","16384","512ff13ff3d28ccdd500910c07676ba8407df154e41a4a656d397fc93c0fad0e"
"qoi-textures_pk/002133_pkf_infloor1b_8ecd00dab672.png","qoi-textures_pk","128","128","16384","8ecd00dab6720b36db80ef14d0d4b7f51127fcd93b1c8df9c813180ed9f94971"
"qoi-textures_pk/002134_pkf_inroof1a_82d984a90538.png","qoi-textures_pk","128","128","16384","82d984a90538236017c79df936aa3bb8fa80905c3a714f28f8f3d8265f99426e"
"qoi-textures_pk/002135_pkf_inroof1b_29353c5f9279.png","qoi-textures_pk","128","128","16384","29353c5f9279650b7ea0e26ea132f8be2a046b5c8cc65c1c21fc7a235f8bbe84"
"qoi-textures_pk/002136_pkf_inwall1a_eb6bb1d24c48.png","qoi-textures_pk","128","128","16384","eb6bb1d24c4800f6c596fcfec1fe7ad4228f7093b214b30d6ee75880dd69ecea"
"qoi-textures_pk/002137_pkf_inwall1b_c80d51d7a665.png","qoi-textures_pk","128","128","16384","c80d51d7a6656e6ced45bffaf7f429cbbe2eabd12907139b07daa0fbc4dd023e"
"qoi-textures_pk/002138_pkf_inwall1c_e43d68deecab.png","qoi-textures_pk","128","128","16384","e43d68deecabbc714cbdc4833137a4c1362b7361be2e89dbcc742c12c2c23079"
"qoi-textures_pk/002139_pkf_inwall1d_aa7bf5fc69cc.png","qoi-textures_pk","128","128","16384","aa7bf5fc69ccc75931ad3090e6746f186a9e46f5dd359dcf47dcdb672e9e248d"
"qoi-textures_pk/002140_pkf_inwall2_a5014f0c1aea.png","qoi-textures_pk","128","128","16384","a5014f0c1aea2b0133ee11354e5a12ffa2df84421aeec0c316e2d8dbe996dd83"
"qoi-textures_pk/002141_pkf_inwall2b_911dfdab3f01.png","qoi-textures_pk","128","128","16384","911dfdab3f0137f74e2397eaa0810e0314b9cb1c1fd841fdebd15d7df40e4084"
"qoi-textures_pk/002142_pkf_inwall3a_18359f0e9425.png","qoi-textures_pk","128","128","16384","18359f0e9425c2f9ff44580a3e6ebc7208f6509eae339442ecf17a902c81ad4f"
"qoi-textures_pk/002143_pkf_inwall3b_b71cb45786d5.png","qoi-textures_pk","128","128","16384","b71cb45786d5f9de83191c8d6d54875adf0829aa54506e4113af8b1d4e8835a6"
"qoi-textures_pk/002144_pkf_inwall3c_4b4b805522dd.png","qoi-textures_pk","128","128","16384","4b4b805522dd2bf4ef5a46a2f0034d0815ab2cf2923ae65055ae50f4b978bd6c"
"qoi-textures_pk/002145_pkf_inwall3d_8391d82ab73a.png","qoi-textures_pk","128","128","16384","8391d82ab73aee90ef97dfaa929d285b1d60b2c72c0d0d8728723c8c77deb9c0"
"qoi-textures_pk/002146_pkf_light1a_a176356f2d88.png","qoi-textures_pk","32","32","1024","a176356f2d88a9c53ad3bec5d59b8b695874a24c671b8e36130cb221db6a4072"
"qoi-textures_pk/002147_pkf_light1b_8e56b5637409.png","qoi-textures_pk","32","32","1024","8e56b56374093e3c98b4510d366da21fc0a90135fb8e414bff275e99bf4319e5"
"qoi-textures_pk/002148_pkf_light2a_dc7cc0024a91.png","qoi-textures_pk","128","32","4096","dc7cc0024a9154ffd1fccbd7976afc24088a82b12680b66f5fdfd2dbc5f0796f"
"qoi-textures_pk/002149_pkf_light2b_187bf4a1db74.png","qoi-textures_pk","128","32","4096","187bf4a1db7412d4af465f08d78983dffb37e4367107c8b4093025a19af17c33"
"qoi-textures_pk/002150_pkf_metall1a_e9cc898a13b9.png","qoi-textures_pk","128","128","16384","e9cc898a13b9f31f933fbd8152b6658e9838aaf9a17bb5490179d33665ac88bd"
"qoi-textures_pk/002151_pkf_metall1b_b59ac9da677b.png","qoi-textures_pk","128","128","16384","b59ac9da677ba49913843f6e98697aabc863d939b78a322a8d4c1a6300796452"
"qoi-textures_pk/002152_pkf_metaltrim1_839751772a07.png","qoi-textures_pk","32","256","8192","839751772a07f6f45bc6664c8e0ab69f8ea35f0ae1126eaa6e89ffbc097360eb"
"qoi-textures_pk/002153_pkf_metaltrim1b_fc9ad05fbbaa.png","qoi-textures_pk","32","256","8192","fc9ad05fbbaa5b31c9d0738b9dc7c1c79c1f4a2bcca266d37e181cde794960bc"
"qoi-textures_pk/002154_pkf_mud1_05a68e2d401c.png","qoi-textures_pk","256","256","65536","05a68e2d401cbb370f7aa532dbcd2393937a74583bac1fbcd22625acc1e6a833"
"qoi-textures_pk/002155_pkf_mud2_f490f280e3d6.png","qoi-textures_pk","256","256","65536","f490f280e3d6c6892a4fc5e9d66c9c358e855777e2a9a50252e5245cac7806e7"
"qoi-textures_pk/002156_pkf_outdoor1a_54a05538e30b.png","qoi-textures_pk","64","112","7168","54a05538e30bf532c201cf0662e8cc1c35ee28d6153b8789761785864609ea89"
"qoi-textures_pk/002157_pkf_outdoor1b_21d8e0d869a5.png","qoi-textures_pk","64","112","7168","21d8e0d869a56ce2cd0442ddc73124ec53d96c937f779feb95a696e9dd1cf504"
"qoi-textures_pk/002158_pkf_planks1a_b48083cbb446.png","qoi-textures_pk","256","256","65536","b48083cbb446c6b7f5ed676894bb319532ba2be57627ca2e3d5b4c4570f8ae48"
"qoi-textures_pk/002159_pkf_planks1b_2cd03666e062.png","qoi-textures_pk","256","256","65536","2cd03666e0625359dd05e491b535f69ee81406d747dc4b6c2e65fc7c152e40ed"
"qoi-textures_pk/002160_pkf_road1a_6e7d490d635a.png","qoi-textures_pk","256","256","65536","6e7d490d635af9a3e6aea533bc2eb0dc55259a268eec6adff40cdfadc9712a17"
"qoi-textures_pk/002161_pkf_road1b_0ae4e60307f5.png","qoi-textures_pk","256","256","65536","0ae4e60307f5245f85b86ede1248b91dee2b049c312d58e64309dd84e6ec68cf"
"qoi-textures_pk/002162_pkf_road2a_60842dc8a0e6.png","qoi-textures_pk","256","256","65536","60842dc8a0e6538dfd39433281dcd8883c944317a8fd0f1ca0da6552f7c3abdb"
"qoi-textures_pk/002163_pkf_road2b_5f3f32c07e5c.png","qoi-textures_pk","256","256","65536","5f3f32c07e5c2f6a0538a7a585a53ba60233f2d85ea3e8f55884a85f17005350"
"qoi-textures_pk/002164_pkf_roadsign1_bb178fdeea76.png","qoi-textures_pk","64","16","1024","bb178fdeea768e1a45f6083252456c8fb5459db65a135da496641684c9fb92e4"
"qoi-textures_pk/002165_pkf_roadsign2_57f3213b1962.png","qoi-textures_pk","64","16","1024","57f3213b19623531346cf6138bb059a9af4c39c40ba5f438b9c6b0743a8bb675"
"qoi-textures_pk/002166_pkf_roadsign3_b27646e1d6db.png","qoi-textures_pk","64","16","1024","b27646e1d6db9e6f8b96f6ac287f12573a00fbb7fa23b67675b8c5eda9cfb96e"
"qoi-textures_pk/002167_pkf_roadsign4_dcdfc2042c53.png","qoi-textures_pk","64","16","1024","dcdfc2042c5349b4f107b1a48f3427dffea582479e5b6eba272df90502dd3f4d"
"qoi-textures_pk/002168_pkf_roof1a_a9eabb4d9dde.png","qoi-textures_pk","128","128","16384","a9eabb4d9dde491237f41ab5d14e65b079ff043a7dd24af36f0a49015378bc04"
"qoi-textures_pk/002169_pkf_roof1b_bd8be582eece.png","qoi-textures_pk","128","128","16384","bd8be582eece120e472b9511feba19c1301798bd049edf46afd8e38d36e4372b"
"qoi-textures_pk/002170_pkf_roof1c_67045e073d70.png","qoi-textures_pk","128","128","16384","67045e073d70153c507b61b03301a34fb0fb88c764f5062aee51b07ad754b5b9"
"qoi-textures_pk/002171_pkf_roof2a_7d2834cf3659.png","qoi-textures_pk","256","256","65536","7d2834cf3659e0354881bef17530e127e2618bf52882cbdfd8d6468b4402b5ee"
"qoi-textures_pk/002172_pkf_roof2b_299451a53fd5.png","qoi-textures_pk","256","256","65536","299451a53fd5dae11b12cbc4fe3a93954b5fd9a6e616d39312eb9fa6e2506e88"
"qoi-textures_pk/002173_pkf_roof2c_e747e817978c.png","qoi-textures_pk","256","256","65536","e747e817978c1f3785532066be261432fd431bbeab78a7e5b2a2cf293011dbfc"
"qoi-textures_pk/002174_pkf_roof3a_3da33460659a.png","qoi-textures_pk","256","256","65536","3da33460659a82e5a49433011c9fe0d6e9ebc0dc22db5bce87998d35b85160f8"
"qoi-textures_pk/002175_pkf_roof3b_e782e69fd51f.png","qoi-textures_pk","256","256","65536","e782e69fd51ff38f97697d7e9e8514421feae4af4c76463d2d797ec7f69f2590"
"qoi-textures_pk/002176_pkf_roofside1_d3f3df231870.png","qoi-textures_pk","128","16","2048","d3f3df2318707a581de288bef83c1d505780f00899f44ff30fbecea1e578918a"
"qoi-textures_pk/002177_pkf_shopwall1a_e2d1cb7ef431.png","qoi-textures_pk","256","256","65536","e2d1cb7ef431d050201b6a9a89e98d7510d27396473f316e85bc455f48193ebd"
"qoi-textures_pk/002178_pkf_shopwall1b_a8a9df44adf9.png","qoi-textures_pk","256","256","65536","a8a9df44adf927b94896a633051a4d68152655af1973454776a0765903b5315b"
"qoi-textures_pk/002179_pkf_shopwall1c_2f499f92a650.png","qoi-textures_pk","256","256","65536","2f499f92a650bc6beff64bddea5590898b9483c16b25662639f962380f2fa848"
"qoi-textures_pk/002180_pkf_shopwall1d_76682e619147.png","qoi-textures_pk","256","256","65536","76682e6191474de009ac7517fc319aa6d9382ba1e6c2f2280f1967dffe2396e0"
"qoi-textures_pk/002181_pkf_shopwall1e_2f9af4e23849.png","qoi-textures_pk","256","256","65536","2f9af4e23849db7f33195ec6f22d34e1ac490a5c1931dd1f1809230ec3be2313"
"qoi-textures_pk/002182_pkf_shopwall1f_4110bcea7c8c.png","qoi-textures_pk","256","256","65536","4110bcea7c8c739cd95e72ef6cea8f25af3c3f292ad263ff5a63ca772c34e68a"
"qoi-textures_pk/002183_pkf_shopwall1g_714f3cca9e67.png","qoi-textures_pk","256","256","65536","714f3cca9e6741c3e12609e7a8a1d8ef8026b3ab26ef2cc99ace9b7453a98fa3"
"qoi-textures_pk/002184_pkf_shopwall1h_fdce28e9fd87.png","qoi-textures_pk","256","256","65536","fdce28e9fd873bd641f0dc18ed9c1236d620aafd1474b89b8ffde3b7abbbf832"
"qoi-textures_pk/002185_pkf_shopwin1a_33d3cc45afa1.png","qoi-textures_pk","128","128","16384","33d3cc45afa1bb5f442e857c47fdaeccefa85eefe53c06369e8169bfcdd388fe"
"qoi-textures_pk/002186_pkf_shopwin1b_e2fb53662a5a.png","qoi-textures_pk","128","128","16384","e2fb53662a5af66ee903a410e0147d555b08837efe779bbd89683ba557633cce"
"qoi-textures_pk/002187_pkf_sign1_ac4c8f1ff134.png","qoi-textures_pk","256","128","32768","ac4c8f1ff134b7bee6dfe89e19ac82ac1f8c52c9ba51c1754eab972a9129c54c"
"qoi-textures_pk/002188_pkf_sign2_829de0052430.png","qoi-textures_pk","256","64","16384","829de00524305368a1868079e870c04f4717de2f35ede7b18d31bbbdd39541dc"
"qoi-textures_pk/002189_pkf_sign3_f56abcb85888.png","qoi-textures_pk","128","64","8192","f56abcb858886ee07b921c215b98d32639d41a44cf055534357fc56e6daf2955"
"qoi-textures_pk/002190_pkf_sign4_59bbdf5cf1e4.png","qoi-textures_pk","256","64","16384","59bbdf5cf1e47cdb5f045911f148ec3e344e0067c34cee81a10de7ade5871ac8"
"qoi-textures_pk/002191_pkf_sign5_3d5e5afdec5a.png","qoi-textures_pk","256","32","8192","3d5e5afdec5a4d795459d8ba68a3343c6ba1eb2fc8232f4ddf6192de160133c4"
"qoi-textures_pk/002192_pkf_sign6_fc3ac2e0c523.png","qoi-textures_pk","128","64","8192","fc3ac2e0c523bf280143426f04fe682c1b5bf5c8955ced14677884cf5ff84115"
"qoi-textures_pk/002193_pkf_sign7_609161654a4f.png","qoi-textures_pk","64","256","16384","609161654a4fe32e43543a943293a1ae44ee042c6db47a45a46c11c7c54b59db"
"qoi-textures_pk/002194_pkf_sign8a_9118b4c95737.png","qoi-textures_pk","256","128","32768","9118b4c9573779cec3900955f574289422bb9ec633c4f9258546af6bdbb81a34"
"qoi-textures_pk/002195_pkf_sign8b_46579981cb2a.png","qoi-textures_pk","256","128","32768","46579981cb2a4884709c47d7050e71a86030968f4377cd998040f2af754fd17f"
"qoi-textures_pk/002196_pkf_sign8c_c96b97ebf4ae.png","qoi-textures_pk","256","128","32768","c96b97ebf4ae630619766ef00c18578279d8c4891b1ba0c5048bb309d4da14a1"
"qoi-textures_pk/002197_pkf_tiles1a_80344c3bac61.png","qoi-textures_pk","256","256","65536","80344c3bac6171a2c177429612b53b6338e7c87be1e892fc90bec76595d65fa0"
"qoi-textures_pk/002198_pkf_tiles1b_5048edc8811f.png","qoi-textures_pk","256","256","65536","5048edc8811f303c23f853d9472a5a555029470e18d9514dbcdc02ec45189d45"
"qoi-textures_pk/002199_pkf_tiles2a_2bffa3c490af.png","qoi-textures_pk","256","256","65536","2bffa3c490afffffeec07921e5b9e491d73e5afebd84702b353ce13074aea703"
"qoi-textures_pk/002200_pkf_tiles2b_89d463f906f7.png","qoi-textures_pk","256","256","65536","89d463f906f7fddb0a874bfd7cce8a3aac9f9ab5c658608b5b55dc32e898eacb"
"qoi-textures_pk/002201_pkf_tiles2c_5b5897ffd13e.png","qoi-textures_pk","256","256","65536","5b5897ffd13e3b0eec2e3b8d96a78ca8ac220a466d249fcd286b4f90e1035797"
"qoi-textures_pk/002202_pkf_tilewall1a_e54ea3168d6d.png","qoi-textures_pk","256","256","65536","e54ea3168d6df311cc469c769569a05253507e9c1ed5656b8f109af6a1f64de3"
"qoi-textures_pk/002203_pkf_tilewall1a2_bd3a64a1f935.png","qoi-textures_pk","256","256","65536","bd3a64a1f93503a46e03d56076c71ce48a75516e350e38df718bd9f8e8a2ed91"
"qoi-textures_pk/002204_pkf_tilewall1b_d177ef0b0cfe.png","qoi-textures_pk","256","256","65536","d177ef0b0cfeb4313da06deb233b0c5cbe993ce66412662c0969e9ae8b971ed1"
"qoi-textures_pk/002205_pkf_tilewall1c_88dda6037fca.png","qoi-textures_pk","256","256","65536","88dda6037fcad642af9973bfc2ac8b0262a2c1abd4ff523a74be9f9013aefa4b"
"qoi-textures_pk/002206_pkf_tilewall1d_6cbd0dd03119.png","qoi-textures_pk","256","256","65536","6cbd0dd03119d9b44d9820ef5dabbda85d5ff0123a628fbd8cafe8481ead7cb4"
"qoi-textures_pk/002207_pkf_tilewall1d2_3f51b0251790.png","qoi-textures_pk","256","256","65536","3f51b02517908d7c30c5eb5278c3c524b2a3d070595a06e249557407f7d57ed5"
"qoi-textures_pk/002208_pkf_tilewall1e_acfff214bdca.png","qoi-textures_pk","256","256","65536","acfff214bdca7fb70495fc2d562714665525316016ba08d716a8ab0bf7ff5d4a"
"qoi-textures_pk/002209_pkf_tilewall1e2_24cdb1519d40.png","qoi-textures_pk","256","256","65536","24cdb1519d4081f2a341b2bd956c9bf4fa5f7c7a17468010a7731db75a9c046d"
"qoi-textures_pk/002210_pkf_tilewall1f_96180fa51770.png","qoi-textures_pk","256","256","65536","96180fa5177076b9c50fba8b47c4996f2509492a391027b3a060a90318b71db9"
"qoi-textures_pk/002211_pkf_tilewall1f2_47eb4d76339f.png","qoi-textures_pk","256","256","65536","47eb4d76339f0ef8b89eac8d426fe75d8543688804d4b9c3c344255c4f2a3f6d"
"qoi-textures_pk/002212_pkf_tilewall1g_2fa85f25b20a.png","qoi-textures_pk","256","256","65536","2fa85f25b20a50577f865647d23d65ba6deda9e36d03eba05debd7377719c9b2"
"qoi-textures_pk/002213_pkf_tilewall1g2_63ece1e68c36.png","qoi-textures_pk","256","256","65536","63ece1e68c3614fa91b9172b3d8430ede4658c45bd749365ffba9a4b6b45c2df"
"qoi-textures_pk/002214_pkf_trashcan1a_4e7aa94c06de.png","qoi-textures_pk","32","64","2048","4e7aa94c06de1e52f018aa6d47299c327ce5606f5516ddb8dd8fe09bdbcdb682"
"qoi-textures_pk/002215_pkf_trashcan1b_b8df1431f3e0.png","qoi-textures_pk","32","32","1024","b8df1431f3e07f93179d4fe1852b626b3f2a487a39e6d6d364abd0cdb6456997"
"qoi-textures_pk/002216_pkf_trim1a_eced3a49178f.png","qoi-textures_pk","128","32","4096","eced3a49178fb3b56cdb94f15b119141fc15c75866700959c53b2a07e8096a3e"
"qoi-textures_pk/002217_pkf_trim1b_dacbe58ee9f6.png","qoi-textures_pk","128","32","4096","dacbe58ee9f637e65b63fbdb31be55e6561e07ef7b714219b03123755dc817bc"
"qoi-textures_pk/002218_pkf_trimpavemen_85fa9da91426.png","qoi-textures_pk","128","16","2048","85fa9da9142670de12708f24fc606f37e7e7c69a24f55e432d99b70ffc9b6a8d"
"qoi-textures_pk/002219_pkf_vent1a_c7e761d2eb70.png","qoi-textures_pk","64","48","3072","c7e761d2eb704bb7a9f8de159e2204b0df8a872189c4809d95512e68ce1ccf0c"
"qoi-textures_pk/002220_pkf_vent1b_424fba520929.png","qoi-textures_pk","64","48","3072","424fba520929cb203a4faf31ca370d927fd1693718c850b8acff2069884fc4f2"
"qoi-textures_pk/002221_pkf_wall1a_1c358790dc4c.png","qoi-textures_pk","256","256","65536","1c358790dc4cee5dea0df9fbe097233c9c87c835edb55abd1ebcf3ef54d948db"
"qoi-textures_pk/002222_pkf_wall1b_3c4550d40a20.png","qoi-textures_pk","256","256","65536","3c4550d40a20b55129b60cf421c2c8f7e33c1c09b0e538445373b96d21ba8562"
"qoi-textures_pk/002223_pkf_wall1c_6f138426b042.png","qoi-textures_pk","256","128","32768","6f138426b0422a6171e8ac07c1fa8b488030096077261f2f86e9a278bd6f8e90"
"qoi-textures_pk/002224_pkf_wall1d_6685a678c493.png","qoi-textures_pk","256","128","32768","6685a678c493c484ac0e4b7ec4f83f2e62271a2ae689172920ef3156a385412f"
"qoi-textures_pk/002225_pkf_wall1e_4e987f3e5bb1.png","qoi-textures_pk","256","256","65536","4e987f3e5bb1da19f6d79ed216e0efd337507702053a6504814e049df9715048"
"qoi-textures_pk/002226_pkf_wall1f_4325a17da807.png","qoi-textures_pk","256","256","65536","4325a17da80764ecd0d93708e045f1cf2ffd568d9cb79a7a25da2652680052f1"
"qoi-textures_pk/002227_pkf_wall1g_2fe08cb650a4.png","qoi-textures_pk","256","128","32768","2fe08cb650a413cd63d575b1f184bb415f3fcce8259b32060381b261455d79ba"
"qoi-textures_pk/002228_pkf_wall1h_b29a1d3f2aa2.png","qoi-textures_pk","256","128","32768","b29a1d3f2aa2b360c123d7874ba68e430314f7518641f06030d13bbe6b9515c7"
"qoi-textures_pk/002229_pkf_wall1i_d69b19a8ad7f.png","qoi-textures_pk","256","256","65536","d69b19a8ad7f2e9f60e6fddc241c5aec826202fe8bc407e63425491ec71a22f2"
"qoi-textures_pk/002230_pkf_wall1j_9d5236f67425.png","qoi-textures_pk","256","256","65536","9d5236f67425a00937abb60557a3d9b4cd1cbe98abba63fb0f9cc121168c9034"
"qoi-textures_pk/002231_pkf_wall1k_bc736fa9013a.png","qoi-textures_pk","256","256","65536","bc736fa9013ae1b4380f626a118a2b19d606dfd44638748adc939df595b5eed2"
"qoi-textures_pk/002232_pkf_wall1l_ba14cf0a2e08.png","qoi-textures_pk","256","256","65536","ba14cf0a2e08b85c2a4e3e0c8281b3ebfa3ecf6e80b94bc4ae06feb4eb7a3178"
"qoi-textures_pk/002233_pkf_wall1m_a5654009dea5.png","qoi-textures_pk","256","256","65536","a5654009dea5ff7ac628b241c6d0be657eabf3f74e6ab06bb17fa4ee411a908f"
"qoi-textures_pk/002234_pkf_wall1n_d0d7ad70530b.png","qoi-textures_pk","256","256","65536","d0d7ad70530b6d36f4f7fb5209af69b54280d4bf4ce3fab90917285258d8e520"
"qoi-textures_pk/002235_pkf_wall2a_baa978831a2d.png","qoi-textures_pk","256","256","65536","baa978831a2d171aeffe4e3d6b170a1990cf08e9095ec2b029589525cf61a89a"
"qoi-textures_pk/002236_pkf_wall2b_2ae74511dd19.png","qoi-textures_pk","256","256","65536","2ae74511dd19515956029ccaae9d3db127eebe60b9dbf12b6b9292d426e92401"
"qoi-textures_pk/002237_pkf_wall2c_9828c2de2b3e.png","qoi-textures_pk","256","256","65536","9828c2de2b3e8941448f7ae8527131fd6cf368b0f7320c13737e50ec8de99b2e"
"qoi-textures_pk/002238_pkf_wall2d_8cb624657f98.png","qoi-textures_pk","256","256","65536","8cb624657f987c0efc7b7df02a9f882c9c863e6ffc1cca6742b83f33fcacd33e"
"qoi-textures_pk/002239_pkf_wall2e_360749121916.png","qoi-textures_pk","256","256","65536","360749121916346d20e30875aa662f8ff8fe00a98ec2a6b51eeff961509e3610"
"qoi-textures_pk/002240_pkf_wall2f_ce0d208aeae2.png","qoi-textures_pk","256","256","65536","ce0d208aeae2034a46a4d039ebc5db038e6f27d61165467239556056f2d21050"
"qoi-textures_pk/002241_pkf_wall2g_61ce5edd4cc8.png","qoi-textures_pk","256","256","65536","61ce5edd4cc842f41a651181ccd0b4e3a6e8276c7472dc7f1bef7adb05a6c84a"
"qoi-textures_pk/002242_pkf_wall2h_92c7189453a8.png","qoi-textures_pk","256","256","65536","92c7189453a84a1dafafca67fa2ceb1f216ec6d470d8966bf6f46a2e3aa271cb"
"qoi-textures_pk/002243_pkf_wall3a_8b2f47ad586e.png","qoi-textures_pk","256","256","65536","8b2f47ad586e26014cccd875d9713c02e0e77e882566c6b0cb6879847157a5bf"
"qoi-textures_pk/002244_pkf_wall3b_7fd07f1ded4c.png","qoi-textures_pk","256","256","65536","7fd07f1ded4ce2420837b4f910878630a7061a0d87f9c7dc032e97aa1fec2bd7"
"qoi-textures_pk/002245_pkf_wall3c_18ccfb904946.png","qoi-textures_pk","256","256","65536","18ccfb90494689bbdcb0006fa8f73e3e2caf4b75f0cfa9cdd5604b03888bb502"
"qoi-textures_pk/002246_pkf_wall3d_26f7c87dcce6.png","qoi-textures_pk","256","256","65536","26f7c87dcce6c6b42eb7b999d238891eee39306cea66f0b8db2b7819cd0660ac"
"qoi-textures_pk/002247_pkf_wall3e_2fdbc0d058fa.png","qoi-textures_pk","256","128","32768","2fdbc0d058fa265dd6f40cb9404d4c6663311940456ce556eb018ee6c70505f9"
"qoi-textures_pk/002248_pkf_wall3f_76919e819c10.png","qoi-textures_pk","256","128","32768","76919e819c10f9024053521df793010817d3a0280437386d5b12f4b33d2b80c6"
"qoi-textures_pk/002249_pkf_wall3g_37af00eb8c29.png","qoi-textures_pk","256","128","32768","37af00eb8c29ce3548056a5ad54fdc4492defc26c429c0cc43e00c1ee2574052"
"qoi-textures_pk/002250_pkf_wall3h_287647bd9602.png","qoi-textures_pk","256","256","65536","287647bd9602c24b82637f8fe2e5e5d6974a99909ab64cfa85e3e7065e6932bc"
"qoi-textures_pk/002251_pkf_wall3i_f33e91e52598.png","qoi-textures_pk","256","256","65536","f33e91e525985c6e0acee949159f76b05d4256ac484e12040a027bc72a7bffb1"
"qoi-textures_pk/002252_pkf_wall3j_220bb8a7ed85.png","qoi-textures_pk","256","256","65536","220bb8a7ed85aa765c3b0c764a5224125c993fc0b23bc53b19b9f4002832e2eb"
"qoi-textures_pk/002253_pkf_wall4a_472025289977.png","qoi-textures_pk","256","256","65536","47202528997774684a705e3fd68e97e9eb22706d3733d450ab465d2acc3a51a5"
"qoi-textures_pk/002254_pkf_wall4b_8c5fa5f89a2e.png","qoi-textures_pk","256","256","65536","8c5fa5f89a2e5c242a492182d1609afde6af5f7e3854a4733a3f2d9cccb71ff8"
"qoi-textures_pk/002255_pkf_wall4c_50de600031f4.png","qoi-textures_pk","256","256","65536","50de600031f41034c006151e979b1516e382b78a85c67de126cc56fb24c5acbd"
"qoi-textures_pk/002256_pkf_wall4d_a10d85018506.png","qoi-textures_pk","256","256","65536","a10d850185066eeed30f7a4f54dbf1203597fb3c800f4aa22a6f615882b51c0a"
"qoi-textures_pk/002257_pkf_wall4e_ee3392d7c734.png","qoi-textures_pk","256","256","65536","ee3392d7c734fcc5a2f2a8fd239c288b5762adb16a059cc457a322ffcae68451"
"qoi-textures_pk/002258_pkf_wall4f_f1909d02da48.png","qoi-textures_pk","256","256","65536","f1909d02da484d404fd0ed7f1a2159b95deb5ed10836060e8c63c3627e19a899"
"qoi-textures_pk/002259_pkf_wall4g_e965aea68334.png","qoi-textures_pk","256","256","65536","e965aea68334ecc49fa02e4aabc89698d5b29a85549337e52613067a47ad0f84"
"qoi-textures_pk/002260_pkf_wall4h_b7ccd396e141.png","qoi-textures_pk","256","256","65536","b7ccd396e1414af7684c96b0a381ab494f25e4710402a190f7f098c45b54e82d"
"qoi-textures_pk/002261_pkf_wall4i_d3babb978aec.png","qoi-textures_pk","256","256","65536","d3babb978aec8f7ad66977252e5f0ad2d7824616c33d429d908fee150fadba23"
"qoi-textures_pk/002262_pkf_wall4j_7aaac21a2519.png","qoi-textures_pk","256","256","65536","7aaac21a2519bf2d05764f7825e3c1b1012159dc31ef727754f6de62a390632a"
"qoi-textures_pk/002263_pkf_wall4k_78d08dad8fd8.png","qoi-textures_pk","256","256","65536","78d08dad8fd8b946063e99485b06dc8afaa149a5584399df23bb96c29e4173bd"
"qoi-textures_pk/002264_pkf_wall4l_7e5a6d8a6b20.png","qoi-textures_pk","256","256","65536","7e5a6d8a6b209ee2443b7f6c41dcc58848dd27c5db58f328351aca25d86972bf"
"qoi-textures_pk/002265_pkf_wall4m_3371ab96af38.png","qoi-textures_pk","256","256","65536","3371ab96af38ae9df8fc8a00c68789e804592e3b23988fc1a3eb2846bd98123d"
"qoi-textures_pk/002266_pkf_wall4n_7277d8f9f222.png","qoi-textures_pk","256","256","65536","7277d8f9f22257824350287e7a83ec3430555442b60bd1017063d4bec4250821"
"qoi-textures_pk/002267_pkf_wall4o_669b7215bdb2.png","qoi-textures_pk","256","256","65536","669b7215bdb20eb7db4bb670496cbb95da5d45bf88ad469d8fa521799f915001"
"qoi-textures_pk/002268_pkf_wall4p_d8c57f706f3c.png","qoi-textures_pk","256","256","65536","d8c57f706f3c09582a8736d5f5efc298874add73d9672cb187a1da764e7e3386"
"qoi-textures_pk/002269_pkf_wall4q_b47569bc009d.png","qoi-textures_pk","256","256","65536","b47569bc009d35ff4f9066bb261acd62e8293c27f7739798f184eb5a27b442a6"
"qoi-textures_pk/002270_pkf_wall4r_61904a22e123.png","qoi-textures_pk","256","256","65536","61904a22e12305b736a2881c60c304cf3067f38c200384b85c754ff9b6530d51"
"qoi-textures_pk/002271_pkf_wall5a_5f951570b2d9.png","qoi-textures_pk","256","256","65536","5f951570b2d9755942cb0b1956b3d7eda6ba070f655f99fc96da36aafc24271e"
"qoi-textures_pk/002272_pkf_wall5b_75255f54e25e.png","qoi-textures_pk","256","256","65536","75255f54e25e631d61906db5eb421114d745c302a1e33b54cbf5f4b96453bed5"
"qoi-textures_pk/002273_pkf_wall5c_7baae2f211ee.png","qoi-textures_pk","256","256","65536","7baae2f211ee2df5da0df4bd4c3611bd81525e51ee59f002b30c5bb757825458"
"qoi-textures_pk/002274_pkf_wall5d_49397fc6b370.png","qoi-textures_pk","256","256","65536","49397fc6b37027a754c4021c932e09c3a0904e7c2bef427a05bfb2a1bcb48a06"
"qoi-textures_pk/002275_pkf_wall5e_e4efb84a12b3.png","qoi-textures_pk","256","256","65536","e4efb84a12b30e51bb932ccb50be06f5a9df4cbc0cd327fcaca5e4a9a93a1169"
"qoi-textures_pk/002276_pkf_wall5f_158eb5c5751d.png","qoi-textures_pk","256","256","65536","158eb5c5751decf8abbb6f2e8daedae92d75d229bf220240fa2a993e1189a48e"
"qoi-textures_pk/002277_pkf_wall5g_114a7478477b.png","qoi-textures_pk","256","256","65536","114a7478477be1b0aef59ee99a5265da67a999ad927e82a412151c7783d67be5"
"qoi-textures_pk/002278_pkf_wall5h_17466a56bd6a.png","qoi-textures_pk","256","256","65536","17466a56bd6afd090245a7767d1845bd23f3e5103309a1707daa4cdd64bb27fb"
"qoi-textures_pk/002279_pkf_wall5i_0e33e5400225.png","qoi-textures_pk","256","256","65536","0e33e540022572eee5514bd2f3bd152c7a2494879491c9bf7f29745c0ea23251"
"qoi-textures_pk/002280_pkf_wall6a_a02628d7d938.png","qoi-textures_pk","256","256","65536","a02628d7d9388e56dcc1464c47d0cf1ed22bc37da8d4be2872fd68b681318c40"
"qoi-textures_pk/002281_pkf_wall6b_4ec1dbd950e5.png","qoi-textures_pk","256","256","65536","4ec1dbd950e55be37129b6742ad879e804f91f672469aca06ea8605e7179fd82"
"qoi-textures_pk/002282_pkf_wall6c_400124254b7b.png","qoi-textures_pk","256","256","65536","400124254b7befd813611c3fe706e5057dc59acb5a5c91fef8583cec7a550de9"
"qoi-textures_pk/002283_pkf_wall6d_6c47d0c15205.png","qoi-textures_pk","256","256","65536","6c47d0c1520542f1928a37db1d97d25603daa2da4479306d1f98568b4fe6d7ac"
"qoi-textures_pk/002284_pkf_wall6e_bb5f272894bd.png","qoi-textures_pk","256","256","65536","bb5f272894bdf565b99062183f07f0b64cb2bffdaa07427c6941c09c10998aba"
"qoi-textures_pk/002285_pkf_wall6f_de0a4a9b97b4.png","qoi-textures_pk","256","256","65536","de0a4a9b97b424cdade3fc17e63ea5053a65f086d3bddcfadc9e753ea0f9ead5"
"qoi-textures_pk/002286_pkf_wall7a_03eae4c4e76a.png","qoi-textures_pk","256","256","65536","03eae4c4e76ab6bd7a8332b9582ede1b9e2a3a326f2c516029e11eb230b85494"
"qoi-textures_pk/002287_pkf_wall7b_f74ac16ed6f9.png","qoi-textures_pk","256","256","65536","f74ac16ed6f961a51bfeec1e4ba4aa02297370930a6d75eb0bb47ecefe2caed8"
"qoi-textures_pk/002288_pkf_wall7c_7fd7f718a2f2.png","qoi-textures_pk","256","256","65536","7fd7f718a2f2c81a5a7d503c0e953536e1bf70badf5f776213252d0566e98daa"
"qoi-textures_pk/002289_pkf_wall7d_309794fe2ab0.png","qoi-textures_pk","256","256","65536","309794fe2ab091a6aceea832ed2c3e594b3a878f55582a03699257addd4a1c6b"
"qoi-textures_pk/002290_pkf_wall7e_0e46aab4153e.png","qoi-textures_pk","256","256","65536","0e46aab4153e0faf1cc80e2fcaa32a0a909bc2772f8325edd5d27e843fe718c0"
"qoi-textures_pk/002291_pkf_wall7f_8bdcb4bac8be.png","qoi-textures_pk","256","256","65536","8bdcb4bac8be7898e65eb0a77a3b9b78967cc154e0d3f924f9cd69f3f9d34193"
"qoi-textures_pk/002292_pkf_window1a_cff960ca7ab1.png","qoi-textures_pk","32","64","2048","cff960ca7ab149e5ccc94f23efaa6449b34aaed07eba619d481d6bad99507a41"
"qoi-textures_pk/002293_pkf_window1b_87016071339d.png","qoi-textures_pk","32","64","2048","87016071339d5630f13aee0d3dadad7dcc4c69388bffb743afe4692ccbcdc185"
"qoi-textures_pk/002294_pkf_window2a_6f0a6a8f8959.png","qoi-textures_pk","32","64","2048","6f0a6a8f895941787559298a8edd420efff11bfdeda71bd7746d4b81dd8e4e0b"
"qoi-textures_pk/002295_pkf_window2b_b115d588b44b.png","qoi-textures_pk","32","64","2048","b115d588b44b3c7650824edf230efff4ef9731a0f71bf72680007c721b59f64d"
"qoi-textures_pk/002296_pkf_woodfloor1_7680020a17f3.png","qoi-textures_pk","256","256","65536","7680020a17f33bd237dcf73e1d0001c782c7b4fba3b8227ec2fef037bc2c4e21"
"qoi-textures_pk/002297_pkf_woodtrim1a_7597409c620a.png","qoi-textures_pk","32","256","8192","7597409c620af6c62a3da5098f21ea2955a8ff046710a544426c6577512950f3"
"qoi-textures_pk/002298_pkf_woodtrim1b_581dfc190f49.png","qoi-textures_pk","32","256","8192","581dfc190f494c6b1d9689e366ce49149dd162c4a12d453758d47b3d359d07dd"
"qoi-textures_pk/002299_pkground1a_658a01eeb176.png","qoi-textures_pk","512","512","262144","658a01eeb1769446608b65e46391452556786a325fe702971c1d4f55cc417dd2"
"qoi-textures_pk/002300_pkground1b_01361fba13d9.png","qoi-textures_pk","512","512","262144","01361fba13d961204086b79e3c9494ff16e72e02ca6d513c7e2d02bcca79d637"
"qoi-textures_pk/002301_pkh_tiles01a_ea56aa9a0bbf.png","qoi-textures_pk","512","512","262144","ea56aa9a0bbff7a602c94eb5918ed70342e5aa610739d3fd5b6b7ad51929030d"
"qoi-textures_pk/002302_pkh_tiles01b_3bb6395157ff.png","qoi-textures_pk","512","512","262144","3bb6395157ff139cf40eab561b7ad8966e21c9c3f58280f3b1dfd81c4767befa"
"qoi-textures_pk/002303_pkh_tiles02a_70ed2a64bcbe.png","qoi-textures_pk","512","512","262144","70ed2a64bcbe0ec56baff84acf6107bd0a437a5f5eea709aa717ee5bce4734fa"
"qoi-textures_pk/002304_pkh_tiles02b_e50d6ea0eefe.png","qoi-textures_pk","512","512","262144","e50d6ea0eefefc5697a871695934db2402e5aca6f756d55b2d60b35ce8ac64ad"
"qoi-textures_pk/002305_pkh_tiles02c_64e0bfe8a5c1.png","qoi-textures_pk","512","512","262144","64e0bfe8a5c1df096432c86774ba39764dab51c12ff81dbfb595c6116eb1c2fb"
"qoi-textures_pk/002306_pkh_wall01a_7b52edf41cc3.png","qoi-textures_pk","512","512","262144","7b52edf41cc3f055cb62f03a56bbdf0e0e635253b0cd403372095eb547644293"
"qoi-textures_pk/002307_pkh_wall01b_e178aaab48df.png","qoi-textures_pk","512","512","262144","e178aaab48dffa692a75aa45bae7b7fedb6470a231f037a0305201295b55fafb"
"qoi-textures_pk/002308_pkh_wall01c_39f6cb241f1e.png","qoi-textures_pk","512","512","262144","39f6cb241f1e0fc8325725df6c8cc469e738a778a3c6b7d4c9bf211732f8d769"
"qoi-textures_pk/002309_pkh_window01a_b7fa9341b99c.png","qoi-textures_pk","128","256","32768","b7fa9341b99c12310481ce9ee4e2809c10635bdd293f597bb61cec448eaed8fa"
"qoi-textures_pk/002310_pkh_window01b_2b6832b26c97.png","qoi-textures_pk","128","256","32768","2b6832b26c97f26c2d77e4e5d20930fd9321f30d4b14b6b1bab29d4b7c654282"
"qoi-textures_pk/002311_pktilesang1a_add39c61730c.png","qoi-textures_pk","256","256","65536","add39c61730c32b7604266bd50aa436389a8ed224b2158a4ff8877b0051427c0"
"qoi-textures_pk/002312_pktilesang1b_2021adebbd86.png","qoi-textures_pk","256","256","65536","2021adebbd86a31d7f5cfd42e097182a7c47b71b7755e5b996c46d19e959d487"
"qoi-textures_pk/002313_pktilesang1c_2ab81cd74ae5.png","qoi-textures_pk","256","256","65536","2ab81cd74ae564bea221e9a0eea9d19361600e1e73a33a5d93a55fef465b64d1"
"qoi-textures_pk/002314_pktilesang1d_272237f54515.png","qoi-textures_pk","256","256","65536","272237f54515f7080ab97126001197905f3c2ed79b6ffff7f62fdb1fdcc6c4f6"
"qoi-textures_pk/002315_pktilesang1e_7f383bf39d3c.png","qoi-textures_pk","256","256","65536","7f383bf39d3c976020e4b8ada6793374b10680f1743b3e25f33c6af328a16a8c"
"qoi-textures_pk/002316_pktilesang1f_65e279fc80bd.png","qoi-textures_pk","256","256","65536","65e279fc80bdd5a9004c3a6ae49138dbcdd980682f3d28f0717d035d77a29b56"
"qoi-textures_pk/002317_pktilesang1ta_9e82c576ede8.png","qoi-textures_pk","32","256","8192","9e82c576ede8e13a4f027441e59798b3bfa945674225eee62deb59fe9361e0b9"
"qoi-textures_pk/002318_pktilesang1tb_ed792f19ba48.png","qoi-textures_pk","256","32","8192","ed792f19ba489c8854ce7a38090e9cf2a9f34209e8d781eaa60a531e413d790c"
"qoi-textures_pk/002319_pktrim1a_393454508550.png","qoi-textures_pk","512","128","65536","39345450855053f1fdbad7bac101db7795652dafa8b40d687cb436ebd5138024"
"qoi-textures_pk/002320_pktrim1b_402f534f6fa6.png","qoi-textures_pk","512","128","65536","402f534f6fa65bb493b89a6460ab7f7d2a00ffd1c925e7792f0e8f9ad6c22f08"
"qoi-textures_pk/002321_pkw_arch01_bfa2e47a5e79.png","qoi-textures_pk","256","128","32768","bfa2e47a5e7981c2e398ba4fce9715fdf024c14805442c4319369211a8c1134c"
"qoi-textures_pk/002322_pkw_arch02a_9d2bc310de92.png","qoi-textures_pk","256","256","65536","9d2bc310de9256e3d06eb448b55797f2ca3aa6bc2292c597cacb7442b01b0d74"
"qoi-textures_pk/002323_pkw_arch02b_c83fc83b5ed3.png","qoi-textures_pk","128","256","32768","c83fc83b5ed384e139038706fcbe21ca61cbf348152b2051763a0625a2fc1c37"
"qoi-textures_pk/002324_pkw_arch02c_88531745937d.png","qoi-textures_pk","32","256","8192","88531745937dc81c102cea07d2baf13a983dd99f80024a3471cbf95e8c52feb4"
"qoi-textures_pk/002325_pkw_arch02d_7838d4d82e69.png","qoi-textures_pk","256","256","65536","7838d4d82e69d9a6e938d9a0e40e1fe31de1cace10a38912fee85f57295c923d"
"qoi-textures_pk/002326_pkw_arch03_fb35e481fab5.png","qoi-textures_pk","256","256","65536","fb35e481fab59123995524ae1726b08352432b168da4fc2d2566479a49f8fac1"
"qoi-textures_pk/002327_pkw_barrel01a_030c1f0d7fa9.png","qoi-textures_pk","128","128","16384","030c1f0d7fa9c83a0f7a041e16d526f1f2e301810d68f32bb939a263bb79488a"
"qoi-textures_pk/002328_pkw_barrel01b_fc6132e03217.png","qoi-textures_pk","128","128","16384","fc6132e0321717943f446d4ffc4511bfa2574db3d44be246d0411ce73b0bd8e3"
"qoi-textures_pk/002329_pkw_barrel02a_19705b7143be.png","qoi-textures_pk","128","128","16384","19705b7143be02803886e9a47df32bda9f60b1e3a1524c815440e8b2fbd7d928"
"qoi-textures_pk/002330_pkw_barrel02b_c3eaba327f2f.png","qoi-textures_pk","128","128","16384","c3eaba327f2f76c260e809246f99f354785597c3a147b589627e67c731b0a5fc"
"qoi-textures_pk/002331_pkw_barrel03a_12b1a12997e7.png","qoi-textures_pk","128","128","16384","12b1a12997e76b46be50c6196e16307a8e013a0742ec5881de48ef328a2dff89"
"qoi-textures_pk/002332_pkw_barrel03b_1ed76ed6eb69.png","qoi-textures_pk","128","128","16384","1ed76ed6eb695b82d45df5d2e8c46fa1e1424ea52209814bbb4141b74b08d127"
"qoi-textures_pk/002333_pkw_bomb1_e79c89ff5c72.png","qoi-textures_pk","256","256","65536","e79c89ff5c72fa9286e35203344613e447d7c7abd39fa66df8cecbb901b9bd1d"
"qoi-textures_pk/002334_pkw_bomb2_58f60b34f8e6.png","qoi-textures_pk","256","256","65536","58f60b34f8e6101ccefcfec2aef994b2f0647426f1e09cfb39a8f182e6daf997"
"qoi-textures_pk/002335_pkw_crate01a_6200f79801d6.png","qoi-textures_pk","128","128","16384","6200f79801d635bcc60dc21cd562541adf5ee5e784df1d3bf854d4bb0861c73e"
"qoi-textures_pk/002336_pkw_crate01b_485ec0f0f8cc.png","qoi-textures_pk","128","128","16384","485ec0f0f8ccd3c2d41cf4aacf93ea440c012f0830e3adcf1a3b8296b582d930"
"qoi-textures_pk/002337_pkw_datrim01a_af81de2d6ed8.png","qoi-textures_pk","32","128","4096","af81de2d6ed8ae6f371535d9902c1829f3a2e7ff7a4e8eba6a474c6716b04fe1"
"qoi-textures_pk/002338_pkw_datrim01b_e517684d7046.png","qoi-textures_pk","16","128","2048","e517684d7046c02dd139d7672345987b4d5dcc058d2e1430a05320fb1634b8b2"
"qoi-textures_pk/002339_pkw_door01a_d60ce97087b7.png","qoi-textures_pk","64","128","8192","d60ce97087b76681ebffa74481198bb425c009a8bf540d06b0726adb8210ad21"
"qoi-textures_pk/002340_pkw_door01b_b3839b91cf6f.png","qoi-textures_pk","64","128","8192","b3839b91cf6f684328ac5afd4234522066cbf6ccd4991d01dfc1bd14df5c466e"
"qoi-textures_pk/002341_pkw_door02a_ff20142e3b78.png","qoi-textures_pk","64","128","8192","ff20142e3b78ddd409c399cf8b4f95301c2aee5c64e087fab2b220752c10b404"
"qoi-textures_pk/002342_pkw_door02b_4034081c1dcd.png","qoi-textures_pk","64","128","8192","4034081c1dcd352a870dc1c505586eb504b11aaa8c40ad2baac3476fdc636276"
"qoi-textures_pk/002343_pkw_door02c_1c655d0fa3c1.png","qoi-textures_pk","64","128","8192","1c655d0fa3c1900fcb302e934ee45947e5a19ef18f1a0ef3540fecbaeaef719a"
"qoi-textures_pk/002344_pkw_doorfr01a_4503293c12ff.png","qoi-textures_pk","64","128","8192","4503293c12ffc151ad10bdd75ce669cb1096948c5178e181f711bfa0f41e6273"
"qoi-textures_pk/002345_pkw_doorfr01b_877ee9bcf9f0.png","qoi-textures_pk","64","128","8192","877ee9bcf9f0ff57b84690d4d724253cd6d129a4b80e71cb42001407436f50ec"
"qoi-textures_pk/002346_pkw_doors01a_2d9d3016dd00.png","qoi-textures_pk","256","256","65536","2d9d3016dd006a0b631f737bfc556f9ef54298b7d138faf479118d060e6acb55"
"qoi-textures_pk/002347_pkw_doors01b_3d12171864b0.png","qoi-textures_pk","256","256","65536","3d12171864b0749f761c59b188cb04b9df2d2115777d52c6c8bb9e5176e66e50"
"qoi-textures_pk/002348_pkw_doortrim01_dee9bdddc74f.png","qoi-textures_pk","16","128","2048","dee9bdddc74f36643fa282e78fbf9db5f9d8db9d960482921d976226ed9c55a6"
"qoi-textures_pk/002349_pkw_food1a_8cde1cd7e770.png","qoi-textures_pk","64","32","2048","8cde1cd7e7708eb030a757f13250a1ac055933449b0207a7746a62a45e2ee30b"
"qoi-textures_pk/002350_pkw_food1b_fcbe16079286.png","qoi-textures_pk","64","32","2048","fcbe160792867e0b8894aca1766a432e2c8b957e83ed51998b433f6a6ef9ac2f"
"qoi-textures_pk/002351_pkw_food1c_cac7120356e5.png","qoi-textures_pk","64","32","2048","cac7120356e5c06eae4f50e328edf9ac1e4d30e63a5b85cc971bdf96c5a0e54c"
"qoi-textures_pk/002352_pkw_food1d_cc8542afcbc1.png","qoi-textures_pk","64","32","2048","cc8542afcbc15fbbbf9037c8a0d0036cf31ef7ceaf33ea4ac3810e41b543aed2"
"qoi-textures_pk/002353_pkw_grass01_e75f4d2d26cf.png","qoi-textures_pk","256","256","65536","e75f4d2d26cf6e9218149bd8f30cb3d5fbb867f6b1aefc7dec18e0d4522fe459"
"qoi-textures_pk/002354_pkw_ground01a_546178dd4bcd.png","qoi-textures_pk","256","256","65536","546178dd4bcdc76c6cf391c3977bc90e877a40407860c25525d9270beb726d96"
"qoi-textures_pk/002355_pkw_ground01b_923d29eecca4.png","qoi-textures_pk","256","256","65536","923d29eecca421457faf42bdba7f81d2693b63f9904a63cfd46049f2baaffdc6"
"qoi-textures_pk/002356_pkw_ground02a_3728564890e6.png","qoi-textures_pk","128","256","32768","3728564890e62e2c097d5d9fb133690fd4f08709655770087c3b1a2b6c315ea3"
"qoi-textures_pk/002357_pkw_ground02b_bc65d3932565.png","qoi-textures_pk","128","256","32768","bc65d3932565dd229dba70263cf67511dd2e16cccbc26c76add41b2d19231025"
"qoi-textures_pk/002358_pkw_gwall01a_ddb9d436ab73.png","qoi-textures_pk","256","256","65536","ddb9d436ab73aff8ad89365df953d9a0f685e567dcf2f1873bc1b9ecc99a41f2"
"qoi-textures_pk/002359_pkw_gwall01b_01b513d302e8.png","qoi-textures_pk","256","256","65536","01b513d302e8817d2a96c3deaef0a30d81b67714465bd4c3f718dff7e8853a21"
"qoi-textures_pk/002360_pkw_gwall02a_496931b75a7f.png","qoi-textures_pk","256","256","65536","496931b75a7ff992b627011cb836681189c75d9dcadc7319af5aac8051e31dbc"
"qoi-textures_pk/002361_pkw_gwall02b_a759891abdd0.png","qoi-textures_pk","256","256","65536","a759891abdd0841eeddc5b00ae28f58e10e94da8a3cc55a44fc51b9bc8a732bd"
"qoi-textures_pk/002362_pkw_gwall03a_59786e22161c.png","qoi-textures_pk","256","256","65536","59786e22161cdb17a140f72e4b9dac269fcb02697b1552e6db90fb06adbbb3d5"
"qoi-textures_pk/002363_pkw_gwall03b_d8f3ab8655c0.png","qoi-textures_pk","256","256","65536","d8f3ab8655c02f7f4a25c1b4b0db6e5d788a33c78cdb246f658e0674f2fd8b7b"
"qoi-textures_pk/002364_pkw_light01_2b6cb50e8d6b.png","qoi-textures_pk","32","32","1024","2b6cb50e8d6b53979f15f0b9b25ee9b640317dc11783130350aa9ac67413c150"
"qoi-textures_pk/002365_pkw_metal_fad49affba76.png","qoi-textures_pk","128","128","16384","fad49affba7693c9870837a34c04ea2534794edc66e6f2f6fb59519c48b553c3"
"qoi-textures_pk/002366_pkw_pave01a_cb9bcc26f8b8.png","qoi-textures_pk","64","256","16384","cb9bcc26f8b817c151c31929762c1c0caf6d76bfe63cda05eb17d74f07b26cc9"
"qoi-textures_pk/002367_pkw_pave01a2_b95bf856fef6.png","qoi-textures_pk","64","256","16384","b95bf856fef68797c5e767729b80f877662dcb3e509a493ee9af262f98705b35"
"qoi-textures_pk/002368_pkw_pave01b_7fb144418a7d.png","qoi-textures_pk","256","256","65536","7fb144418a7dd88a90674cf70dbd03a7ac2864eb6af5a0a08ff998c09b7c032b"
"qoi-textures_pk/002369_pkw_pave01b2_930a2cbadb0c.png","qoi-textures_pk","256","256","65536","930a2cbadb0c9edf0e7574aaeafdc2f5d1b8650d77edaf209ecf42cfe6670442"
"qoi-textures_pk/002370_pkw_plank01a_66fca82acb59.png","qoi-textures_pk","32","256","8192","66fca82acb598c71d7bc42b94957fdad2a3b9b898cc69930e70256d405409df1"
"qoi-textures_pk/002371_pkw_plank01b_737d32f232d0.png","qoi-textures_pk","32","256","8192","737d32f232d0f1493d3cf1a772fc915ec2d0942e8447c596be6761bae0ede7c4"
"qoi-textures_pk/002372_pkw_road01_61156664bc77.png","qoi-textures_pk","256","256","65536","61156664bc779aee2498249875983f9b9ea7bfec79f949fb1045cf648c9a9881"
"qoi-textures_pk/002373_pkw_rock01a_f09907bb4ac2.png","qoi-textures_pk","256","256","65536","f09907bb4ac203ae93c6a524f1375caa4d08c6a7e345cd7e496a6ea22fb04427"
"qoi-textures_pk/002374_pkw_rock01b_50b36c9681a2.png","qoi-textures_pk","256","256","65536","50b36c9681a20d1067ef428b133050b3a22ca1b7bd085f4ccf4c577ed6fd2ec9"
"qoi-textures_pk/002375_pkw_roof1_ee5dd4acb915.png","qoi-textures_pk","128","128","16384","ee5dd4acb9156a9ea1e58acf34cead273589fd38e26dc672ff4301b28ada4b09"
"qoi-textures_pk/002376_pkw_tiles01a_c6dcfb11a48e.png","qoi-textures_pk","256","256","65536","c6dcfb11a48e00050912d2e8a1ae00164db18a9aed7388ed0e1ccec736781b57"
"qoi-textures_pk/002377_pkw_tiles01b_7bfb3a4ac8e6.png","qoi-textures_pk","256","256","65536","7bfb3a4ac8e64a2823fa2dd485065e34c5ef21c58f41ad0a34c38b376dee7c7e"
"qoi-textures_pk/002378_pkw_tiles02a_bfb7c4e2a7c3.png","qoi-textures_pk","256","256","65536","bfb7c4e2a7c3a771aac7799ea93a6ba2a9f4093be9e463d6339e359ac59b5806"
"qoi-textures_pk/002379_pkw_tiles02b_64abeb5276d0.png","qoi-textures_pk","256","256","65536","64abeb5276d0e3d6d9224efe1b8ec7b2d47bdf754ed374dfe96c8a3b2676645e"
"qoi-textures_pk/002380_pkw_tiles02c_7dca65f380c1.png","qoi-textures_pk","256","256","65536","7dca65f380c1ed0170624418d5c2403c6e43c6eddc2bcfa1dd1217d53894d505"
"qoi-textures_pk/002381_pkw_tiles02d_6ab11cbe4657.png","qoi-textures_pk","256","256","65536","6ab11cbe465776235aaa562d2fd3c282c404ef41c21611af3885c567ce2d2a58"
"qoi-textures_pk/002382_pkw_tiles02e_19e8820f1a45.png","qoi-textures_pk","256","256","65536","19e8820f1a453444ed1a71a38587b8adbd2b98f66aab700f84851647157936c0"
"qoi-textures_pk/002383_pkw_trim01a_5960001f6fa5.png","qoi-textures_pk","256","32","8192","5960001f6fa5f089fc8d9cd3f198103c6021e4d4c95ec5a6d4764bbcb0966656"
"qoi-textures_pk/002384_pkw_trim01b_daced8d97571.png","qoi-textures_pk","256","32","8192","daced8d9757196195def1b986d22571ea5dae5f567ffa7d207ceb0ba0048715f"
"qoi-textures_pk/002385_pkw_trim02_0f091b418c52.png","qoi-textures_pk","256","32","8192","0f091b418c527af7272db1da5742420d3aa102d04b9e0fdc5dca1d3ef9cc7978"
"qoi-textures_pk/002386_pkw_trim03a_1eee19185acb.png","qoi-textures_pk","256","32","8192","1eee19185acbc4a1c0d6c4d68636a07a2f676674a79f17ecaa48eab370d20166"
"qoi-textures_pk/002387_pkw_trim03b_33e6d854d840.png","qoi-textures_pk","256","32","8192","33e6d854d840a706f6b5c596f29528f438a915248e4a952217b53a5cd8e90f09"
"qoi-textures_pk/002388_pkw_trim03c_27773365b44e.png","qoi-textures_pk","256","32","8192","27773365b44ed0f0728cd740192da4ef9b3f5bf24961d9868e03c322a960872b"
"qoi-textures_pk/002389_pkw_trim04_a9bb8f15f0d5.png","qoi-textures_pk","128","32","4096","a9bb8f15f0d5ab028829043527e2dc4f78b9e1fb9e4f3d13790ea3d6bea3a97e"
"qoi-textures_pk/002390_pkw_trim05_73d0c94fe67f.png","qoi-textures_pk","16","256","4096","73d0c94fe67f4a6f96b9d5ca4709bb599619ed21c184bf55543b3d36cbbacd12"
"qoi-textures_pk/002391_pkw_trim06_f45d330ccd14.png","qoi-textures_pk","256","32","8192","f45d330ccd14ecdf7b145aa52386ccded9351557f016fbb1ac0ed6eed8ce7b9f"
"qoi-textures_pk/002392_pkw_wall011_b9141347d0ff.png","qoi-textures_pk","256","256","65536","b9141347d0ffeb4241249ef6a0639d4730c128139074b2b4484964e7cedbd2f9"
"qoi-textures_pk/002393_pkw_wall01a_b0016093ccb1.png","qoi-textures_pk","256","256","65536","b0016093ccb13b24c853d7b3e8e015ec7c92b32621af4f8617103e1e47e0b5a8"
"qoi-textures_pk/002394_pkw_wall01b_b78056a30633.png","qoi-textures_pk","256","256","65536","b78056a3063386531bcb6bf21028cdf93e90acfae2bceb63e8f30649b0a3138e"
"qoi-textures_pk/002395_pkw_wall01c_b59d09ade371.png","qoi-textures_pk","256","256","65536","b59d09ade3719f0a9dcc0275f1d352df862c25c1bcdab6d55a1b5f2754c4f15c"
"qoi-textures_pk/002396_pkw_wall01d_5a4272981b80.png","qoi-textures_pk","256","256","65536","5a4272981b8029126d7d46ba39376752902cdefeb0978c9819c5ab857f32daf0"
"qoi-textures_pk/002397_pkw_wall01e_be0378447e83.png","qoi-textures_pk","256","256","65536","be0378447e83f46ed7f809fbcaaa12d297ea02d4374b2ae088c6af9b3dfa4daf"
"qoi-textures_pk/002398_pkw_wall01f_75f75fb18edc.png","qoi-textures_pk","256","256","65536","75f75fb18edc62c7ccec3c55a6bf5671888f0e1c6751a8161bb9ba393a32ed78"
"qoi-textures_pk/002399_pkw_wall01g_c8245c70c20b.png","qoi-textures_pk","256","256","65536","c8245c70c20b4fa4827f613d89b008c4c02374371edfd77a5862be7132cacff0"
"qoi-textures_pk/002400_pkw_wall01h_40ee385f25a2.png","qoi-textures_pk","256","256","65536","40ee385f25a2a43abd54fddb2e79f8a9f31b5a7bceedd844d0282519f2787bfc"
"qoi-textures_pk/002401_pkw_wall01i_802630a1bb9b.png","qoi-textures_pk","256","256","65536","802630a1bb9b1d0b23620ad31e91c5839b5207771ae73243d90684491cda37a0"
"qoi-textures_pk/002402_pkw_wall01j_bb3b5ba131b3.png","qoi-textures_pk","256","256","65536","bb3b5ba131b32d8e4bdc5be57c2544bd24892f6e5addbe20ebc1e154a21ba460"
"qoi-textures_pk/002403_pkw_wall01k_ff4277918b2c.png","qoi-textures_pk","256","256","65536","ff4277918b2ce96f93f0168b2347078a68206da64f84a5f8555f2f16a2a54acb"
"qoi-textures_pk/002404_pkw_wall01l_85dc511c0652.png","qoi-textures_pk","256","256","65536","85dc511c065298a9880e4bbbd1beeb1bc4916215dd86f0825e865dff956d1601"
"qoi-textures_pk/002405_pkw_wall02aa_06214a464965.png","qoi-textures_pk","256","256","65536","06214a464965f32b8f84402f96ca7327b228445222e8dfcfd19722fb111f80b1"
"qoi-textures_pk/002406_pkw_wall02ab_2c34d2f1824e.png","qoi-textures_pk","256","256","65536","2c34d2f1824ec4afc0349f52c518464aa3eac88e722de594e2676bf3d68de912"
"qoi-textures_pk/002407_pkw_wall02ac_bede5bf32b25.png","qoi-textures_pk","256","256","65536","bede5bf32b25efe6f6f66b7c95d431f35e9e186f2efea69fa19601313af14ed7"
"qoi-textures_pk/002408_pkw_wall02ad_60353692f1cd.png","qoi-textures_pk","256","256","65536","60353692f1cda73162dbf51b37e5b539fd8bc8da6dba23059363d532ed305075"
"qoi-textures_pk/002409_pkw_wall02ae_b77add3f972f.png","qoi-textures_pk","256","256","65536","b77add3f972fa0df190ee7096a5ac655db2b39157e268f28606b97a7a7186c42"
"qoi-textures_pk/002410_pkw_wall02af_a0162392e049.png","qoi-textures_pk","256","256","65536","a0162392e0494f39cd2dd2ebf23d4b5244cd0f1cb376a5ebbd77d91541dd6257"
"qoi-textures_pk/002411_pkw_wall02ag_52f1355d3add.png","qoi-textures_pk","256","256","65536","52f1355d3adda12c415257b6a55af5fc154dd43e772dddb1a3b03b80d36c9d1c"
"qoi-textures_pk/002412_pkw_wall02ba_c6e71fe37f9b.png","qoi-textures_pk","256","256","65536","c6e71fe37f9bac5dedb2f72b244b679fdd128f13e66d176c31d7fc4af28c6bae"
"qoi-textures_pk/002413_pkw_wall02bb_10adc5e48836.png","qoi-textures_pk","256","256","65536","10adc5e4883640837872fd7f71714a7dc768624a6abb4c3c54a7d212254305bd"
"qoi-textures_pk/002414_pkw_wall02bc_39d1ad4b13d9.png","qoi-textures_pk","256","256","65536","39d1ad4b13d9a29a7bcad6740603b6f26980d217463dc3958d7b0cf792197ee0"
"qoi-textures_pk/002415_pkw_wall02bd_09147bd571cf.png","qoi-textures_pk","256","256","65536","09147bd571cff0435c7c44949867664cfd6a0791ab5e7b6f286e805055594957"
"qoi-textures_pk/002416_pkw_wall02be_4ed8de8aeeb9.png","qoi-textures_pk","256","256","65536","4ed8de8aeeb9ebf680430e6d25e00e4bca4f8dd7afc7eb6fcf4e5c47520e47c0"
"qoi-textures_pk/002417_pkw_wall02bf_01114a1a3465.png","qoi-textures_pk","256","256","65536","01114a1a3465ad8e2940332ca8602c074cf64b79da1e4b987a710bbddfc2aa8f"
"qoi-textures_pk/002418_pkw_wall02bg_61d07849c09c.png","qoi-textures_pk","256","256","65536","61d07849c09cc5ec63070d514f69dde649f0cbc35707f29e17bf990d47c5672b"
"qoi-textures_pk/002419_pkw_wall02bh_8a7cc68b48f9.png","qoi-textures_pk","256","256","65536","8a7cc68b48f9f509090473a937d58f987fc26ee7f081c1a66bf18e0232d81da2"
"qoi-textures_pk/002420_pkw_wall02bi_9c98954f22a7.png","qoi-textures_pk","256","256","65536","9c98954f22a731fc8fd2886927b20776fd70924ed08feeeab1e2f2bc956743ce"
"qoi-textures_pk/002421_pkw_wall02bj_bb0bcd38ce91.png","qoi-textures_pk","256","256","65536","bb0bcd38ce91a8dfb33e9f6a632d741fe5f7e483cc823695de3972b2f6b61961"
"qoi-textures_pk/002422_pkw_wall02bk_0ca796a039da.png","qoi-textures_pk","256","256","65536","0ca796a039da3c14e86d8b0223ed37589899e918d08c5ae39f7e01f5183dcd18"
"qoi-textures_pk/002423_pkw_wall03a_19ecc438407f.png","qoi-textures_pk","256","256","65536","19ecc438407ffd88b367bfc4eed382f784c5de796d2b2a686cb70152d7d9ead7"
"qoi-textures_pk/002424_pkw_wall03b_80a8255a56e2.png","qoi-textures_pk","256","256","65536","80a8255a56e23c5e07d988caaeb12a76d7c8d27a58b7f32fd60adb5e601b0649"
"qoi-textures_pk/002425_pkw_wall03c_d9d9c9ee78cf.png","qoi-textures_pk","256","256","65536","d9d9c9ee78cfe8f96f8b31f135f363ced3126b28a9b12319f9f9a328aa70d2a4"
"qoi-textures_pk/002426_pkw_wall03d_9507172d0688.png","qoi-textures_pk","256","256","65536","9507172d06882da8c636c1317d4544213045d1af2ff8aaedaa7308cd5441b895"
"qoi-textures_pk/002427_pkw_wall03e_4207d21084ce.png","qoi-textures_pk","256","256","65536","4207d21084ce26c47a5515f8642200c808c89a033afa70e6565f141dfa6a3226"
"qoi-textures_pk/002428_pkw_wall03f_9c9e07b8073e.png","qoi-textures_pk","256","256","65536","9c9e07b8073e3c259e0aec04fccd6eb749e929e47981d08e8de8e9c2181608fd"
"qoi-textures_pk/002429_pkw_wall03g_416fb93f9063.png","qoi-textures_pk","256","256","65536","416fb93f9063fd79dba380d577b3a8a4f29072772ad039f96f72edbad29f24aa"
"qoi-textures_pk/002430_pkw_wall03h_f4f7ce08dd6e.png","qoi-textures_pk","256","256","65536","f4f7ce08dd6ee80a2365af75293d8dc513ba10848dd702b2bab6a997d5eb9917"
"qoi-textures_pk/002431_pkw_wall03i_ff2fc6f2bf50.png","qoi-textures_pk","256","256","65536","ff2fc6f2bf50894b7e319b5821b700b90156608ab724f96aea0acaaab3d4fada"
"qoi-textures_pk/002432_pkw_wall03j_b1ea4bc74f0c.png","qoi-textures_pk","256","256","65536","b1ea4bc74f0c3c24db5bca967b6d1e61c2a3c3b332e7c4f6f3d9898c1e68c08b"
"qoi-textures_pk/002433_pkw_wall03k_53f561c7fa63.png","qoi-textures_pk","256","256","65536","53f561c7fa63ce996fbdb0f0cb16cca4ada968df5745d126aa30add399de6a80"
"qoi-textures_pk/002434_pkw_wall03l_0969ac69673d.png","qoi-textures_pk","256","256","65536","0969ac69673dd38e789a97a7bb0eecf9bee03eaf068e892b9771d122226e2e23"
"qoi-textures_pk/002435_pkw_wall04a_e3fe4b648ad0.png","qoi-textures_pk","256","256","65536","e3fe4b648ad09b5674ad9880017047f5cb4fc952a07cba326155d2fc96840caf"
"qoi-textures_pk/002436_pkw_wall04b_a4101e357f12.png","qoi-textures_pk","256","256","65536","a4101e357f1212ce6f542b8bf67f12df14da6f73badc3e46c800dc66663603fe"
"qoi-textures_pk/002437_pkw_wall04c_a3cd53b36e72.png","qoi-textures_pk","256","256","65536","a3cd53b36e729c0d6a6769e3fd3c00d99dc4b8f65133a2e2b199da7632d95482"
"qoi-textures_pk/002438_pkw_wall04d_9e9235a3f058.png","qoi-textures_pk","256","256","65536","9e9235a3f058a1c256fe8bf04dfc6da50043aff5b94cf4a39ae7e02ce7aeb88a"
"qoi-textures_pk/002439_pkw_wall04e_69da155e4365.png","qoi-textures_pk","256","256","65536","69da155e4365532314fb6ddaa5ec519d34b218bda5d83c0bd489ed3dca9547ce"
"qoi-textures_pk/002440_pkw_wall04f_467d3a7fb832.png","qoi-textures_pk","256","256","65536","467d3a7fb832bdc0548fe55f1c7840012994e26acf588115b875e930003277b1"
"qoi-textures_pk/002441_pkw_wall04g_91c5c66d5b5e.png","qoi-textures_pk","256","256","65536","91c5c66d5b5ebf86e61dd328450731b77b31863b92b2711ce88bfbb52e66509b"
"qoi-textures_pk/002442_pkw_wall04h_98f14ea194a1.png","qoi-textures_pk","256","256","65536","98f14ea194a1b2ee49f31349f19796fac9c22a4d684762b279b27c4a3e48035a"
"qoi-textures_pk/002443_pkw_wall04i_aa3daadc4122.png","qoi-textures_pk","256","256","65536","aa3daadc412237f9c8659aa73726e84d7ac92de83d8335684aa8e60b7c32e72d"
"qoi-textures_pk/002444_pkw_wall04j_f32f9139ee58.png","qoi-textures_pk","256","256","65536","f32f9139ee58d23fc2660b12d7915cb05dd1b0269cedbaf114d47fb3680a74f4"
"qoi-textures_pk/002445_pkw_wall04k_37bacee26887.png","qoi-textures_pk","256","256","65536","37bacee268878d197acdb377c9bace0585b5fcefa7d61126837b5a1e0103c8a4"
"qoi-textures_pk/002446_pkw_wall04l_094b58cfa116.png","qoi-textures_pk","256","256","65536","094b58cfa116519dfcb08b80aead53a8e13ddd74d28342fb95ad6c1abf874872"
"qoi-textures_pk/002447_pkw_wall04m_50208ed1083f.png","qoi-textures_pk","256","256","65536","50208ed1083fc56cb393acf1d38d4b92f71f593c77f6ace3d98906835f6bd1eb"
"qoi-textures_pk/002448_pkw_wall04n_f812e9679ee2.png","qoi-textures_pk","128","256","32768","f812e9679ee27df560ac178304fffb8feee5ba190f63b40006aca0921d2855f6"
"qoi-textures_pk/002449_pkw_wall05a_4ea96714c4d9.png","qoi-textures_pk","256","256","65536","4ea96714c4d95269b05b6eb101760d7220d0b659fb195a876d0dbfc11c3e78a5"
"qoi-textures_pk/002450_pkw_wall05b_ea6128aaf7e4.png","qoi-textures_pk","256","256","65536","ea6128aaf7e46eab3e15a6d8ebdd29623e50d6a21994498f30023f9845606c24"
"qoi-textures_pk/002451_pkw_wall05c_1adf440ab26b.png","qoi-textures_pk","256","256","65536","1adf440ab26bc4c9a6c9be7d7438489d1eaddd59f79c31896a97ffd25172fac5"
"qoi-textures_pk/002452_pkw_wall05d_5c79ff07afb0.png","qoi-textures_pk","256","256","65536","5c79ff07afb0947634cfc3a30b6093bbad95624e37ee36b301f6aafbfb9c2539"
"qoi-textures_pk/002453_pkw_wall05e_ab61e4953730.png","qoi-textures_pk","256","256","65536","ab61e49537306db96a89e2dae1476c83ebaee0258254bc91bbf31705e384d2ad"
"qoi-textures_pk/002454_pkw_wall05f_c6e0f94cb606.png","qoi-textures_pk","256","256","65536","c6e0f94cb606b76116ffdfff9a0c5cf245969ac2657c635bc7bcf3b01419d854"
"qoi-textures_pk/002455_pkw_wall05g_f737199e11ec.png","qoi-textures_pk","256","256","65536","f737199e11ecf0c7d800cbd493741ca0c1813801f99c5252c9b78b27dc8b39f5"
"qoi-textures_pk/002456_pkw_wall05h_7f775eb5b709.png","qoi-textures_pk","256","256","65536","7f775eb5b7095ce801dfe5a0b03eb340087e3d0cc37d5f850a9316c8e893a16e"
"qoi-textures_pk/002457_pkw_wall06a_37fd8ce48d57.png","qoi-textures_pk","256","256","65536","37fd8ce48d578d5c1ecc62ecc4719c2e6ddf35637263feb31e2b2145069be72d"
"qoi-textures_pk/002458_pkw_wall06b_83c8b123ea81.png","qoi-textures_pk","256","256","65536","83c8b123ea81f243b083deb5a8a372534c218540a552fe748c6cd80fb965985c"
"qoi-textures_pk/002459_pkw_wall06c_288bfa768e6e.png","qoi-textures_pk","256","256","65536","288bfa768e6ed13797e0bf71bc6366eafed38d55e370c4239a516582bd9fd1b4"
"qoi-textures_pk/002460_pkw_wall06d_e3a315a8c221.png","qoi-textures_pk","256","256","65536","e3a315a8c2219a7c491f6d4d5a03e00ac9158eca669b16a586900d6f340eed99"
"qoi-textures_pk/002461_pkw_wall06e_4277ac6bbe42.png","qoi-textures_pk","256","256","65536","4277ac6bbe42649844dbf643268c8fc335465a61c47d687dc553806551dcf75c"
"qoi-textures_pk/002462_pkw_wall06f_317029aa6c07.png","qoi-textures_pk","256","256","65536","317029aa6c07e37f9b66fe4bc8fe7fa74279bbe7062a728f2016b1d4c53b52d5"
"qoi-textures_pk/002463_pkw_wall06g_747f287ce1fd.png","qoi-textures_pk","256","256","65536","747f287ce1fd5c9149fc9f1b91620dea5950f87886b8c8b79284ae6e4963ddb4"
"qoi-textures_pk/002464_pkw_wall06h_7e5c9a9f74a9.png","qoi-textures_pk","256","256","65536","7e5c9a9f74a93f37f9d3ae17f507e03b358d03910f0ac18d58198bac7c4e57cd"
"qoi-textures_pk/002465_pkw_wall06i_3f2826264b8e.png","qoi-textures_pk","256","256","65536","3f2826264b8e4b3017041c51cd947de7b25f1bc35f9ef77f787246eb8a31937d"
"qoi-textures_pk/002466_pkw_wall07a_ba3c6fdd6fc7.png","qoi-textures_pk","256","256","65536","ba3c6fdd6fc7dcbc4563d27a46433593bbda2e55f34165a3e2def8e7c056413b"
"qoi-textures_pk/002467_pkw_wall07b_0c5eded5a4bd.png","qoi-textures_pk","256","256","65536","0c5eded5a4bd193d3261b4206280ea3877d2ca44d8d3b43e14ddd98db97201ef"
"qoi-textures_pk/002468_pkw_wall07c_f3d0b84e15e2.png","qoi-textures_pk","256","256","65536","f3d0b84e15e21e6765f6681f66e2d6aecad7e2da070d9be1991ef760ad43e9cb"
"qoi-textures_pk/002469_pkw_wall07d_e27cf6561290.png","qoi-textures_pk","256","256","65536","e27cf6561290c366fb62fcf8ff549af0cd2ccfb270bb77e4fefe9c3e05ee1440"
"qoi-textures_pk/002470_pkw_wall07e_aac1de8efaec.png","qoi-textures_pk","256","256","65536","aac1de8efaec000d8b0e1a9884e80837fdf6cdc4fe1bdb4c178fcbf25158be43"
"qoi-textures_pk/002471_pkw_wall07f_907a0e846978.png","qoi-textures_pk","256","256","65536","907a0e84697808f129a95dc3532613b894b3e06b57d85c7b4139e8fc37ac2e1b"
"qoi-textures_pk/002472_pkw_wall07g_ee79f5729a8c.png","qoi-textures_pk","256","256","65536","ee79f5729a8c4f11eeb026cb9f3b4b1d0ce531185be9183fab1f5d1c0a37e910"
"qoi-textures_pk/002473_pkw_wall07h_924eaa094a4e.png","qoi-textures_pk","256","256","65536","924eaa094a4e3454d67935c2b8675584e11c994c503372f5644905fb674de2ba"
"qoi-textures_pk/002474_pkw_wall07i_6eac41b2c136.png","qoi-textures_pk","256","256","65536","6eac41b2c136a9fc179bf101ce00307fe0f5c6ada92372ca650a48183f77fc77"
"qoi-textures_pk/002475_pkw_wall07j_1719bc1d9966.png","qoi-textures_pk","256","256","65536","1719bc1d99662209d07210c18f3166b2ed694adcc8a4446c6b85cf17ec6eeda7"
"qoi-textures_pk/002476_pkw_wall07k_15926690cbbb.png","qoi-textures_pk","256","256","65536","15926690cbbbb34023d54124cea4f12db2081ba321d242e5258b25e368abc424"
"qoi-textures_pk/002477_pkw_wall08a_2355e59989ca.png","qoi-textures_pk","256","256","65536","2355e59989ca64fb4b1b5b30fee554e89ed2e4fdba07ac7491410400d7b57e36"
"qoi-textures_pk/002478_pkw_wall08b_436c5bdd3912.png","qoi-textures_pk","256","256","65536","436c5bdd391271f5b4e02b06426b70d6e0715fb41f437947ee46c21acdd29d00"
"qoi-textures_pk/002479_pkw_wall08c_ee00ac9e8eb9.png","qoi-textures_pk","256","256","65536","ee00ac9e8eb9154b1ef72317a637d7fbf8270de70124e1bb3359973c602c7984"
"qoi-textures_pk/002480_pkw_wall09a_04b8e1b72a6e.png","qoi-textures_pk","256","256","65536","04b8e1b72a6e1fd37b77b2b3f802a819a5ec59e6ce83e8e00d2006d1c29b1a7a"
"qoi-textures_pk/002481_pkw_wall10a_4ba65e939688.png","qoi-textures_pk","256","256","65536","4ba65e93968867e32fd7f211fd15122a4cbfd2f45d426a600d15a9191a5b23d2"
"qoi-textures_pk/002482_pkw_wall10b_54ab30f8c0ac.png","qoi-textures_pk","256","256","65536","54ab30f8c0ace81595cf03baf8c935f7c0a31ea1cc2c5749c8267d8f6472a056"
"qoi-textures_pk/002483_pkw_wall10c_fb5e87feea08.png","qoi-textures_pk","256","256","65536","fb5e87feea08629ddf0265b18b76d4dd6cfe7acf3bfe01e3e2df6a6764f42437"
"qoi-textures_pk/002484_pkw_wall10d_93be74a41cbf.png","qoi-textures_pk","256","256","65536","93be74a41cbf3d3c4801aea558abe181ee4529aaccb3b74984022b97a8744b42"
"qoi-textures_pk/002485_pkw_wall10e_aadd5f54c38c.png","qoi-textures_pk","256","256","65536","aadd5f54c38c80908f79298963bcb3588b1a9aa099014cf40a7243175343aed6"
"qoi-textures_pk/002486_pkw_wall10f_605bbe2f768c.png","qoi-textures_pk","256","256","65536","605bbe2f768c37d73ab2269a8afa1d7be035970c64a509dd807bdb6a725dd1ab"
"qoi-textures_pk/002487_pkw_wall10g_a25365397f01.png","qoi-textures_pk","256","256","65536","a25365397f01d5e450a78301b07e19851bd9ea81adfde0a9c578d677dc050e59"
"qoi-textures_pk/002488_pkw_wall10h_e8a118245ad7.png","qoi-textures_pk","256","256","65536","e8a118245ad766a3ea149a090d58f49a1a5eaa9a8cc4dc5a72d86d523af194bb"
"qoi-textures_pk/002489_pkw_wall10i_bdd5de914c56.png","qoi-textures_pk","256","256","65536","bdd5de914c564ce23a53af5c5b671bc4ce5ebdf9f403dc9681c2a0a6eeee3cb5"
"qoi-textures_pk/002490_pkw_wall10j_9d08edf6d525.png","qoi-textures_pk","256","256","65536","9d08edf6d525316658c9cf9fae114a01eb97bd4d6ebc3cdd1679e51009a624aa"
"qoi-textures_pk/002491_pkw_wall10k_0f69eb9aee1b.png","qoi-textures_pk","256","256","65536","0f69eb9aee1b9b090b39da1bf7de10f4b35dfccd08777fc985ea0ba94331c5e8"
"qoi-textures_pk/002492_pkw_wall10l_a45692590310.png","qoi-textures_pk","256","256","65536","a45692590310bf94629d988c81ecc21493085495a80aab647fe2e9128475fb54"
"qoi-textures_pk/002493_pkw_wall11a_d3615476ae02.png","qoi-textures_pk","256","256","65536","d3615476ae02899dccdca59413f42901e297ecb1c86468265c8dbd9b97427c4c"
"qoi-textures_pk/002494_pkw_wall11b_1db903fbd35d.png","qoi-textures_pk","256","256","65536","1db903fbd35dbb601df98b4b4a4f42a6166ac2707ac5a48134b796d15c87c79a"
"qoi-textures_pk/002495_pkw_wall11c_a74ec5262f41.png","qoi-textures_pk","256","256","65536","a74ec5262f41cd01c638835832816b027436c5286dd702141a9b15ce27a5073b"
"qoi-textures_pk/002496_pkw_wall11d_fc54f52f5407.png","qoi-textures_pk","256","256","65536","fc54f52f5407056da4e97781ba5fbfda1c3c1048765b6e75337415a7a27df43c"
"qoi-textures_pk/002497_pkw_wall11e_b251bad018bb.png","qoi-textures_pk","256","256","65536","b251bad018bb9a59d704054faabc8bc4a4cebad05a4e5af384607460d3efbe28"
"qoi-textures_pk/002498_pkw_wall11f_3bd91c1ae629.png","qoi-textures_pk","256","256","65536","3bd91c1ae6296cd28aab851ac415d4a152ca2fbdb17a1494939cd6ead63caa5e"
"qoi-textures_pk/002499_pkw_wall11g_1c852c8e1730.png","qoi-textures_pk","256","256","65536","1c852c8e173076db1535942e7477e957ad3e59f4d0370ba5f14caaace50e6148"
"qoi-textures_pk/002500_pkw_wall11h_bfcc2ffbe288.png","qoi-textures_pk","256","256","65536","bfcc2ffbe28865755994cda8ccaeebff943183daa6a6cba41df36887d03b929b"
"qoi-textures_pk/002501_pkw_wall11i_7ccb7eac87ca.png","qoi-textures_pk","256","256","65536","7ccb7eac87ca73ef66b02827a33abab285ad6c7d9cfdb28cbcabae8bb930e435"
"qoi-textures_pk/002502_pkw_wall11j_da2a86a4ac06.png","qoi-textures_pk","256","256","65536","da2a86a4ac06242929646f8342c616c84f3d15e37a76bcf424706a7004197568"
"qoi-textures_pk/002503_pkw_wall11k_8a554c353fc3.png","qoi-textures_pk","256","256","65536","8a554c353fc3781957b7fc2fb0c6975537a674b8838f8e8c29a2f234bbe33971"
"qoi-textures_pk/002504_pkw_winlay01a_89821b4a48bb.png","qoi-textures_pk","256","256","65536","89821b4a48bb6c77c22434cb5b28a32f89e1053d3376fca920645fc245c34e66"
"qoi-textures_pk/002505_pkw_winlay01b_4f797e79c7f6.png","qoi-textures_pk","256","256","65536","4f797e79c7f64d37c09b5bbdacd0f0981a1966384b2ffbe58ec5e0d1f1122ddf"
"qoi-textures_pk/002506_pkw_winlay03a_9d1387ff9b0c.png","qoi-textures_pk","256","256","65536","9d1387ff9b0ccd95b2c2c59941e7f0588f5086bc126174999534927272335a09"
"qoi-textures_pk/002507_pkw_winlay03b_882413dc082a.png","qoi-textures_pk","256","256","65536","882413dc082a988a8d430d540057519a59270d0b507f15bcfa99372b7b769095"
"qoi-textures_pk/002508_pkw_winlay04a_b1d86e67cb12.png","qoi-textures_pk","256","256","65536","b1d86e67cb123767feb2b9683a190a25c3747f25acde22721134e5bf5e721e0b"
"qoi-textures_pk/002509_pkw_winlay04b_5ae095832b54.png","qoi-textures_pk","256","256","65536","5ae095832b542f1d70843d19225a9f208f6a79b8e00ea8b539a1319e194686f4"
"qoi-textures_pk/002510_pkw_winlay06_7440191267c4.png","qoi-textures_pk","256","256","65536","7440191267c4fbb93f705fd4ff3b76e0290fb3b9c8dd399edce9f39a3fdb7ff9"
"qoi-textures_pk/002511_pkw_winlay07a_7022df35ea22.png","qoi-textures_pk","256","256","65536","7022df35ea22e26e2dbac26881b894954086b440f6a4a77a46d5212b5219d389"
"qoi-textures_pk/002512_pkw_winlay07b_890923045637.png","qoi-textures_pk","256","256","65536","890923045637a966f6ee57eca8342a67d2cf032ae26e3c74f6a56354dc65894c"
"qoi-textures_pk/002513_pkw_winlay10a_5057f8c2b920.png","qoi-textures_pk","256","256","65536","5057f8c2b92023f4d96099ceac680ff887a678448a7e8c832594b3383977d65f"
"qoi-textures_pk/002514_pkw_winlay10b_0ae21931f256.png","qoi-textures_pk","256","256","65536","0ae21931f2566ae0bad568cfcee295854b12a7c6f5f3c1ad14dfca4c8114face"
"qoi-textures_pk/002515_pkw_winlay11a_a7cdad9891e3.png","qoi-textures_pk","256","256","65536","a7cdad9891e39d9c02476f816bbf13f5b2e9995dede28d01759b25a5a7a44493"
"qoi-textures_pk/002516_pkw_winlay11b_82b968c0718b.png","qoi-textures_pk","256","256","65536","82b968c0718b8f1e02a91fe495a4832e2b176c6074d9427d97012408d4bb4a80"
"qoi-textures_pk/002517_pkw_wood01a_b9f39db6a040.png","qoi-textures_pk","64","64","4096","b9f39db6a0400fe3c248a8e1637fc284a5c8d05b40736331b212d92b2c8a7867"
"qoi-textures_pk/002518_pkw_wood01b_a25a58972539.png","qoi-textures_pk","256","128","32768","a25a58972539e133264000b8ce42ac7ed5a0eac4e3eb70e71517f763602cc571"
"qoi-textures_pk/002519_pkw_wood02_634107ae71e5.png","qoi-textures_pk","64","256","16384","634107ae71e5d93f5885093b4807b3aebd8b3b1771204fdbd7a7aa08dd48cb42"
"qoi-textures_pk/002520_pkw_wooden01_09327ecbc7b5.png","qoi-textures_pk","16","128","2048","09327ecbc7b5b2c4ab405b6a10daf02fd4c3c9339e7be58e70382354861c7370"
"qoi-textures_pk/002521_pkwall1a_7b21508194d2.png","qoi-textures_pk","512","512","262144","7b21508194d2f6e7534cc863372e04be697e44c3fa3d34f920944306c2d5c564"
"qoi-textures_pk/002522_pkwall1b_20b7c3005a74.png","qoi-textures_pk","512","512","262144","20b7c3005a741a43e8e3da73fb141ac89078f93fe0f14241ed1d6677b1d36e12"
"qoi-textures_pk/002523_scroll_modwater_c9ae16ec961a.png","qoi-textures_pk","256","256","65536","c9ae16ec961afc3c83404f99cdecc253143381bb7c28b2a0c4df3c7400e021eb"
"qoi-textures_pk/002524_snowdoor1_ce04d3b3e5b5.png","qoi-textures_pk","64","128","8192","ce04d3b3e5b58ced214a45b4d865ab0256a93078760e392dd4783212b3c014db"
"qoi-textures_pk/002525_snowdoor2_df7b52ed2e0f.png","qoi-textures_pk","64","128","8192","df7b52ed2e0f5be2d56bafaf57d638a13c92e453ca79ba9e1655581cc051edc4"
"qoi-textures_pk/002526_snowwall_066a32f5a219.png","qoi-textures_pk","160","160","25600","066a32f5a21983dc7e58ba5b1f466fb362fdef2a2c0d2e6802620995ef727d83"
"qoi-textures_pk/002527_snowwall2_1d8e6922b4ce.png","qoi-textures_pk","160","160","25600","1d8e6922b4cea0484974bddf82868dca990dd2ef0e5b09ee861edf30f232b07e"
"qoi-textures_pk/002528_snowwall3_111990f57744.png","qoi-textures_pk","160","160","25600","111990f5774461fa1b33e599018469b400fe5ec4b9c2e6c430e01ab174610a0a"
"qoi-textures_pk/002529_snowwall4_3c899b980f0c.png","qoi-textures_pk","160","160","25600","3c899b980f0c2d6b8dce2d73d77b0ac6ac3462375a40a81feb607e7e567f1ef8"
"qoi-textures_pk/002530_SW_Bark01_cdf67168653b.png","qoi-textures_pk","32","64","2048","cdf67168653b4d77ca1e147b746f5169cd5bf7080d60b6be86bd39a2f0d46846"
"qoi-textures_pk/002531_SW_Boards01a_bdca6c33671f.png","qoi-textures_pk","128","256","32768","bdca6c33671fb28a892e923718cfe9a18b7dc2f5c671f4ac5fbc562961b4823c"
"qoi-textures_pk/002532_SW_Boards01b_b59c8c51dee3.png","qoi-textures_pk","128","256","32768","b59c8c51dee3576be5f2698062e6dffcf5b1e775d93d2da457c7a0c2677d7f86"
"qoi-textures_pk/002533_SW_Boards01c_72e17a94c745.png","qoi-textures_pk","128","256","32768","72e17a94c74531a121ba4e15411436862097a719872b64ab06767394096fef14"
"qoi-textures_pk/002534_SW_Cobble01_26ef1528ab67.png","qoi-textures_pk","160","96","15360","26ef1528ab67be1c408a696fa0faceca9b397c6fe16cd80a94a65b4dad6538bb"
"qoi-textures_pk/002535_SW_Crate01_386701198728.png","qoi-textures_pk","128","128","16384","3867011987282fc35742c8501c4daef1af2cbf1891a46ffc6410256e06a5cd2d"
"qoi-textures_pk/002536_SW_Crate02_47155ce36e30.png","qoi-textures_pk","128","128","16384","47155ce36e30eb176c8b68779cfd39a4894df32a8ddacbc3835617c0a2c4f0bd"
"qoi-textures_pk/002537_SW_CrateTop_c8b833b93e8d.png","qoi-textures_pk","128","128","16384","c8b833b93e8d1ee2e2b64e9a15246b552d9d885dbe8f0ee2d3f5f979191c8327"
"qoi-textures_pk/002538_SW_Door01a_e7d6438d9f03.png","qoi-textures_pk","64","128","8192","e7d6438d9f03f015086d2f805413c2545a687091407a9b1658f27b1f1af5c0d4"
"qoi-textures_pk/002539_SW_Door01b_a470e540f48e.png","qoi-textures_pk","64","128","8192","a470e540f48e095a7412afde7206646808f7f6fc27aa1bc51a6a961b58df935f"
"qoi-textures_pk/002540_SW_Door02_2b9d67923f2e.png","qoi-textures_pk","64","128","8192","2b9d67923f2e6b006b0e5e86e5ae071e61b5737d63252c016878d29335964e7c"
"qoi-textures_pk/002541_SW_Gate01_519ec18afcbc.png","qoi-textures_pk","256","256","65536","519ec18afcbca81a39e0eeaa4447b0d772de8abb5c707b478de66273e43d62b3"
"qoi-textures_pk/002542_SW_Gate02_4df737840164.png","qoi-textures_pk","256","256","65536","4df73784016400ae3b5b2503762c33fc43f578576626c224c5cb38232d2daaa8"
"qoi-textures_pk/002543_SW_Gate03_d0643e85356d.png","qoi-textures_pk","256","256","65536","d0643e85356de14147e25c94f047308c1b5cfb4a1449ae7c6f248c88cc85c5c4"
"qoi-textures_pk/002544_SW_Log01_aa868d030717.png","qoi-textures_pk","80","80","6400","aa868d03071714c1ac77c87eed785229c65541406335ab33567c1003c6baa3bd"
"qoi-textures_pk/002545_SW_Logs01_9e34aa56bd1a.png","qoi-textures_pk","128","128","16384","9e34aa56bd1a075d7de55bf1912a4b6ce6b0ef5b61d77f154bcde6eff89043ef"
"qoi-textures_pk/002546_SW_Rock01_e039f21c6851.png","qoi-textures_pk","256","256","65536","e039f21c6851d6342a8dfca8ed7bbba05d1af8a8ec5f84f832dcd19e5754aa45"
"qoi-textures_pk/002547_SW_Roof01_0376c78483ef.png","qoi-textures_pk","64","64","4096","0376c78483efefa15e7ff62baad7884d3e19960d0b1f9a69137f69d0ac75a531"
"qoi-textures_pk/002548_SW_Roof02_12cef74bab2e.png","qoi-textures_pk","64","64","4096","12cef74bab2e545d45101bad7bc1ee7be441833547baf2a7dd0038f9f21f3e60"
"qoi-textures_pk/002549_SW_Snow01a_b23a7e145c11.png","qoi-textures_pk","256","256","65536","b23a7e145c11a45639732bda7d2ff6a4203e617cc4a7119994d60d2c83549543"
"qoi-textures_pk/002550_SW_Snow01b_8095cc27c274.png","qoi-textures_pk","256","256","65536","8095cc27c2744e6c7789786bc6185231fa083d35d5bab0b526ec8479da2a27a3"
"qoi-textures_pk/002551_SW_Wall01a_084940dce679.png","qoi-textures_pk","256","256","65536","084940dce679ec8dab9457554a30fb19baf047b2fd27189e12681a548a6070eb"
"qoi-textures_pk/002552_SW_Wall01b_48739c6d91ae.png","qoi-textures_pk","256","256","65536","48739c6d91ae7cc8570f5e0807654b6d1a0013cf47366fd5dd49e779ce80854b"
"qoi-textures_pk/002553_SW_Wall01c_147538567594.png","qoi-textures_pk","256","256","65536","1475385675941375601e52d6c967e1cc03c11f3b29be2ae53e3d92d413356474"
"qoi-textures_pk/002554_SW_Wall02a_28972dd81111.png","qoi-textures_pk","256","128","32768","28972dd81111ae784a45bc0eca29a3390db93c222da6a68c9e38b25e5bf2f111"
"qoi-textures_pk/002555_SW_Wall02b_4a2e2185ba31.png","qoi-textures_pk","256","128","32768","4a2e2185ba313fee12c6d7e47c18b1e585fc5e87b4466884f31c67cba6ec8728"
"qoi-textures_pk/002556_SW_Wall03a_5a8b7b57c5f6.png","qoi-textures_pk","256","128","32768","5a8b7b57c5f609db4ac4ff099c5720da3b201e907162603b362a1d692ec50f30"
"qoi-textures_pk/002557_SW_Wall03b_49dbbd670624.png","qoi-textures_pk","256","128","32768","49dbbd6706243c1ea8d40768d3c238b0524a247339107dd0ca8268076bab35ad"
"qoi-textures_pk/002558_SW_Wall04a_9a32adc7e8a2.png","qoi-textures_pk","128","128","16384","9a32adc7e8a22df6bbc39b2ce9b1b3ac8eb7706739a3fd9ed49a498e4f08d619"
"qoi-textures_pk/002559_SW_Wall04b_4c2ad025bcb9.png","qoi-textures_pk","128","128","16384","4c2ad025bcb94b88d84c346cc94074d43c4b8f76043dab00313ca6622be031c6"
"qoi-textures_pk/002560_SW_Wall04c_60e414ecd1cd.png","qoi-textures_pk","256","128","32768","60e414ecd1cd8671ba9811c18e68e7b1b28ac6e471ed9fd063dcde510e1c30fc"
"qoi-textures_pk/002561_SW_Wall05a_14bfa6c5d677.png","qoi-textures_pk","128","128","16384","14bfa6c5d6772c2e261c80ccca304d72a1cadc71f72abaf37f69e5644a98f0b6"
"qoi-textures_pk/002562_SW_Wall05b_6129ebb5bdb3.png","qoi-textures_pk","128","128","16384","6129ebb5bdb3c17a9fda9c9e4a2bbd587db58f5fe8f727042fb572dad0074ee8"
"qoi-textures_pk/002563_SW_Window01a_0b2fbe248182.png","qoi-textures_pk","32","64","2048","0b2fbe24818270384140b56ce6e1093ec5db73470e2a93308261d08789b2c38f"
"qoi-textures_pk/002564_SW_Window01b_99c8e9b5d31b.png","qoi-textures_pk","32","64","2048","99c8e9b5d31b0ad9166c2b1e8b2d9cddd83c1a633499cc6c73612c41899059d5"
"qoi-textures_pk/002565_SW_Wood01_177cd6a72964.png","qoi-textures_pk","128","32","4096","177cd6a72964c5c15457e0b93f29827c5bc24652a258736e9e156dd696406248"
"qoi-textures_pk/002566_ts_tilez1a_9b4a02d6707d.png","qoi-textures_pk","256","256","65536","9b4a02d6707d81424843f6ef90186e46a0913946582c03e8fae1843ac7e7b508"
"qoi-textures_pk/002567_ts_tilez1b_fdd26b4c21e5.png","qoi-textures_pk","256","256","65536","fdd26b4c21e534f22ea06f3583162e453c411fe93f3c9488d9592ceaebbb1df2"
"qoi-textures_pk01/002568_pk01_door01_add_3cba16af9311.png","qoi-textures_pk01","256","512","131072","3cba16af9311bdce046064563d577999cb4870aa1d61bef6f153d8e49f720794"
"qoi-textures_pk01/002569_pk01_door01_local_e432c7e13584.png","qoi-textures_pk01","256","512","131072","e432c7e13584d938cd16cbe3913b48f9711e1c6edf0208330c580e47df894018"
"qoi-textures_pk01/002570_pk01_door01_s_7e73d93c6abd.png","qoi-textures_pk01","256","512","131072","7e73d93c6abdd800930bb228e5d42d46650109cc99cb63bd907eae6e0d6995ac"
"qoi-textures_pk01/002571_pk01_door01a_d_8e6fed167eab.png","qoi-textures_pk01","256","512","131072","8e6fed167eab80ed9dafcfb32c98ad91f9ff432829d1598cda85b297ac8c4a52"
"qoi-textures_pk01/002572_pk01_door01b_d_05ee33d78710.png","qoi-textures_pk01","256","512","131072","05ee33d78710295bf874b8e6f5db6525ad9dbad0f60181415a111e7906d297db"
"qoi-textures_pk01/002573_pk01_floor01_local_2235b2662349.png","qoi-textures_pk01","512","512","262144","2235b266234933e25eb447a2d6e1cb090d3f545f63d6273cd7e829acc5726351"
"qoi-textures_pk01/002574_pk01_floor01_s_f2f80f031acc.png","qoi-textures_pk01","512","512","262144","f2f80f031acc8e745b9d5e210a30b73721159aad8378de6f0fa2597e8f98c90e"
"qoi-textures_pk01/002575_pk01_floor01a_d_098e913cff5c.png","qoi-textures_pk01","512","512","262144","098e913cff5c2526f47438cc90c1764f05b8546874bcd2f2ca33b694971e2696"
"qoi-textures_pk01/002576_pk01_floor01b_d_3751ca950939.png","qoi-textures_pk01","512","512","262144","3751ca950939df25a08b60a38c1c29dd0ab3b49e33f63891aa29ac45f568122a"
"qoi-textures_pk01/002577_pk01_floor02_local_eb3b209aa648.png","qoi-textures_pk01","256","256","65536","eb3b209aa6483b114576dfa3cbd030f8670c923aa32d4f4ae4a09db57892ccfb"
"qoi-textures_pk01/002578_pk01_floor02_s_c91580123e25.png","qoi-textures_pk01","256","256","65536","c91580123e25622b06d395e8cf620487f781e2d0ef7299059d9b690c6a34bde8"
"qoi-textures_pk01/002579_pk01_floor02a_d_c61a9e404c8e.png","qoi-textures_pk01","256","256","65536","c61a9e404c8e2ba1caa329f0a406945027bf94f2a85506cdcb1c39cccd04f723"
"qoi-textures_pk01/002580_pk01_floor02b_d_2a8a646d17bc.png","qoi-textures_pk01","256","256","65536","2a8a646d17bcfb9c88095760b6a0036aae19c3484b827134057629365fa04f65"
"qoi-textures_pk01/002581_pk01_gra_floor01_d_d8f9cae6197f.png","qoi-textures_pk01","256","512","131072","d8f9cae6197f635c1fa9356fcceef1d2ae788bc80f1073d0344dce55e91af71b"
"qoi-textures_pk01/002582_pk01_gra_floor01_local_fc26239fba46.png","qoi-textures_pk01","256","512","131072","fc26239fba465265770d2f5a5770f9aa1a7c729bb55afbf9a8129845bc3b5f55"
"qoi-textures_pk01/002583_pk01_gra_floor01_s_f1fa244e7c89.png","qoi-textures_pk01","256","512","131072","f1fa244e7c89f14d348494870c60b8956853963fbf0dc33f9416c0a021ddc99a"
"qoi-textures_pk01/002584_pk01_gra_floor02_d_d05ead08c0e9.png","qoi-textures_pk01","256","256","65536","d05ead08c0e9706ba938363ca8112ead315f78a6fc786dfcf91e92acf6bb24fb"
"qoi-textures_pk01/002585_pk01_gra_floor02_local_32c3505b849c.png","qoi-textures_pk01","256","256","65536","32c3505b849c52957a9b4bf7be928294551c6d6ca621a054130e2da6d93bdb43"
"qoi-textures_pk01/002586_pk01_gra_floor02_s_d1801bad70e6.png","qoi-textures_pk01","256","256","65536","d1801bad70e6d9e039f1031e26af854446ca23eedb20c2dc2549e5cffb7a0ec3"
"qoi-textures_pk01/002587_pk01_pan_floor01_local_e4e0d3a64773.png","qoi-textures_pk01","256","256","65536","e4e0d3a64773644aae34945855e5b810b9ee6a4088db9df20f08e484d4ac28d0"
"qoi-textures_pk01/002588_pk01_pan_floor01_s_bb9b094645ac.png","qoi-textures_pk01","256","256","65536","bb9b094645ac0d1334e2b516043c2065003f96e6eb6403c747df93230a145755"
"qoi-textures_pk01/002589_pk01_pan_floor01a_d_6347421f98f0.png","qoi-textures_pk01","256","256","65536","6347421f98f0eabb2c993634fc6dc62823df39bbd8e4d30b18802e782d4f0736"
"qoi-textures_pk01/002590_pk01_pan_floor01b_d_73416397409c.png","qoi-textures_pk01","256","256","65536","73416397409c230b220fb0767513e46c0cc081e9cac7ed17cc9873536fcccfdf"
"qoi-textures_pk01/002591_pk01_pan_floor02_local_be33c1431b35.png","qoi-textures_pk01","256","256","65536","be33c1431b3575221729e0f3d04b4ee61bdd1e284eba2d28568a39c551b50b56"
"qoi-textures_pk01/002592_pk01_pan_floor02_s_6e77bda86d6e.png","qoi-textures_pk01","256","256","65536","6e77bda86d6e21dbe9e79853fc8b4979ae960d3acc57a50f9b4ffa246fb934fe"
"qoi-textures_pk01/002593_pk01_pan_floor02a_d_85bb1f05788b.png","qoi-textures_pk01","256","256","65536","85bb1f05788b56ad560fca7a1b51d58d3fe4d53c12e48c04952c905bc7e53d9f"
"qoi-textures_pk01/002594_pk01_pan_floor02b_d_13f7c4f46c92.png","qoi-textures_pk01","256","256","65536","13f7c4f46c9293459e36484523bf2a7cab9497aa461d93291fb2f089d536e524"
"qoi-textures_pk01/002595_pk01_pan_trim01_d_001090622471.png","qoi-textures_pk01","128","512","65536","00109062247109678f99deda29d6f05795ee553de149b4c9926a38447c3830ff"
"qoi-textures_pk01/002596_pk01_pan_trim01_local_a58b4fa09ef1.png","qoi-textures_pk01","128","512","65536","a58b4fa09ef11a9cbeb977a4da22609170864634e9dde0dd676e8b32266c0110"
"qoi-textures_pk01/002597_pk01_pan_trim01_s_1681e2d46ba1.png","qoi-textures_pk01","128","512","65536","1681e2d46ba1b80d4e33b12bc450a5d0ca95b302db7d14b7ce2c2355ac4bb9a5"
"qoi-textures_pk01/002598_pk01_pan_wall01_d_1ee25d7f567d.png","qoi-textures_pk01","512","512","262144","1ee25d7f567df8dd4bcf10e246453710dc102ab5f3148e4ab3f081659cba05af"
"qoi-textures_pk01/002599_pk01_pan_wall01_local_17f1d6400e4d.png","qoi-textures_pk01","512","512","262144","17f1d6400e4d09453b6daba3e29923aca4e2f36036ddc888120802b99d1af40c"
"qoi-textures_pk01/002600_pk01_pan_wall02a_local_444eda33cf54.png","qoi-textures_pk01","256","512","131072","444eda33cf549a9a47a114f2079258785bd0377d37e358525c1f79bcdf7f18c5"
"qoi-textures_pk01/002601_pk01_pan_wall02a_s_084c4226237b.png","qoi-textures_pk01","256","512","131072","084c4226237bfeb577aa2aac0eb54e1265f4ff9d2891b41df6fa430aab4a1631"
"qoi-textures_pk01/002602_pk01_pan_wall02a1_d_7bcfe39d3129.png","qoi-textures_pk01","256","512","131072","7bcfe39d3129ab01241afa7edca0bf9977153ad552d23dc520f9db0ff3c10d79"
"qoi-textures_pk01/002603_pk01_pan_wall02a2_d_07f0eee3c552.png","qoi-textures_pk01","256","512","131072","07f0eee3c5528ab0d80f055c949c4e924d1eff2c3987c68ac335ad4e335f98eb"
"qoi-textures_pk01/002604_pk01_pan_wall02b_local_5f0532b7eb03.png","qoi-textures_pk01","256","512","131072","5f0532b7eb0372267dc3ad5a52d18a7272c6d8f6b0f25427489bd7c0a743af16"
"qoi-textures_pk01/002605_pk01_pan_wall02b_s_4186c96cebfd.png","qoi-textures_pk01","256","512","131072","4186c96cebfde185b5805076edc214d00fff42712c9202539a8e4ffa055d5851"
"qoi-textures_pk01/002606_pk01_pan_wall02b1_d_e61f4095ec8c.png","qoi-textures_pk01","256","512","131072","e61f4095ec8ce37cc175c6f6fb7c55556daf8bfadb030267d03e706354370787"
"qoi-textures_pk01/002607_pk01_pan_wall02b2_d_cfbf83cad3d2.png","qoi-textures_pk01","256","512","131072","cfbf83cad3d2dd31f749becc3a5df0871003556255e40381c5b5e315ba30ced3"
"qoi-textures_pk01/002608_pk01_panel_small01_add_b3bf76095bed.png","qoi-textures_pk01","256","256","65536","b3bf76095bed3842353db2d3435a7765525ad2ed476c6fe6a6833c681a6d51cd"
"qoi-textures_pk01/002609_pk01_panel_small01_d_542122abf63a.png","qoi-textures_pk01","256","256","65536","542122abf63a119bc81f7bcf129c436eff165740dd97dbc717fe627566ecbc7f"
"qoi-textures_pk01/002610_pk01_panel_small01_local_afbf3eb594db.png","qoi-textures_pk01","256","256","65536","afbf3eb594db5804cb23dee853fd6a31a5a07c28acb04f4bb8b4f90b7f5a6b92"
"qoi-textures_pk01/002611_pk01_panel_small01_s_4a7b8d2c2a8b.png","qoi-textures_pk01","256","256","65536","4a7b8d2c2a8bb3bed767b6b54ad3cd59dd6a64fbc06b13003a418e403677298a"
"qoi-textures_pk01/002612_pk01_panel_small02_add_4d3407c8c42d.png","qoi-textures_pk01","256","256","65536","4d3407c8c42d553bd408167c7e0cdecfed492b1567af1ae22b11eaec213561ae"
"qoi-textures_pk01/002613_pk01_panel_small02_d_f4d982e010b5.png","qoi-textures_pk01","256","256","65536","f4d982e010b5b418ef2057d9cd232fcf387a46ea4c8c05ee4de38e5ea10b4e26"
"qoi-textures_pk01/002614_pk01_panel_small02_local_b226a4d6d528.png","qoi-textures_pk01","256","256","65536","b226a4d6d528266573d6ab7bdba3046f21fb2b5c4109a09cbf1257c658e32a41"
"qoi-textures_pk01/002615_pk01_panel_small02_s_e8402d238a49.png","qoi-textures_pk01","256","256","65536","e8402d238a490073b8317d7df9044b55dd4fbef08142bf59678bd356c09d2b66"
"qoi-textures_pk01/002616_pk01_panel01_local_88c0b24c54e3.png","qoi-textures_pk01","256","512","131072","88c0b24c54e3363374c46ccfbde6728869ffc8c1f8fb89e1a4753f2d229763f9"
"qoi-textures_pk01/002617_pk01_panel01_s_2ad2aa6f703f.png","qoi-textures_pk01","256","512","131072","2ad2aa6f703f3f16dd8b37d067223aeb25696eff5d5e857280ae7e458597dd3b"
"qoi-textures_pk01/002618_pk01_panel01a_add_c76c29c8a6cf.png","qoi-textures_pk01","256","512","131072","c76c29c8a6cf30a18d8a23eaf5b9cfa222682e00474cd118ba510173ce341a5c"
"qoi-textures_pk01/002619_pk01_panel01a_d_4b2fb7f339a2.png","qoi-textures_pk01","256","512","131072","4b2fb7f339a25e5e877ca07be3c7ba6ac2abcec1fedaab52f94aa6f22038704f"
"qoi-textures_pk01/002620_pk01_panel01b_add_e55ed32ffb2e.png","qoi-textures_pk01","256","512","131072","e55ed32ffb2eda76241efbfaeeb9a5ec6680c4671bbe8c3b484af6597b36af8e"
"qoi-textures_pk01/002621_pk01_panel01b_d_a08e347ee16c.png","qoi-textures_pk01","256","512","131072","a08e347ee16cabe96c03d60cca3d4e766765e718ba06109423c78d4964b2eb75"
"qoi-textures_pk01/002622_pk01_panel02_add_87f7efadd6fc.png","qoi-textures_pk01","256","512","131072","87f7efadd6fc4188f92425905706aa9b3194aa55121a1a1c52bcacedcbbd2005"
"qoi-textures_pk01/002623_pk01_panel02_d_9ad3de62f3a5.png","qoi-textures_pk01","256","512","131072","9ad3de62f3a5dc10aa28255df9bb0618ce38d93166f5542423999e7ba4093b73"
"qoi-textures_pk01/002624_pk01_panel02_local_13644730977a.png","qoi-textures_pk01","256","512","131072","13644730977a39b10615512c9b8deec5f73e3fc1489cbb821db6e8a762879b61"
"qoi-textures_pk01/002625_pk01_panel02_s_507f47c5937e.png","qoi-textures_pk01","256","512","131072","507f47c5937e9263fcbbe95b6aa85e35ae96dc54cb6956f981f783e76df28c35"
"qoi-textures_pk01/002626_pk01_panel02a_add_e52650c8d3fb.png","qoi-textures_pk01","256","512","131072","e52650c8d3fb1c1cda6eb28eb05573cfe21f6b9239ee912e1c11d4c84f8d1e74"
"qoi-textures_pk01/002627_pk01_panel03_local_f45d4346e253.png","qoi-textures_pk01","256","512","131072","f45d4346e25383ebd266c545a2d8905f06e67740512547a403c86b5eb7123171"
"qoi-textures_pk01/002628_pk01_panel03_s_d2cfbc87e27f.png","qoi-textures_pk01","256","512","131072","d2cfbc87e27fe92272c5ecb751c982e580ca6b5b9f543e7be279c85b1f14ccfb"
"qoi-textures_pk01/002629_pk01_panel03a_add_3aa5bcc04beb.png","qoi-textures_pk01","256","512","131072","3aa5bcc04beb74f3e12893312f70df8a061d029b9b50f115bed1771ef7b45e31"
"qoi-textures_pk01/002630_pk01_panel03a_d_3c492bcee59b.png","qoi-textures_pk01","256","512","131072","3c492bcee59bb4ca6bb623addede022347f552fc2da41071fc7a738a1a63ab6f"
"qoi-textures_pk01/002631_pk01_panel03b_add_5f4e3b7133b8.png","qoi-textures_pk01","256","512","131072","5f4e3b7133b849939eab96b2ae9124c0bb97c21554bbcd9bd4416edb216d059c"
"qoi-textures_pk01/002632_pk01_panel03b_d_bd865e733e0c.png","qoi-textures_pk01","256","512","131072","bd865e733e0c865d6594e2ae6248a4643b03137de6d1647e5a956c8dc9190b84"
"qoi-textures_pk01/002633_pk01_roof01_d_6461f1743a77.png","qoi-textures_pk01","512","512","262144","6461f1743a777baa95fc201bafea997d7b5595d224a4a64c256156c909c97f27"
"qoi-textures_pk01/002634_pk01_roof01_local_a05d358c325b.png","qoi-textures_pk01","512","512","262144","a05d358c325be75f7d8de9ef156546492d33d5213133c4303914cfd5980032d9"
"qoi-textures_pk01/002635_pk01_roof01_s_867a27d0d33f.png","qoi-textures_pk01","512","512","262144","867a27d0d33f2142313b0921a017c6a8dae5702bfc6c523d69d610b98c4af478"
"qoi-textures_pk01/002636_pk01_thin_wall01_local_fb6644ced979.png","qoi-textures_pk01","128","512","65536","fb6644ced979525c00f4617c44a0abc070fabb956e0496ba831ddd28ee719b07"
"qoi-textures_pk01/002637_pk01_thin_wall01_s_66309f70900d.png","qoi-textures_pk01","128","512","65536","66309f70900df554c4e94d9cd154a89ab5fb9c26547f7c441a8183a3dc294f7b"
"qoi-textures_pk01/002638_pk01_thin_wall01a_d_d675860fce83.png","qoi-textures_pk01","128","512","65536","d675860fce83f15c89de40477d43c437b0891a6245e89f7aef1a42190534dee5"
"qoi-textures_pk01/002639_pk01_thin_wall01b_d_6edd88df38dd.png","qoi-textures_pk01","128","512","65536","6edd88df38dd0914ad17368907f3414829f62985459cf05ea4f39d0421f9a42e"
"qoi-textures_pk01/002640_pk01_thin_wall02_local_40c3ae3e71f4.png","qoi-textures_pk01","128","512","65536","40c3ae3e71f45af6d35ea05b02a2373aa00926ace640a53b7dbaff6446ee2c82"
"qoi-textures_pk01/002641_pk01_thin_wall02_s_48018b83dca2.png","qoi-textures_pk01","128","512","65536","48018b83dca2bb0139326a3af355b410cdc6d473a15e88af9566cf1bab2cedec"
"qoi-textures_pk01/002642_pk01_thin_wall02a_d_4df0d4e823bc.png","qoi-textures_pk01","128","512","65536","4df0d4e823bca98f5e58ac1c3ea925780a3940f87da8918beb22a709808cc0bd"
"qoi-textures_pk01/002643_pk01_thin_wall02b_d_22d5b8c0c36b.png","qoi-textures_pk01","128","512","65536","22d5b8c0c36bd9e1b33e12b90e22c743e052da024f44f457ef41d898aa1db8d5"
"qoi-textures_pk01/002644_pk01_tile_floor01_local_f5a21cabd677.png","qoi-textures_pk01","256","512","131072","f5a21cabd677b3cec5fcc84e20799b2832b1159f0f440feef2d49ffa895c6256"
"qoi-textures_pk01/002645_pk01_tile_floor01_s_4fb483133e8c.png","qoi-textures_pk01","256","512","131072","4fb483133e8cf68b14417b5d414904d901804e80b7302980c036d8ebe2bc91ba"
"qoi-textures_pk01/002646_pk01_tile_floor01a_d_533e5bb95c8a.png","qoi-textures_pk01","256","512","131072","533e5bb95c8ade39e0b7eec350af5b67d2634ff4a5739b573b24322bd0742bef"
"qoi-textures_pk01/002647_pk01_tile_floor01b_d_9178a78e723c.png","qoi-textures_pk01","256","512","131072","9178a78e723c0ba8781ab8a8bdca7d129dab73d91b79863844d21d9e0e5a5136"
"qoi-textures_pk01/002648_pk01_trims01_local_b34a33573bd8.png","qoi-textures_pk01","256","512","131072","b34a33573bd8f43a32c5c5493244fc907e82acdd2d7cd921151ceaff26d6869a"
"qoi-textures_pk01/002649_pk01_trims01_s_23265177be49.png","qoi-textures_pk01","256","512","131072","23265177be495cd9092f3177d656074b27a677089bdc509cd126d324b99c4f8e"
"qoi-textures_pk01/002650_pk01_trims01_spec_1a7aac5cb784.png","qoi-textures_pk01","256","512","131072","1a7aac5cb784e92231e22f915836ccef8ef057375195a2f827e5bf0dd1d7d3b8"
"qoi-textures_pk01/002651_pk01_trims01a_d_66b45076d9eb.png","qoi-textures_pk01","256","512","131072","66b45076d9eb3d4ff96f8117117d73e003acc2328af7ff38ca97d411eb981ca0"
"qoi-textures_pk01/002652_pk01_trims01b_add_7e3e1695dcda.png","qoi-textures_pk01","256","512","131072","7e3e1695dcdafca82b8bbb0a19e883c8af3a1d8587b1add0fc4e453e9fe27b26"
"qoi-textures_pk01/002653_pk01_trims01b_d_dbd9a183cd48.png","qoi-textures_pk01","256","512","131072","dbd9a183cd48581bbd3705e292eaa781e59f8dde6d38a90cd342720c7235b06d"
"qoi-textures_pk01/002654_pk01_vent_wall01_local_c95abcc314f6.png","qoi-textures_pk01","256","512","131072","c95abcc314f6d732e030352fc94603bbb1e9e25e69595d2d20aaccd4d59a5244"
"qoi-textures_pk01/002655_pk01_vent_wall01_s_e9a720363adb.png","qoi-textures_pk01","256","512","131072","e9a720363adba43bc4c0e7cf3cdf33712be9156836f7c99413354c7d5251627f"
"qoi-textures_pk01/002656_pk01_vent_wall01a_d_058d1b6d4872.png","qoi-textures_pk01","256","512","131072","058d1b6d4872715b94c138d2f6f11663a41a14f77a2fd0b3a569ffd1306e4906"
"qoi-textures_pk01/002657_pk01_vent_wall01b_d_fb94b27481bd.png","qoi-textures_pk01","256","512","131072","fb94b27481bd7c3968c20cee53ffd981f76cac6ca83f689e1949e7d68d03b856"
"qoi-textures_pk01/002658_pk01_vent_wall02_d_d59f47ec2ef7.png","qoi-textures_pk01","256","512","131072","d59f47ec2ef708fe840a4560320ca295d89ae1cf00d6dd6ed9e3dec73a70197a"
"qoi-textures_pk01/002659_pk01_vent_wall02_local_09594c7cad00.png","qoi-textures_pk01","256","512","131072","09594c7cad00aa214bb87d13adb04dcdb905c02739757e88fabc8d0937336302"
"qoi-textures_pk01/002660_pk01_vent_wall02_s_0a6c3e0cc452.png","qoi-textures_pk01","256","512","131072","0a6c3e0cc452362d431a00ff256afd23ec859ce5e5f0de243c5fde496424905e"
"qoi-textures_pk01/002661_pk01_vent_wall03_d_fa5b71931f0c.png","qoi-textures_pk01","512","512","262144","fa5b71931f0c7908993d7fae1216af97efa69b8b68213c5826dba66e9c86b2e2"
"qoi-textures_pk01/002662_pk01_vent_wall03_local_ae4d11a2709e.png","qoi-textures_pk01","512","512","262144","ae4d11a2709e35c4ae3cf06f31f82c831c033d589c30666c6f1d08bdcaf41266"
"qoi-textures_pk01/002663_pk01_vent_wall03_s_336028874b8b.png","qoi-textures_pk01","512","512","262144","336028874b8bb5d34715ad8d52effefaf7cc76ad62dfe9a328a8ef29fa4f9f86"
"qoi-textures_pk01/002664_pk01_wall01_d_bf617a9e4f6a.png","qoi-textures_pk01","256","512","131072","bf617a9e4f6ae5706ff90657e2918b544e1789298b1da614022a46ab1e259a85"
"qoi-textures_pk01/002665_pk01_wall01_local_94379d9e556a.png","qoi-textures_pk01","256","512","131072","94379d9e556a29fcc3dcfd999fe450c98feed457a6de7eb2d782ab4a8a242061"
"qoi-textures_pk01/002666_pk01_wall01_s_fb134892b7cf.png","qoi-textures_pk01","256","512","131072","fb134892b7cfaff0cb7f2e8d9672ad728de3bf65c0c8a70a23f4a2638a7132fb"
"qoi-textures_pk01/002667_pk01_wall02_local_777ad304bc58.png","qoi-textures_pk01","256","512","131072","777ad304bc5803d51758167f70f7320d2908dfbf0af643298be961490c498019"
"qoi-textures_pk01/002668_pk01_wall02_s_be0a0b980fdf.png","qoi-textures_pk01","256","512","131072","be0a0b980fdfe1b1838d10f99e53e864b63357bcb5c8f555a6337005a6a0b070"
"qoi-textures_pk01/002669_pk01_wall02a_d_8bf55b75e706.png","qoi-textures_pk01","256","512","131072","8bf55b75e7061da11c1d04328b61eba74ad7ae1c38f9e8c9fb7ce24eeba7845e"
"qoi-textures_pk01/002670_pk01_wall02b_d_9632ff9293f3.png","qoi-textures_pk01","256","512","131072","9632ff9293f37b8b6dd3e2088beaac3bbfaf8582114f068a3499f7c5c9cfa2da"
"qoi-textures_pk01/002671_pk01_wall03_local_9e02300f1441.png","qoi-textures_pk01","512","512","262144","9e02300f144190121e26e36bc7ecdc10283b40ddb989af3f3b8182cd78d5d56c"
"qoi-textures_pk01/002672_pk01_wall03_s_e5a25ae3ce51.png","qoi-textures_pk01","512","512","262144","e5a25ae3ce5179ee0b9c2c04f8a5a738d8ab82683423e8f322a6b257dccc59cc"
"qoi-textures_pk01/002673_pk01_wall03a_d_3d2c268dd7ba.png","qoi-textures_pk01","512","512","262144","3d2c268dd7ba5f2ef12250532eb23f14ea9bcf67919bcee3da0e54f79621878d"
"qoi-textures_pk01/002674_pk01_wall03b_d_268521711cf1.png","qoi-textures_pk01","512","512","262144","268521711cf151096c6950c1dc6719ab000119401b7e3d853f439fff9973b2cd"
"qoi-textures_pk01/002675_pk01_wall04a_d_2fa9ee43a4de.png","qoi-textures_pk01","256","512","131072","2fa9ee43a4de960dae1f2f2c8894231600082f5aa958e0ccfae865b4aabf73a4"
"qoi-textures_pk01/002676_pk01_wall04a_local_cc6862e06bce.png","qoi-textures_pk01","256","512","131072","cc6862e06bce09462b91c0f628eb55a4ed875e30ff25b81991bc04baa7baf6c0"
"qoi-textures_pk01/002677_pk01_wall04a_s_d9b31641013b.png","qoi-textures_pk01","256","512","131072","d9b31641013b4e0f10e077187601c04c81348dede4d330fdbc72f6c9744e09ab"
"qoi-textures_pk01/002678_pk01_wall04b_d_ecfedb09325e.png","qoi-textures_pk01","256","512","131072","ecfedb09325e838e48c7a42cf4af82ac63a7b4a70759114f937cc241b5e9cc0f"
"qoi-textures_pk01/002679_pk01_wall04b_local_f6746b823aad.png","qoi-textures_pk01","256","512","131072","f6746b823aadb1976a4e865eb41217d5ecbf2ed0946f62b162869007e3157e5c"
"qoi-textures_pk01/002680_pk01_wall04b_s_7a5eb5508165.png","qoi-textures_pk01","256","512","131072","7a5eb5508165a296214d87652b6b626f5e522f518aa3f580ed6fb813eec757f1"
"qoi-textures_pk02/002681_pk02_ceiling02_C_c9502623d7b0.png","qoi-textures_pk02","256","512","131072","c9502623d7b02f521eae7634ebcaa79bc0ba30178796b914e1d324ef65d57ed3"
"qoi-textures_pk02/002682_pk02_ceiling02_I_78138b4eeae0.png","qoi-textures_pk02","256","512","131072","78138b4eeae0c845cd1a5c6fac17f34c803097d390131c7791cc3646488e0cb5"
"qoi-textures_pk02/002683_pk02_ceiling02_N_ca900c736e34.png","qoi-textures_pk02","256","512","131072","ca900c736e3419c377ec88f40165a8342bebb13013d30b361688b1a519b37a53"
"qoi-textures_pk02/002684_pk02_ceiling02_S_b9f48061bd59.png","qoi-textures_pk02","256","512","131072","b9f48061bd598154d337376360f59bb3bb930d457c0aae2b097550ce76dd05b3"
"qoi-textures_pk02/002685_pk02_ceiling03_C_5e67dbec27be.png","qoi-textures_pk02","512","512","262144","5e67dbec27be4b051abb86dd23362377db067caebf70eb3b72eb8f6d52c722f7"
"qoi-textures_pk02/002686_pk02_ceiling03_N_598c27cc2920.png","qoi-textures_pk02","512","512","262144","598c27cc2920b23cbe0a326287f7e0bfe9d0793dfe6f4a0bb5330cf5d2f958af"
"qoi-textures_pk02/002687_pk02_ceiling03_S_23165d258bf2.png","qoi-textures_pk02","512","512","262144","23165d258bf20277a900c8414e4c5d786570677877495c806bf477fb69239120"
"qoi-textures_pk02/002688_pk02_computer01a_C_c7d05aa7cb0d.png","qoi-textures_pk02","256","512","131072","c7d05aa7cb0db528590a9e7820c91c1f4c93e3a21152d1990f190e9688b2569a"
"qoi-textures_pk02/002689_pk02_computer01a_I_c21214b595cd.png","qoi-textures_pk02","256","512","131072","c21214b595cd55aeedbee04b3f9cd327971b3fef5fd03f5b26746b1e964e08d9"
"qoi-textures_pk02/002690_pk02_computer01a_N_08bd1d7f328a.png","qoi-textures_pk02","256","512","131072","08bd1d7f328ab8e7c9b6c5c56b3a2a2c55b780896c25b6d34fc8f8115acb676b"
"qoi-textures_pk02/002691_pk02_computer01a_S_9b48eac792b9.png","qoi-textures_pk02","256","512","131072","9b48eac792b9e552adbfbea46f98bbc839ae9bd60a4b7b3568c09eb976745e28"
"qoi-textures_pk02/002692_pk02_computer01b_C_7cd1d7f377e5.png","qoi-textures_pk02","256","512","131072","7cd1d7f377e5aa6aef0fa148eb7cb7484e88ce14244a2f4b303f2225746961d9"
"qoi-textures_pk02/002693_pk02_computer01b_I_8378fbf9dcc6.png","qoi-textures_pk02","256","512","131072","8378fbf9dcc632c55d6ba303764c760050455de31e5de801cb1c8aa5561628ba"
"qoi-textures_pk02/002694_pk02_computer01b_N_cf2a7b010b39.png","qoi-textures_pk02","256","512","131072","cf2a7b010b3925f75e0a59fc6e3681fe0b7324881858fc5bfd881bb0da22f180"
"qoi-textures_pk02/002695_pk02_computer01b_S_324b328f6559.png","qoi-textures_pk02","256","512","131072","324b328f65598129fa905dcc02973963574ff03f1a9777cb2f24561d4fd94917"
"qoi-textures_pk02/002696_pk02_computer01c_C_3eef61112ac5.png","qoi-textures_pk02","256","512","131072","3eef61112ac51ac0618925b77a9316f4de33c59f467dec13dac784324f3ab2fc"
"qoi-textures_pk02/002697_pk02_computer01c_I_19711c656690.png","qoi-textures_pk02","256","512","131072","19711c656690117cba259aad3afdab29971777ee764eb169c95f8895ae7331a4"
"qoi-textures_pk02/002698_pk02_computer01c_N_03a99afe8a35.png","qoi-textures_pk02","256","512","131072","03a99afe8a35b583e522472c3f7d4b30ebdcdc1d37a3a1877f98880696011105"
"qoi-textures_pk02/002699_pk02_computer01c_S_45a316e6f382.png","qoi-textures_pk02","256","512","131072","45a316e6f3828222284d5bd2db96f09f1a59e2c370a3c1b219c29861972095ce"
"qoi-textures_pk02/002700_pk02_dec_num00_a937e5535bc0.png","qoi-textures_pk02","256","512","131072","a937e5535bc0afa3faefb6aaf6e43f1679b5a43e36e40c4332e5c029abde2123"
"qoi-textures_pk02/002701_pk02_dec_num01_71e63b36ecab.png","qoi-textures_pk02","256","512","131072","71e63b36ecabeb00a33243fdf72468960772fbfafd3d3749c82b832f453319f7"
"qoi-textures_pk02/002702_pk02_dec_num02_d3ec58ecae66.png","qoi-textures_pk02","256","512","131072","d3ec58ecae660f64e259856b089eedd856f479606d389cb127061d4442ec9500"
"qoi-textures_pk02/002703_pk02_dec_num03_cf80e7274367.png","qoi-textures_pk02","256","512","131072","cf80e72743671c26ba2a7f576046abb2f427d0d5cb6d44285723e9cf339ca8e3"
"qoi-textures_pk02/002704_pk02_dec_num04_def44f04b7f3.png","qoi-textures_pk02","256","512","131072","def44f04b7f3624c0cb510f10d23681b80f251467922dd36d7131b051b654fde"
"qoi-textures_pk02/002705_pk02_dec_num05_80f9add5de7b.png","qoi-textures_pk02","256","512","131072","80f9add5de7b1d6d761a464e9ab548cfb76c324c4668aaf8e261abf31179001c"
"qoi-textures_pk02/002706_pk02_dec_num06_a2ececef71ed.png","qoi-textures_pk02","256","512","131072","a2ececef71eddad93849df7d834d836a0c1a95e278c2354e4f4b61f3d13d862f"
"qoi-textures_pk02/002707_pk02_dec_num07_0524b0ffca67.png","qoi-textures_pk02","256","512","131072","0524b0ffca67aea5266146b0dc835251454055fb71b538bc2ffad22a2ca2c0f8"
"qoi-textures_pk02/002708_pk02_dec_num08_f68b9bbc4b4a.png","qoi-textures_pk02","256","512","131072","f68b9bbc4b4af95ae69a940fd7053ba3305986f38ed3fe2113c545f7eb54fa48"
"qoi-textures_pk02/002709_pk02_dec_num09_91312c454c14.png","qoi-textures_pk02","256","512","131072","91312c454c14acf19514758297888e8e2960bb621748a52890a55c591082b9a1"
"qoi-textures_pk02/002710_pk02_dec_numA_b3b629f0328b.png","qoi-textures_pk02","256","512","131072","b3b629f0328b215892339cf78d5ada126730bc4781af420882ab8982832d5ec1"
"qoi-textures_pk02/002711_pk02_dec_numB_c7b615d066a7.png","qoi-textures_pk02","256","512","131072","c7b615d066a7f3ab4e554f6e1c37d62eeac161c517bb044d81b3137c65e6fb70"
"qoi-textures_pk02/002712_pk02_dec_numC_8e8045e4f785.png","qoi-textures_pk02","256","512","131072","8e8045e4f7850363164051a0eb0cb049c28d0636cb730aeb1fa632a6faf330ef"
"qoi-textures_pk02/002713_pk02_door01_C_59188ec18e3d.png","qoi-textures_pk02","512","512","262144","59188ec18e3dcca8ddbb9755a0e29b2a5d1422c13342c49ec67ee211edadabcb"
"qoi-textures_pk02/002714_pk02_door01_N_ab3ba8aea7e5.png","qoi-textures_pk02","512","512","262144","ab3ba8aea7e5366e635efbcf96fa10e9e8ac498c79fbb5bb9abb05ded076454b"
"qoi-textures_pk02/002715_pk02_door01_S_11132ab8ae55.png","qoi-textures_pk02","512","512","262144","11132ab8ae55230cb85a2902228cbd0d297d3830cf16533c728c98fc971ad6de"
"qoi-textures_pk02/002716_pk02_door02_C_4953e079f4b9.png","qoi-textures_pk02","256","512","131072","4953e079f4b99b9e456fe20fe0038d972cfc4c27bdd69ba28a9899b028b08356"
"qoi-textures_pk02/002717_pk02_door02_N_ac67840ce07c.png","qoi-textures_pk02","256","512","131072","ac67840ce07c36fe032ac3e79f643b20bc313998047e370ead8851d8af1dbda9"
"qoi-textures_pk02/002718_pk02_door02_S_ab4ca832b38a.png","qoi-textures_pk02","256","512","131072","ab4ca832b38a7bae4549b3ee1d84cebf1f7e0ec5bc9bc67c3afcd50690673bd3"
"qoi-textures_pk02/002719_pk02_door03_C_f19cc1206339.png","qoi-textures_pk02","256","512","131072","f19cc1206339c009d36c4d093caedc35906ca1ca2164cca1c6a659a05c187abc"
"qoi-textures_pk02/002720_pk02_door03_N_491278b35f66.png","qoi-textures_pk02","256","512","131072","491278b35f6625830f726b01dfcec8158bcbf12997f2be114c0de85ac75959c3"
"qoi-textures_pk02/002721_pk02_door03_S_76c9bfb9c287.png","qoi-textures_pk02","256","512","131072","76c9bfb9c2875eb5f83a34be51c4bd08d94b9b88a7dd94b921c2c0a482c5a2bc"
"qoi-textures_pk02/002722_pk02_floor_cyl01_C_18ce50a9ee70.png","qoi-textures_pk02","1024","1024","1048576","18ce50a9ee7020c0e914a05cd1b969020bc85c7fa4686faa7413baa667686918"
"qoi-textures_pk02/002723_pk02_floor_cyl01_N_aee2eb473545.png","qoi-textures_pk02","1024","1024","1048576","aee2eb4735450e3a892c016abbc96352eb5a13626b42e35a6a8065b8f974dee8"
"qoi-textures_pk02/002724_pk02_floor_cyl01_S_09ffaf1f34d0.png","qoi-textures_pk02","1024","1024","1048576","09ffaf1f34d08873684bcbf881f3fe973c0703d931e902e82b3e0c01c5978f26"
"qoi-textures_pk02/002725_pk02_floor_cyl02_C_df0ecd4333c2.png","qoi-textures_pk02","1024","1024","1048576","df0ecd4333c2459559be5e2ee973ad06e725f809806b30981d0d845dc8fd6133"
"qoi-textures_pk02/002726_pk02_floor_cyl02_N_1b07de993624.png","qoi-textures_pk02","1024","1024","1048576","1b07de993624d6dfdecb58e8e8d0357173571a0dbc8b9746a539975838264544"
"qoi-textures_pk02/002727_pk02_floor_cyl02_S_d5e25694a21f.png","qoi-textures_pk02","1024","1024","1048576","d5e25694a21f01288d59d324e32d26765eea9a1d6ea094f411f05372b5a67f1d"
"qoi-textures_pk02/002728_pk02_floor01_C_350aafbf398f.png","qoi-textures_pk02","512","512","262144","350aafbf398f4d809e290b02a00329c3a4880b45a53953262300732475b46a66"
"qoi-textures_pk02/002729_pk02_floor01_N_40742a23e40f.png","qoi-textures_pk02","512","512","262144","40742a23e40f20fae57df2eb5fbcde3b2dfddf71fb00df5b4a4fbc1b78405bd4"
"qoi-textures_pk02/002730_pk02_floor01_S_a0ca9be55bfb.png","qoi-textures_pk02","512","512","262144","a0ca9be55bfbe4f6b3f12b43b6ea42e2eb205f9a850e02b6d1fdf01a8af57c6f"
"qoi-textures_pk02/002731_pk02_floor02_C_680512d58ae2.png","qoi-textures_pk02","1024","1024","1048576","680512d58ae26b834dd1256b177fa82468dada8cd7849bbd4ba4ef89e23077a8"
"qoi-textures_pk02/002732_pk02_floor02_N_5f44cb66cc22.png","qoi-textures_pk02","1024","1024","1048576","5f44cb66cc22c1d0f941015ae3c2a3b5c523b07752b528732292c908137b9ee1"
"qoi-textures_pk02/002733_pk02_floor02_S_3b2b3ab5dd66.png","qoi-textures_pk02","1024","1024","1048576","3b2b3ab5dd66a57f2880944daa0f9ce6ebf64fd126e65a7cd31844022d4907cf"
"qoi-textures_pk02/002734_pk02_floor03_C_663323dd482e.png","qoi-textures_pk02","256","256","65536","663323dd482e38d7d8a429ddc23f788d7cf7bbb1b9da84f422ce62e376075c6d"
"qoi-textures_pk02/002735_pk02_floor03_N_2d33d93c7b8e.png","qoi-textures_pk02","256","256","65536","2d33d93c7b8ed2b01c9cfc8ac19af999e01aa8b80c235a3afedfb95af73dcf2b"
"qoi-textures_pk02/002736_pk02_floor03_S_ef8786037a25.png","qoi-textures_pk02","256","256","65536","ef8786037a256cb4e9b7c3e396f488821016c37bc0605b8b60dff2c8c1baf9e7"
"qoi-textures_pk02/002737_pk02_floor04_C_0e7ff7cfb8fc.png","qoi-textures_pk02","512","512","262144","0e7ff7cfb8fccd4dd22396e952b837abd0a0d8b6f58108893d545febc5b26fc3"
"qoi-textures_pk02/002738_pk02_floor04_N_fecc02c467cd.png","qoi-textures_pk02","512","512","262144","fecc02c467cd104540cc65603ce157330b3ffdcbd96452b20ea2e5fdfc6c09e7"
"qoi-textures_pk02/002739_pk02_floor04_S_e2df39982071.png","qoi-textures_pk02","512","512","262144","e2df39982071ff85a2c8d71554d4b0937bb25a9ea4ac8b902fc47d50a86aad77"
"qoi-textures_pk02/002740_pk02_floor05_C_51e61e319995.png","qoi-textures_pk02","512","512","262144","51e61e319995cea9afc842ef17173e0fcdb515f5c76b007e2ee21ce78eb0b7d1"
"qoi-textures_pk02/002741_pk02_floor05_N_0e94eca25bc1.png","qoi-textures_pk02","512","512","262144","0e94eca25bc108aa5ddbc54141c1d04b6005cd681165347f8e72ceaf632e6d83"
"qoi-textures_pk02/002742_pk02_floor05_S_8ede97791f7b.png","qoi-textures_pk02","512","512","262144","8ede97791f7bc06ade4002fd90702c37be17b8ecdace532550ee6f998615154c"
"qoi-textures_pk02/002743_pk02_floor06a_C_5317a5eaa1ef.png","qoi-textures_pk02","256","256","65536","5317a5eaa1efa732ddf2fa2be0d5c7cf902a1b1ef4bcfc9ec1c66fba8002a701"
"qoi-textures_pk02/002744_pk02_floor06a_N_faf664c19c6c.png","qoi-textures_pk02","256","256","65536","faf664c19c6c94aec888322cce171e7a8f1d4a03f1582a48b75e36716ab76228"
"qoi-textures_pk02/002745_pk02_floor06a_S_09bbd8f3d586.png","qoi-textures_pk02","256","256","65536","09bbd8f3d586f9eaa482dcc43a7d9d7c134fcfcbb0f184aed688ba8a0b866d96"
"qoi-textures_pk02/002746_pk02_floor06b_C_1767fca54bbf.png","qoi-textures_pk02","256","256","65536","1767fca54bbf485d34b831cc89a02fceb2ce74562e3968c09ba9d793b0015b45"
"qoi-textures_pk02/002747_pk02_floor07_C_b80491a9566a.png","qoi-textures_pk02","512","512","262144","b80491a9566a5dcce281a18135e99a86f48fe33f70718bff8a1ed7b335f228c8"
"qoi-textures_pk02/002748_pk02_floor07_N_4118486cbff8.png","qoi-textures_pk02","512","512","262144","4118486cbff8e6eb0723a6046964ed2b55e67303ae3bcf71eed6d0b483cdc766"
"qoi-textures_pk02/002749_pk02_floor07_S_5b18f2fbd9b9.png","qoi-textures_pk02","512","512","262144","5b18f2fbd9b94388026e7532ff7cd70e5fdc53960c8d4f021af0d4adbb1a63e7"
"qoi-textures_pk02/002750_pk02_floor08a_C_e0900199e539.png","qoi-textures_pk02","512","512","262144","e0900199e539c8fc58074c7526637cc7d2cf8a63b6d698c2a7f36696cf8fed65"
"qoi-textures_pk02/002751_pk02_floor08a_N_46aa2596bb29.png","qoi-textures_pk02","512","512","262144","46aa2596bb29084846927442a65417de91c089da4707afc6703c418ccf998aa7"
"qoi-textures_pk02/002752_pk02_floor08a_S_7b214afeed9a.png","qoi-textures_pk02","512","512","262144","7b214afeed9aed011b3232cc437ea6fdeb4e3b24fc52bf67bf92c93c282a8498"
"qoi-textures_pk02/002753_pk02_floor08b_C_b4b04cb21834.png","qoi-textures_pk02","512","512","262144","b4b04cb21834d4ad5531d8bdecb9a9c698c76c1b29bc30e61a0dc54aefa57baf"
"qoi-textures_pk02/002754_pk02_floor08b_N_d3e4ea5b68f7.png","qoi-textures_pk02","512","512","262144","d3e4ea5b68f791f268b6acd18a58183a1ea9795dcfc4c2629e54a4a09380d473"
"qoi-textures_pk02/002755_pk02_floor08b_S_8ecacd79bef9.png","qoi-textures_pk02","512","512","262144","8ecacd79bef94742b8be1634fe93fb5b37e32b50fea243621ea86067e9fadf6a"
"qoi-textures_pk02/002756_pk02_floor09_N_fda03e17ade2.png","qoi-textures_pk02","1024","1024","1048576","fda03e17ade2acf0a69c4723d8ffd7776f0a6d4e8ead66de5f3b2467593ca527"
"qoi-textures_pk02/002757_pk02_floor09_S_e283710fbd16.png","qoi-textures_pk02","1024","1024","1048576","e283710fbd16ede45bf6475cd6aa21ce530f7e6486381daf0f1ffd48698b00d2"
"qoi-textures_pk02/002758_pk02_floor09a_C_4c90c77d1a65.png","qoi-textures_pk02","1024","1024","1048576","4c90c77d1a65433a5f14119b860a1ad5f166ad31a59b014c53fd2ea62e4dd8c6"
"qoi-textures_pk02/002759_pk02_floor09b_C_e76e9c67d943.png","qoi-textures_pk02","1024","1024","1048576","e76e9c67d943d0c3afe7a7fb11d4cf58e588d695510e19ac4740d411d7f8ed35"
"qoi-textures_pk02/002760_pk02_floor10_C_c2985cdc4b2f.png","qoi-textures_pk02","256","256","65536","c2985cdc4b2fdc55de08faff0f5cde029c6b2f3a31c3121e906b455b1a3c04cf"
"qoi-textures_pk02/002761_pk02_floor10_N_cc7e30dca7e2.png","qoi-textures_pk02","256","256","65536","cc7e30dca7e2c2fafc29691fac516b4643293904698b8388a59b84c09143dc9e"
"qoi-textures_pk02/002762_pk02_floor10_S_2b128e47fab5.png","qoi-textures_pk02","256","256","65536","2b128e47fab51e65dbf2271ba284f8e6afa981109e7883a8372800db4309ab97"
"qoi-textures_pk02/002763_pk02_floor11_C_b9c86bd54d2e.png","qoi-textures_pk02","256","256","65536","b9c86bd54d2e261ecea4c23dc2d5ef12a21f5db96a8cebeecd24c404b583f289"
"qoi-textures_pk02/002764_pk02_floor11_N_6dc59952a175.png","qoi-textures_pk02","256","256","65536","6dc59952a1758e70a919599fff563066592c68967dce518501218973d729f829"
"qoi-textures_pk02/002765_pk02_floor11_S_680a5210d2cb.png","qoi-textures_pk02","256","256","65536","680a5210d2cbfdb5bfc9409683e0ae98972af443611d641789c16f8b5953ae92"
"qoi-textures_pk02/002766_pk02_floor12_N_a8ce3acaab02.png","qoi-textures_pk02","256","256","65536","a8ce3acaab02f7531fc030d57739d69734861461d5e684e00e645f42e7880643"
"qoi-textures_pk02/002767_pk02_floor12_S_2a1eec7c9ca7.png","qoi-textures_pk02","256","256","65536","2a1eec7c9ca7dc3eb080967094adfdc1a0e7f3f91e053fdba7e3e8c4fcc74ff2"
"qoi-textures_pk02/002768_pk02_floor12a_C_de1089f5f6c7.png","qoi-textures_pk02","256","256","65536","de1089f5f6c7bb3c8f1f6124047297e79107a392faf29b2783decb4baeae6afb"
"qoi-textures_pk02/002769_pk02_floor12b_C_130b97764eb3.png","qoi-textures_pk02","256","256","65536","130b97764eb38441a6ffb6e42f3a0d7113922128cb757b13782c189c26fa4624"
"qoi-textures_pk02/002770_pk02_floor13_N_71dafd0b04ec.png","qoi-textures_pk02","256","256","65536","71dafd0b04ec782487408c85d2e416b36be96744e546674530acc465660b4e31"
"qoi-textures_pk02/002771_pk02_floor13_S_365731b36faf.png","qoi-textures_pk02","256","256","65536","365731b36faf158e549dfddaa6d9cf3bf54d1623f9097f66f1d8710f662c5a1a"
"qoi-textures_pk02/002772_pk02_floor13a_C_ce5563dfe16b.png","qoi-textures_pk02","256","256","65536","ce5563dfe16b56988688f8c46c39d4c3c1fc3c63982109c30d8a4edc2d2051b3"
"qoi-textures_pk02/002773_pk02_floor13b_C_b3b7e47cebd4.png","qoi-textures_pk02","256","256","65536","b3b7e47cebd444d01701c7c8549ade1dd580f6cf9f49abaf270398299dd94882"
"qoi-textures_pk02/002774_pk02_generic01_N_b96d149a9519.png","qoi-textures_pk02","512","512","262144","b96d149a9519bb76e588a40b830cc989790e6ce7fd1e5a2cb943dc6bcd814d2b"
"qoi-textures_pk02/002775_pk02_generic01_S_42005db7ad9c.png","qoi-textures_pk02","512","512","262144","42005db7ad9cd1fe7ce1ecee9faaa65caea37e4ba6d4c6f63648f794a8ca8bb6"
"qoi-textures_pk02/002776_pk02_generic01a_C_8dfe6a35012a.png","qoi-textures_pk02","512","512","262144","8dfe6a35012a3281f06bdc065b30cade55f344f780f2e490a704b968d1525b05"
"qoi-textures_pk02/002777_pk02_generic01b_C_6600c475c2bc.png","qoi-textures_pk02","512","512","262144","6600c475c2bc9f558d77596b66b77393fac93e83b0bc24b1a3dd52b4a2bbd988"
"qoi-textures_pk02/002778_pk02_light01_N_19ed092bf416.png","qoi-textures_pk02","128","64","8192","19ed092bf416d39e52e842b243b997abcc15fdf32c7850ad2d401a364dfbee01"
"qoi-textures_pk02/002779_pk02_light01_S_e56c72791574.png","qoi-textures_pk02","128","64","8192","e56c72791574b480456cc1e676c5d472b2d827fda77138b94fab6d0d7e60a255"
"qoi-textures_pk02/002780_pk02_light01a_C_9d4185ab7639.png","qoi-textures_pk02","128","64","8192","9d4185ab7639bdbc3ade0323476d176c862ff566c865c788a210190d55a0426c"
"qoi-textures_pk02/002781_pk02_light01b_C_7f5d0034bb15.png","qoi-textures_pk02","128","64","8192","7f5d0034bb15dfd2de7d89f5b1e48ab2e799f0cec4a50caa4da353407dd54fc2"
"qoi-textures_pk02/002782_pk02_light02_C_9a7880c8f5b7.png","qoi-textures_pk02","256","256","65536","9a7880c8f5b704276fbe42df5e4a2d05d919773f312b4eee500beb92781e2c85"
"qoi-textures_pk02/002783_pk02_light02_I_66c8bb6cf9b9.png","qoi-textures_pk02","256","256","65536","66c8bb6cf9b992c7b665d0437358ccc27960d3dee73e55afc94dab1bfa33a6b9"
"qoi-textures_pk02/002784_pk02_light02_N_6f94290741d7.png","qoi-textures_pk02","256","256","65536","6f94290741d7bc0e6a177212ac5788c757006c13d106ad354996686b683952a5"
"qoi-textures_pk02/002785_pk02_light02_S_2f37396d4c36.png","qoi-textures_pk02","256","256","65536","2f37396d4c36dc959e7e3c4c1d8017c0f6b074b9259865a608d093f0a38021b6"
"qoi-textures_pk02/002786_pk02_light02a_C_c2988ca93f29.png","qoi-textures_pk02","256","256","65536","c2988ca93f29c8dfe716b1720492907740bed39303dc228fb902b9b42d7b2e76"
"qoi-textures_pk02/002787_pk02_light02c_C_1db7c57666fe.png","qoi-textures_pk02","256","256","65536","1db7c57666fe9980d47de13a0b9d6c4aef65d0c1f4ad3212a66c1cf05208f2d6"
"qoi-textures_pk02/002788_pk02_light03_C_824269af783c.png","qoi-textures_pk02","512","128","65536","824269af783c763bbc7f204d4b5786c4e530de2917433f190036eb7cd1833293"
"qoi-textures_pk02/002789_pk02_light03_I_b3bcaad3471e.png","qoi-textures_pk02","512","128","65536","b3bcaad3471e6fe4a1227480f49799ac22e2c5faa857ac5d8c2f487c982c73ef"
"qoi-textures_pk02/002790_pk02_light03_N_b46de159d437.png","qoi-textures_pk02","512","128","65536","b46de159d437f84470bf43f4a243b46f859438ad07dded65adec04708a351103"
"qoi-textures_pk02/002791_pk02_light03_S_922687336acd.png","qoi-textures_pk02","512","128","65536","922687336acdff67241f73e3a9c8a3a717a4757b329b2b89908e7bdfaffc6143"
"qoi-textures_pk02/002792_pk02_panels01a_C_07dcf7d45be1.png","qoi-textures_pk02","512","512","262144","07dcf7d45be12179588e9b4041c04f1e2a08b0d7dd6b0a6218adc829970e0f18"
"qoi-textures_pk02/002793_pk02_panels01a_N_cb664fe5435a.png","qoi-textures_pk02","512","512","262144","cb664fe5435af3a3295305b2c1aa03716b336ab57a83a0dc6d6277b3f2d99b9c"
"qoi-textures_pk02/002794_pk02_panels01a_S_6883599bc4a7.png","qoi-textures_pk02","512","512","262144","6883599bc4a725eb14123425ff87b487a93e15cc373fbc71b5cd5dd88d3fbfce"
"qoi-textures_pk02/002795_pk02_panels01b_C_1bf21b742ec9.png","qoi-textures_pk02","512","512","262144","1bf21b742ec989642812a7cd5d793603f5999b92e61a8ad6e41d5fb90233f124"
"qoi-textures_pk02/002796_pk02_panels01b_N_455922454ba5.png","qoi-textures_pk02","512","512","262144","455922454ba52eeb51152f1a9f4850713ec068ce8092c5261790cdd7714e1e0b"
"qoi-textures_pk02/002797_pk02_panels01b_S_4d47a33e2e09.png","qoi-textures_pk02","512","512","262144","4d47a33e2e09a79d69777c0edb3b00b924c0a7172ad59ea47d78544a2aa7f54e"
"qoi-textures_pk02/002798_pk02_panels01c_C_c73b005354dc.png","qoi-textures_pk02","512","512","262144","c73b005354dc1e5e1935c8dc96cf166b665ce855ca1397f0ed02ee9d526ecdbc"
"qoi-textures_pk02/002799_pk02_panels01c_N_ad3030c12247.png","qoi-textures_pk02","512","512","262144","ad3030c1224737c18678c1e727320ee74301aa6f8559fb83c10633fe512ac9e5"
"qoi-textures_pk02/002800_pk02_panels01c_S_d6aa26edf7a5.png","qoi-textures_pk02","512","512","262144","d6aa26edf7a53b8fadc99479685ad820a8619a91ee3342da7ad969ea4a52400b"
"qoi-textures_pk02/002801_pk02_pipes01_C_0313041e13af.png","qoi-textures_pk02","512","512","262144","0313041e13afb3e7d6dd5b7fef262bce5eb471b3d23ca29963e0b2c5229ae910"
"qoi-textures_pk02/002802_pk02_pipes01_I_a7434bb33097.png","qoi-textures_pk02","512","512","262144","a7434bb33097944461e7e946606167e102e7064d6cf71228d93abe6693d4bbbb"
"qoi-textures_pk02/002803_pk02_pipes01_N_a6c5a79853d8.png","qoi-textures_pk02","512","512","262144","a6c5a79853d8fdd2250bc101079b465bb7d0c4824a3d4f02485bc17959b65f23"
"qoi-textures_pk02/002804_pk02_pipes01_S_09f32d549e12.png","qoi-textures_pk02","512","512","262144","09f32d549e129e40a6a3cc1134a1228fe3834f72f4ce3893728b5365d8724b8b"
"qoi-textures_pk02/002805_pk02_plates01a_C_1c6b326a340b.png","qoi-textures_pk02","512","512","262144","1c6b326a340bdd42b01fe90665f16ee5d78baf058ca3a962566d72a1feb6a748"
"qoi-textures_pk02/002806_pk02_plates01a_N_8352b6d9aef5.png","qoi-textures_pk02","512","512","262144","8352b6d9aef57fe47abc9f365c302af1fc92d7c92b42e8b88ec430a56928abd5"
"qoi-textures_pk02/002807_pk02_plates01a_S_6705b1394287.png","qoi-textures_pk02","512","512","262144","6705b1394287268cc0ebeffaffdaa324a745eb8e72cd14ef80bdca131a3958e7"
"qoi-textures_pk02/002808_pk02_plates01b_C_e06213302856.png","qoi-textures_pk02","512","512","262144","e0621330285670fa0b8cf26f5cd7f0d3e3aa2d1cf1979fbe2edf1b5ddcd03b2c"
"qoi-textures_pk02/002809_pk02_plates01b_N_9518b54a3ad1.png","qoi-textures_pk02","512","512","262144","9518b54a3ad1e644307fdcf5f9488f06609b05ca6536f0f321b1ee2bd541d290"
"qoi-textures_pk02/002810_pk02_plates01b_S_075a6a30764f.png","qoi-textures_pk02","512","512","262144","075a6a30764fe6267fe664c472abe1d9244d452c848eee63f972752016b58b79"
"qoi-textures_pk02/002811_pk02_rock01_C_4565e2c2daa1.png","qoi-textures_pk02","1024","1024","1048576","4565e2c2daa111674462c625bc401731f4e178aa0f1817fe1f3668fbe6366877"
"qoi-textures_pk02/002812_pk02_rock01_N_dbe00c95df01.png","qoi-textures_pk02","1024","1024","1048576","dbe00c95df01d098e840d8de9a5b6b0318e2571276b11d4da1f8055f158d434f"
"qoi-textures_pk02/002813_pk02_rock01_S_6cbe644b48f0.png","qoi-textures_pk02","1024","1024","1048576","6cbe644b48f08d500899b2e2907de41137ddc74013be8e28f2070c798a3fa59d"
"qoi-textures_pk02/002814_pk02_sand01_C_54ec52515dec.png","qoi-textures_pk02","1024","1024","1048576","54ec52515dec03eae7ba0a47c4d18926388c6863cfcc6663b1a0ac6fb29fd196"
"qoi-textures_pk02/002815_pk02_sand01_N_6e0a5fb5e13b.png","qoi-textures_pk02","1024","1024","1048576","6e0a5fb5e13b4e0e799c17738ad6568550fff5f1d68d5049150817403ff352d4"
"qoi-textures_pk02/002816_pk02_sand01_S_b67cface7648.png","qoi-textures_pk02","1024","1024","1048576","b67cface7648f62c5b26ef45ae1c84927cee7c02b405b83a82fd04da3a366bff"
"qoi-textures_pk02/002817_pk02_switches01a_C_62b30777d12b.png","qoi-textures_pk02","128","256","32768","62b30777d12be4aed633d63d1b26ba92092f1c3256c13edd70f89f185b135cb5"
"qoi-textures_pk02/002818_pk02_switches01a_N_1b1c244e24ac.png","qoi-textures_pk02","128","256","32768","1b1c244e24acdb0bf1377708ae5342fc8b060cd3a849f4c89085a9017e26b768"
"qoi-textures_pk02/002819_pk02_switches01a_S_60c9733d01af.png","qoi-textures_pk02","128","256","32768","60c9733d01af5723ed07bada8add6effec440ca7181de8d910123c4f0f0cc66f"
"qoi-textures_pk02/002820_pk02_switches01b_C_d46f7b0d314c.png","qoi-textures_pk02","128","256","32768","d46f7b0d314c67d1004b3322a6cbde5e576bac23c55666968ed1cb65330598ee"
"qoi-textures_pk02/002821_pk02_switches01b_I_ac7b40b9a403.png","qoi-textures_pk02","128","256","32768","ac7b40b9a4030c17147464709365f8af54863e6b69af442f0ea9447a261233bc"
"qoi-textures_pk02/002822_pk02_switches01b_N_5808bc9cf016.png","qoi-textures_pk02","128","256","32768","5808bc9cf0162ebd12f8d1c430821fa5123ad66f6ac4af35bae66e3f338b3073"
"qoi-textures_pk02/002823_pk02_switches01b_S_c3d35b0f96dc.png","qoi-textures_pk02","128","256","32768","c3d35b0f96dcd54c0f9bd4a1ec400073a8e866ad98c5b2f5e6e477570efce35e"
"qoi-textures_pk02/002824_pk02_switches01c_C_cba0658448a4.png","qoi-textures_pk02","128","256","32768","cba0658448a44570b6e44ea09b6e6d02dbc4bd28a34e9230260c63af6b5ae956"
"qoi-textures_pk02/002825_pk02_switches01c_I_132297dc6aaa.png","qoi-textures_pk02","128","256","32768","132297dc6aaaebf1a5d5ed786a7365f0f94acab3f7ef35e76d1ff9af92fc12ad"
"qoi-textures_pk02/002826_pk02_switches01c_N_7329057986e9.png","qoi-textures_pk02","128","256","32768","7329057986e92b2d676aa9522a7db6d236c083af6c3de509771cddc97c411348"
"qoi-textures_pk02/002827_pk02_switches01c_S_7d967b9435a4.png","qoi-textures_pk02","128","256","32768","7d967b9435a4f620bef2593455f39fd4951ff6471264f73de7e95fa2ac412791"
"qoi-textures_pk02/002828_pk02_trim_set01_N_61db8dbf8106.png","qoi-textures_pk02","512","512","262144","61db8dbf81060c6f5761ecf66da20208c9bd9f8306475212d337536bb9dd4beb"
"qoi-textures_pk02/002829_pk02_trim_set01_S_ffcccde08b06.png","qoi-textures_pk02","512","512","262144","ffcccde08b06e0122caac7690588827b6608dd3639766cf8d252a357882613d1"
"qoi-textures_pk02/002830_pk02_trim_set01a_C_e82da5e7b632.png","qoi-textures_pk02","512","512","262144","e82da5e7b632015b6dd0fc2b181900f707c327ab33aaf84df64bde4e5d49500a"
"qoi-textures_pk02/002831_pk02_trim_set01b_C_a195c8b1eeee.png","qoi-textures_pk02","512","512","262144","a195c8b1eeee2e51bad4d7edd1779cc9a02ee6aa5cbf0eed914557d989d56b66"
"qoi-textures_pk02/002832_pk02_trim_set02_N_cb0fc9acc136.png","qoi-textures_pk02","512","512","262144","cb0fc9acc136c4a220a5c3872790673309bc995df933ea559ac2e291699fa912"
"qoi-textures_pk02/002833_pk02_trim_set02_S_28b0d83b821c.png","qoi-textures_pk02","512","512","262144","28b0d83b821c63a77d5200df0f51df7d1c3703084280d0149c38f4ec55cddcf1"
"qoi-textures_pk02/002834_pk02_trim_set02a_C_f258b3892338.png","qoi-textures_pk02","512","512","262144","f258b389233861b9c31a11243f220ab9ab7397e94f22fe992979d20e65ae393f"
"qoi-textures_pk02/002835_pk02_trim_set02b_C_0f190ba27533.png","qoi-textures_pk02","512","512","262144","0f190ba275331621117b4a4dab06ea73ec4cffa834ec2cb521657fcb2b8a617a"
"qoi-textures_pk02/002836_pk02_trim01_C_920c62e5a8fb.png","qoi-textures_pk02","128","512","65536","920c62e5a8fb2280150b26320b29544662bc18935064e7419733e23f71990a7d"
"qoi-textures_pk02/002837_pk02_trim01_N_3de65880e92d.png","qoi-textures_pk02","128","512","65536","3de65880e92dd800967f7786235663dbc378e99cd123c71bac106227df4f137a"
"qoi-textures_pk02/002838_pk02_trim01_S_402a09280eda.png","qoi-textures_pk02","128","512","65536","402a09280eda11da8416bba3ac22a46a7f51a6dec5eceeae97a672e26cab8cb8"
"qoi-textures_pk02/002839_pk02_trim02_C_09d0b911c1c2.png","qoi-textures_pk02","256","128","32768","09d0b911c1c26f05d8f950013bd775a6fa5ac220d6f4c35fd1f38af1a822c543"
"qoi-textures_pk02/002840_pk02_trim02_N_4ba56188f0da.png","qoi-textures_pk02","256","128","32768","4ba56188f0dacc6812ea3559461fee78f3c6d5c824de73947c93030372f1d5bd"
"qoi-textures_pk02/002841_pk02_trim02_S_b781c2f16337.png","qoi-textures_pk02","256","128","32768","b781c2f163376d2efeb856adfba61522f71e598392e57974b26ade8d054d63de"
"qoi-textures_pk02/002842_pk02_trim03_C_eb92fa9021f4.png","qoi-textures_pk02","1024","256","262144","eb92fa9021f46c7283374a888301b8c192c565e075dc966b4fe003cde048d51b"
"qoi-textures_pk02/002843_pk02_trim03_N_d12f272ffa32.png","qoi-textures_pk02","1024","256","262144","d12f272ffa3233cdd5f319c20fba7a33a1a7badd12430920f01e92063f0b77ac"
"qoi-textures_pk02/002844_pk02_trim03_S_e8a4e0bb56f4.png","qoi-textures_pk02","1024","256","262144","e8a4e0bb56f49010741fae954ab0636f61d7a6fde839f23c44c18fdad733d2ff"
"qoi-textures_pk02/002845_pk02_trim04a_C_cbddc10614e9.png","qoi-textures_pk02","256","32","8192","cbddc10614e99e2021e778df21c8a4485503d30e2dcddda9b9f24c23cefd4d5f"
"qoi-textures_pk02/002846_pk02_trim04a_N_e02bfc20c260.png","qoi-textures_pk02","256","32","8192","e02bfc20c260787e66db13b4cdcf6688da9e2c460c855b9c2ce4d8d49761ad32"
"qoi-textures_pk02/002847_pk02_trim04a_S_cef72757589e.png","qoi-textures_pk02","256","32","8192","cef72757589e19ae86902e0928495dd45b0cdf0159b0ae7844bdd849e3f7728e"
"qoi-textures_pk02/002848_pk02_trim04b_C_960bb4704932.png","qoi-textures_pk02","256","32","8192","960bb470493206afaaf2e8605fc765140d00ce4d626738d67076d1eb731c9428"
"qoi-textures_pk02/002849_pk02_trim04b_N_d6901c9be952.png","qoi-textures_pk02","256","32","8192","d6901c9be952fb0bb438a203c93a47beea5105374e06624abeb7667bc4bea552"
"qoi-textures_pk02/002850_pk02_trim04b_S_3ecfa22bd628.png","qoi-textures_pk02","256","32","8192","3ecfa22bd628e67e6f7f6e3259a6781510368826ba55db176c96119b7e93fc10"
"qoi-textures_pk02/002851_pk02_wall_big01a_C_9a40a2680d51.png","qoi-textures_pk02","1024","1024","1048576","9a40a2680d51fbc00daf8d89d86be2cade6aebe57fc782f15c46f7cbd8eb4c50"
"qoi-textures_pk02/002852_pk02_wall_big01a_N_2ed238b7c059.png","qoi-textures_pk02","1024","1024","1048576","2ed238b7c0590403d9f0ebcb55223f3177593be06916e51798fc6efe730f9ff5"
"qoi-textures_pk02/002853_pk02_wall_big01a_S_7db6768b5272.png","qoi-textures_pk02","1024","1024","1048576","7db6768b5272892a1dccd790cde940260f3260f38d9b43ec2d6d683be4876881"
"qoi-textures_pk02/002854_pk02_wall_big01b_C_7c082a3d2797.png","qoi-textures_pk02","1024","1024","1048576","7c082a3d279790b64f1de91d29100277102fc2a51633354becab9d417a248106"
"qoi-textures_pk02/002855_pk02_wall_big01b_N_10b0915e713b.png","qoi-textures_pk02","1024","1024","1048576","10b0915e713bbca136cce992cc03d2ab0d90d73c6df242ab67428fb1efa6114e"
"qoi-textures_pk02/002856_pk02_wall_big01b_S_22568da30259.png","qoi-textures_pk02","1024","1024","1048576","22568da30259eae479d1b9630e4b6a7bc08bc26a79e65d993f85d85413d6c69f"
"qoi-textures_pk02/002857_pk02_wall_big02a_C_1623526bbb72.png","qoi-textures_pk02","1024","1024","1048576","1623526bbb72a7c67fe463122700610179a7cb5a1b8e20e0f1c5b85588ddb3cc"
"qoi-textures_pk02/002858_pk02_wall_big02a_N_b1cdfa4cb17a.png","qoi-textures_pk02","1024","1024","1048576","b1cdfa4cb17a326f5c8d483e51692c6263f02b3ac0d7cb8bfc02a5fb486abab0"
"qoi-textures_pk02/002859_pk02_wall_big02a_S_528eb2a179e0.png","qoi-textures_pk02","1024","1024","1048576","528eb2a179e065e244f8cfd83fba423a64dfe9418c24f166fe587e5f4a8353f9"
"qoi-textures_pk02/002860_pk02_wall_big02b_C_71d474e3776f.png","qoi-textures_pk02","1024","1024","1048576","71d474e3776f4f64ec26100099387a6a4199c9d127e2841f5c998c17a4ee98ee"
"qoi-textures_pk02/002861_pk02_wall_big02b_N_1e0801b8d833.png","qoi-textures_pk02","1024","1024","1048576","1e0801b8d8339ee7bacb5fbad361a8c3e14b77c1c5495abdeb5ab4d4f4b528a8"
"qoi-textures_pk02/002862_pk02_wall_big02b_S_4e93421f8ff9.png","qoi-textures_pk02","1024","1024","1048576","4e93421f8ff90f9315b434861f8c4b5d3ad663c075743d2fd877860a3d0e468d"
"qoi-textures_pk02/002863_pk02_wall01_C_ba6cb51e7d0a.png","qoi-textures_pk02","512","512","262144","ba6cb51e7d0a39110cdff603b9f5f4c46b82d5b683a4d0fa2badcfdb07c88e8e"
"qoi-textures_pk02/002864_pk02_wall01_N_d9cf0cac1457.png","qoi-textures_pk02","512","512","262144","d9cf0cac145702f032e9ee810bcb2b5ebc062e4baa8cdd757f43d0fa9fa0beae"
"qoi-textures_pk02/002865_pk02_wall01_S_6ddbedac4187.png","qoi-textures_pk02","512","512","262144","6ddbedac41872baf439ee43316f10620861a5155095d1d24720448021164a5b7"
"qoi-textures_pk02/002866_pk02_wall02a_C_4307134ec385.png","qoi-textures_pk02","512","512","262144","4307134ec3850979e2166c2721c6a11e04f82868c5d7a5d60934373f6cdb3866"
"qoi-textures_pk02/002867_pk02_wall02a_I_cdbe72c96a52.png","qoi-textures_pk02","512","512","262144","cdbe72c96a52d144657842c12557e51783c89fab657422f78cd8bb3e5dcfabfd"
"qoi-textures_pk02/002868_pk02_wall02a_N_9940d16aeab5.png","qoi-textures_pk02","512","512","262144","9940d16aeab53717c2e17ff582c78027af7b124637fb3fa74392f4374bb3147b"
"qoi-textures_pk02/002869_pk02_wall02a_S_3c3bb3bc905c.png","qoi-textures_pk02","512","512","262144","3c3bb3bc905c888b0859fb12a1899bdffdb5f7c858c33f6b6098b282ff1da284"
"qoi-textures_pk02/002870_pk02_wall02b_C_dbd60a280249.png","qoi-textures_pk02","512","512","262144","dbd60a280249a75d5d85afcefd75ca4542f6aa578d633f6906be760f474d566d"
"qoi-textures_pk02/002871_pk02_wall02b_I_faaab9149504.png","qoi-textures_pk02","512","512","262144","faaab9149504e06eb969d9b5f45e973ae77a577ae0dbb8a571571d0a6aa34ae3"
"qoi-textures_pk02/002872_pk02_wall02b_N_2941619f66d1.png","qoi-textures_pk02","512","512","262144","2941619f66d1687e8eecd7526b451201e18262e02996ad8808b078377f2a234a"
"qoi-textures_pk02/002873_pk02_wall02b_S_427ef618c768.png","qoi-textures_pk02","512","512","262144","427ef618c768d12883c3c2d36d0eea72559fa8d609334a925eb0f682813f7c8c"
"qoi-textures_pk02/002874_pk02_wall02c_C_2deccec75489.png","qoi-textures_pk02","512","512","262144","2deccec75489521169c64da5a64837fdca8c99fc426b30288487cf1ad6e134ac"
"qoi-textures_pk02/002875_pk02_wall02c_I_25f8e6704c65.png","qoi-textures_pk02","512","512","262144","25f8e6704c658b6a824ef8ceca88017c93a70eafc884a08c4fef64e06799ce21"
"qoi-textures_pk02/002876_pk02_wall02c_N_8f5bfaef0414.png","qoi-textures_pk02","512","512","262144","8f5bfaef04146489139a7318481ada3094bed9c9a13cb849009d1f116bbac63d"
"qoi-textures_pk02/002877_pk02_wall02c_S_142085e2faef.png","qoi-textures_pk02","512","512","262144","142085e2faefced12e7dca3283bf5b29288e74019ebe5c9bf05c3db8a4c59f96"
"qoi-textures_pk02/002878_pk02_wall03a_C_1e460a988505.png","qoi-textures_pk02","1024","512","524288","1e460a9885052924d9c617ae03a63ab171006d6ba415fc063b42fbee5ae297ad"
"qoi-textures_pk02/002879_pk02_wall03a_N_fef83d0c4048.png","qoi-textures_pk02","1024","512","524288","fef83d0c404850b7043266df6ba176ba96d39dba703937a81d686c97546ccb4b"
"qoi-textures_pk02/002880_pk02_wall03a_S_6b500d4092fa.png","qoi-textures_pk02","1024","512","524288","6b500d4092fa07eab9fd435a0e2ae9ad928f78141c2f55ab1881ba34825b1998"
"qoi-textures_pk02/002881_pk02_wall03b_C_d514d4a2aade.png","qoi-textures_pk02","1024","512","524288","d514d4a2aadeccf9a457ffd0aea8422d894de5b28f1646a7f4d23b8af647aacd"
"qoi-textures_pk02/002882_pk02_wall03b_N_259b9f6e926c.png","qoi-textures_pk02","1024","512","524288","259b9f6e926c6f7294cc05ead16f47164b9232312c7d443e2d915605cb294fef"
"qoi-textures_pk02/002883_pk02_wall03b_S_9f2ec54dfd14.png","qoi-textures_pk02","1024","512","524288","9f2ec54dfd14031714cafad88f236c929cd403f13c7a89580a577c0062c3ee6f"
"qoi-textures_pk02/002884_pk02_wall04a_C_54de134aae84.png","qoi-textures_pk02","512","512","262144","54de134aae84f2599043848373a2ce000cc1f947713979e56c87fe7c4f22e97c"
"qoi-textures_pk02/002885_pk02_wall04a_N_099376a91f3f.png","qoi-textures_pk02","512","512","262144","099376a91f3f6bca8321c804b048d554a4fff71c08601db5813835110003efa6"
"qoi-textures_pk02/002886_pk02_wall04a_S_edd54f17cdd3.png","qoi-textures_pk02","512","512","262144","edd54f17cdd3be7769fdae8ad5bf179e004ef05ab041edc441781f0cf9400384"
"qoi-textures_pk02/002887_pk02_wall04b_C_7cf7419f6e7f.png","qoi-textures_pk02","512","512","262144","7cf7419f6e7fa34b916b7dcf464bf7b933c2a302f69f400d25415f73cf2609ed"
"qoi-textures_pk02/002888_pk02_wall04b_N_37e0f7b4070d.png","qoi-textures_pk02","512","512","262144","37e0f7b4070d2e3f2db900ccf3b56c4d053832bf5c8dc475d3aa3fe02b4d688a"
"qoi-textures_pk02/002889_pk02_wall04b_S_f866536fb590.png","qoi-textures_pk02","512","512","262144","f866536fb590b0131c21af2512ec22ab92562fb5d95349b65944a2ea8a3bfd86"
"qoi-textures_pk02/002890_pk02_wall05a_C_c0a9a72aef92.png","qoi-textures_pk02","512","512","262144","c0a9a72aef92f5bc6afd3d561069003f7e12bf181a0052d9b05b4ca511c1e908"
"qoi-textures_pk02/002891_pk02_wall05a_N_676909921f0c.png","qoi-textures_pk02","512","512","262144","676909921f0cf218c89992bf6541a20dedcc7a542f10846d9b153b4e137f01aa"
"qoi-textures_pk02/002892_pk02_wall05a_S_83c3a0f83c2b.png","qoi-textures_pk02","512","512","262144","83c3a0f83c2b9ce91dfe9800e3420c55f089e84b860b9ce0fb0791f9445b27ca"
"qoi-textures_pk02/002893_pk02_wall05b_C_b2320aeffce6.png","qoi-textures_pk02","512","512","262144","b2320aeffce6756b951d5f327adc731e99178f951d5d6c3cd4ae7ed2b1160f57"
"qoi-textures_pk02/002894_pk02_wall05b_N_56074e7e555a.png","qoi-textures_pk02","512","512","262144","56074e7e555aba7292c84aeac0bbae4408b62ec288657a2c170e089823a1972d"
"qoi-textures_pk02/002895_pk02_wall05b_S_c2da0d20a39f.png","qoi-textures_pk02","512","512","262144","c2da0d20a39fa6826123f9217229f6bf966b1669392055f5ad72f77ee3e59e78"
"qoi-textures_pk02/002896_pk02_wall05c_C_6caacc5b896a.png","qoi-textures_pk02","512","512","262144","6caacc5b896a357deb61b5f1819682af5fb75ecb23ec8da975b4dc55462e9119"
"qoi-textures_pk02/002897_pk02_wall05c_N_b04e5c71aca0.png","qoi-textures_pk02","512","512","262144","b04e5c71aca0c85b0619fa08f7c08d9a98f42c423e0235ce36068f4df3d96dfc"
"qoi-textures_pk02/002898_pk02_wall05c_S_078635e907c8.png","qoi-textures_pk02","512","512","262144","078635e907c86f2339e0409d288ea6a703b7ac02de27b41d787cbd77369edd11"
"qoi-textures_pk02/002899_pk02_wall06a_C_d24e54e5147f.png","qoi-textures_pk02","512","512","262144","d24e54e5147f33ff3749af6b30241bd3838242ed64779d855f97afb12d22b721"
"qoi-textures_pk02/002900_pk02_wall06a_N_330323a296ec.png","qoi-textures_pk02","512","512","262144","330323a296ecae699a0ee65fcaceffe367e947bc930d1b032a68dac4dea16527"
"qoi-textures_pk02/002901_pk02_wall06a_S_d5641195f27a.png","qoi-textures_pk02","512","512","262144","d5641195f27aa3dbf336648f6bed7564b5773faede90e656ce729349c66cfa29"
"qoi-textures_pk02/002902_pk02_wall06b_C_829a5c1fe0c2.png","qoi-textures_pk02","512","512","262144","829a5c1fe0c20389f9f2d735d481ef8570023d5426cc0f56340820b6f817b06a"
"qoi-textures_pk02/002903_pk02_wall06b_N_53cd721a27cb.png","qoi-textures_pk02","512","512","262144","53cd721a27cb962aeb5c69276737c6d92c22e6cdcb929dc150a51c451876a4b2"
"qoi-textures_pk02/002904_pk02_wall06b_S_935a3d07f2f8.png","qoi-textures_pk02","512","512","262144","935a3d07f2f8125d799ad0fbcd0bb122702c657fa4746e9488ae07eae96de8e9"
"qoi-textures_pk02/002905_pk02_wall07a_C_2dff25a3e076.png","qoi-textures_pk02","512","512","262144","2dff25a3e07692cbd85fa35669cae2803c28e4d2ed019ebb1f75c121570b1515"
"qoi-textures_pk02/002906_pk02_wall07a_N_e68269dc1eec.png","qoi-textures_pk02","512","512","262144","e68269dc1eec15d4792b89391ad46de789c7f0ec3dfa6ffa8fd4de06dd650301"
"qoi-textures_pk02/002907_pk02_wall07a_S_b03edd91a8de.png","qoi-textures_pk02","512","512","262144","b03edd91a8ded847475bd54126758330448f8388b5576db936374c2e0682b630"
"qoi-textures_pk02/002908_pk02_wall07b_C_0d8cb24d90e3.png","qoi-textures_pk02","512","512","262144","0d8cb24d90e3929b807e3bd772ac66552b280d4fb5836bc3fc07691f9e0ba235"
"qoi-textures_pk02/002909_pk02_wall07b_N_86e18dd44b3c.png","qoi-textures_pk02","512","512","262144","86e18dd44b3c2575b5a868112b9f9ce0485195eefa7860a3ad473f34f097be91"
"qoi-textures_pk02/002910_pk02_wall07b_S_c03d62bea63f.png","qoi-textures_pk02","512","512","262144","c03d62bea63fe21d5be4188db58f6914e73510f14969e1949a134f1b86af0f30"
"qoi-textures_pk02/002911_pk02_wall08_N_0426737438c2.png","qoi-textures_pk02","1024","512","524288","0426737438c27f9e939d28c4cce550ab2a39282842596650ca83fac6f785e1e5"
"qoi-textures_pk02/002912_pk02_wall08_S_a1c446202a0d.png","qoi-textures_pk02","1024","512","524288","a1c446202a0d3524a444d6bdbd7c3d47820765e558c7b494a1d2341ae6f37603"
"qoi-textures_pk02/002913_pk02_wall08a_C_531df9da03b0.png","qoi-textures_pk02","1024","512","524288","531df9da03b0024cd34e3e5d28e522b9c85266a95d5fca4f5fe512d5c88aaab4"
"qoi-textures_pk02/002914_pk02_wall08b_C_e474ae2cb427.png","qoi-textures_pk02","1024","512","524288","e474ae2cb4270191357def1e34dc1b118027ee287b48736293e0590fb11dbef2"
"qoi-textures_plants/002915_plant_01_a0586923fb7a.png","qoi-textures_plants","166","1022","169652","a0586923fb7a1674446088735da5c7fd1e8e7b19e6114d1de0b2793525266d34"
"qoi-textures_plants/002916_plant_02_b6c4a44b7fe0.png","qoi-textures_plants","1024","1316","1347584","b6c4a44b7fe0de193df2493390601587180a0cdf82973e28e3d564e101f41b76"
"qoi-textures_plants/002917_plant_03_b75cba4c6b98.png","qoi-textures_plants","780","923","719940","b75cba4c6b9803b7af77385136607268fd087493e0865bbdcd40ff0db9638d9c"
"qoi-textures_plants/002918_plant_04_68011730b390.png","qoi-textures_plants","720","1551","1116720","68011730b3900b64fd7e8a61c9256c275a4392a985fd2ef6310ab22fa115d214"
"qoi-textures_plants/002919_plant_05_596fb4d6881c.png","qoi-textures_plants","865","952","823480","596fb4d6881cb298036117110d88d89e8b577a4bfc0daf263589b24e81998f87"
"qoi-textures_plants/002920_plant_06_3c79b64edd62.png","qoi-textures_plants","1420","2048","2908160","3c79b64edd62f8db20a73cedf0adee7afedbc2dff9d42f9f0d9e3cc5e3c969dd"
"qoi-textures_plants/002921_plant_07_8013a832ac6b.png","qoi-textures_plants","1024","1450","1484800","8013a832ac6b7ab0561cc08167c42b66bab1f15b1ef12892af289d607d64b0fc"
"qoi-textures_plants/002922_plant_08_58fcd0a30d5f.png","qoi-textures_plants","723","1024","740352","58fcd0a30d5f5faa1bb3969cafbe95b05125c2bbef88a7b02a3c0fc61167eba2"
"qoi-textures_plants/002923_plant_09_5ce7017673a2.png","qoi-textures_plants","1024","964","987136","5ce7017673a2caa507b76dc7eea07f07137a11733f52d34008ffc35423fa6ff6"
"qoi-textures_plants/002924_plant_10_8abea8825f59.png","qoi-textures_plants","778","1024","796672","8abea8825f59ad8d92cbdbc7b663aac96a1eb47e535266a0cfb11dc6071c48e0"
"qoi-textures_plants/002925_plant_11_23781a899269.png","qoi-textures_plants","903","1024","924672","23781a899269186726217a6067445f88b6b05b0ece0c5100552da12d8b1c4ca3"
"qoi-textures_plants/002926_plant_12_a53e0c34d2e9.png","qoi-textures_plants","1024","1460","1495040","a53e0c34d2e95801294c59bc8e6f09a082b58a8c5396d89582cb276ea7645fec"
"qoi-textures_plants/002927_plant_13_b63b8eca2ec4.png","qoi-textures_plants","778","2048","1593344","b63b8eca2ec432b7b4d08322902d6a8e5b1582b55364e7ff9c21cb75f9e0094f"
"qoi-textures_plants/002928_plant_14_47568fdeffeb.png","qoi-textures_plants","957","1182","1131174","47568fdeffeb8074b87ed9c94798325122207d0f1bf87eb9ff493a1aace5b049"
"qoi-textures_plants/002929_plant_15_23bdeb70d782.png","qoi-textures_plants","1167","1455","1697985","23bdeb70d782b6a0eabf5a17fb41cc5cca3611f6bc4caebbbb09361a7820451b"
"qoi-textures_plants/002930_plant_16_d64c6d877038.png","qoi-textures_plants","1179","1374","1619946","d64c6d877038bd03f6401a99682d1e9dc49c254af09d27e5a65a2d5cf3fc735a"
"qoi-textures_plants/002931_plant_17_a575a35be950.png","qoi-textures_plants","1084","2048","2220032","a575a35be950e4dfe8dd9a1b2fda910a877088873902f348fb10c3655889c11d"
"qoi-textures_plants/002932_plant_18_fa4c5e3e6050.png","qoi-textures_plants","616","930","572880","fa4c5e3e6050b02ddd82b96f86aabe825381fba2714dde562b34995a53416f7d"
"qoi-textures_plants/002933_plant_19_cde9b0988be0.png","qoi-textures_plants","1024","2423","2481152","cde9b0988be04bd2d4b412a50c15da130ee981aaa60bef1933a44aa074e05d4e"
"qoi-textures_plants/002934_plant_20_8df4c95c84f1.png","qoi-textures_plants","568","746","423728","8df4c95c84f12a2df3411bb4fb4309c5637de316ec9adf06e4c5cbec335b8a70"
"qoi-textures_plants/002935_plant_21_79454f1bb150.png","qoi-textures_plants","588","550","323400","79454f1bb1501cdf1e021a6d36937f54bb435df76c71a9e1cf2555a6a40b322d"
"qoi-textures_plants/002936_plant_22_d6226b953a80.png","qoi-textures_plants","732","1024","749568","d6226b953a80224355f348977d6738931103fb212d20d39202a9393c836f05fb"
"qoi-textures_plants/002937_plant_23_8445a55def65.png","qoi-textures_plants","546","609","332514","8445a55def6594a42f752a5604510726375c79c5bd67c6b0d48d5a10262152e7"
"qoi-textures_plants/002938_plant_24_71fe1915601a.png","qoi-textures_plants","840","1024","860160","71fe1915601a7fe9f04bc9d0a7db5d993a81f93c3c6994e784ad91e195e81c33"
"qoi-textures_plants/002939_plant_25_0f29859b19ef.png","qoi-textures_plants","413","640","264320","0f29859b19ef804207f98cac514fb09d1e944c6ad6d0b2f8a1db731f7cf58934"
"qoi-textures_plants/002940_plant_26_85103eb10642.png","qoi-textures_plants","195","474","92430","85103eb1064284f64d84e5141356222d32fcb2d44acac22712207fd8dc2094b1"
"qoi-textures_plants/002941_plant_27_80236100ada7.png","qoi-textures_plants","377","659","248443","80236100ada7fd4dcc41692f17d8d942a07ecc8394c6fc9d1066520b0a0a6e12"
"qoi-textures_plants/002942_plant_28_fcdd9de79c6a.png","qoi-textures_plants","1024","1386","1419264","fcdd9de79c6adf161d29b01247541851bac9e6bc08e32d17c6884e77ab2cc855"
"qoi-textures_plants/002943_plant_29_2ec412ca1a97.png","qoi-textures_plants","1024","998","1021952","2ec412ca1a97b49ce99042e474149d67a28767dc1b426ddc2947d6013f0dc884"
"qoi-textures_plants/002944_plant_30_96d98a1ba608.png","qoi-textures_plants","1212","1024","1241088","96d98a1ba60801a12dc1f701b677389a2093782a5594782d0e4dcce986d9f443"
"qoi-textures_plants/002945_plant_31_f56f722073d3.png","qoi-textures_plants","1024","1698","1738752","f56f722073d3ef5c05e795d61a33d5b94d11e90a7456b22ab96c8587f0cbe96c"
"qoi-textures_plants/002946_plant_32_7480ee068293.png","qoi-textures_plants","294","992","291648","7480ee0682933361e7c96c8c43956094ef07dcf8dd6b0d5737d2cb48f70b4a67"
"qoi-textures_plants/002947_plant_33_fa058ec2ce37.png","qoi-textures_plants","156","643","100308","fa058ec2ce3744e523e29eec980ad7c3f9b630ab6b11c0bb0844c81ecb6a0744"
"qoi-textures_plants/002948_plant_34_c2fe00445b0c.png","qoi-textures_plants","1024","1368","1400832","c2fe00445b0cfa45218118a56d255877b97ecbd7eed13c96adf1ebe84e9ddb75"
"qoi-textures_plants/002949_plant_35_8f9a9fb96634.png","qoi-textures_plants","1024","1475","1510400","8f9a9fb9663447d92694134804aef75bf4a5144f5c7d40b31cad21ea405c4fbc"
"qoi-textures_plants/002950_plant_36_486255cc55aa.png","qoi-textures_plants","1024","1466","1501184","486255cc55aa09ca1a5dc9956f20877343b09cd37a1b6dc657fd6fa745282104"
"qoi-textures_plants/002951_plant_37_49695e2e3bc4.png","qoi-textures_plants","1024","1765","1807360","49695e2e3bc47618897c38424f17594f97ee37f85ab0eb561a0f9e4f2a293601"
"qoi-textures_plants/002952_plant_38_551e32898038.png","qoi-textures_plants","1024","1517","1553408","551e328980382d2615124c7b90fe3f4abe614526be9b313b9a065f3c59f6a496"
"qoi-textures_plants/002953_plant_39_c4070efbf581.png","qoi-textures_plants","1024","1674","1714176","c4070efbf581ae54ccf8d2033f6610e882ba9a45473eff7e27701a23823a8c11"
"qoi-textures_plants/002954_plant_40_7a63b6ba301c.png","qoi-textures_plants","688","654","449952","7a63b6ba301c3488d9ef44099b0e4a7d97fc64bc8ab6d3308121c509a51d0f08"
"qoi-textures_plants/002955_plant_41_18a436a038f4.png","qoi-textures_plants","1024","1773","1815552","18a436a038f4732209cfa610bdf2db569eefb36a02b3b33ca29d465672aa9355"
"qoi-textures_plants/002956_plant_42_a59e50b32f57.png","qoi-textures_plants","312","315","98280","a59e50b32f575ec5e42da9de64df0fba570c42cb6e5bc81f7631ca7eacee2984"
"qoi-textures_plants/002957_plant_43_57534ae4732f.png","qoi-textures_plants","516","1600","825600","57534ae4732f0c3f2d2443ae0d2659881c23143fda2983c018e640ad63cc176b"
"qoi-textures_plants/002958_plant_44_cd439b3f18f6.png","qoi-textures_plants","655","951","622905","cd439b3f18f6f6d8c585afb3a33fb50e9cf32c8fb6db2fe8ad6631eb112f2cb5"
"qoi-textures_plants/002959_plant_45_9528d11316da.png","qoi-textures_plants","209","429","89661","9528d11316da67796a158d31de48c9e361b28d141883b23e4592b34e6fbca957"
"qoi-textures_plants/002960_plant_46_06b036545778.png","qoi-textures_plants","378","658","248724","06b03654577876567ce7fc5fb58daa2f0fcc1998d8d4bf20263de2c458dfbd27"
"qoi-textures_plants/002961_plant_47_25382cc7464c.png","qoi-textures_plants","442","756","334152","25382cc7464c500dec841a48135a2510d35a3c177abbce6a61aa1716c82ca5fc"
"qoi-textures_plants/002962_plant_48_feafdad6e4a9.png","qoi-textures_plants","1024","1104","1130496","feafdad6e4a9230a7110754186e44855ef328eab247cd0994359d7779cbfa1ca"
"qoi-textures_plants/002963_plant_49_cbaa5d5095a6.png","qoi-textures_plants","530","426","225780","cbaa5d5095a6ac8cc5fd849a9976cdb431ebf07855d10485a5ddd2cb604e77e3"
"qoi-textures_plants/002964_plant_50_ddcbee93f5ee.png","qoi-textures_plants","459","2048","940032","ddcbee93f5eef8c44c75ea9fe9caa0a5e329f7a24984dd769d3d1bf0923c45cc"
"qoi-textures_plants/002965_plant_51_be3a778838b4.png","qoi-textures_plants","1348","1024","1380352","be3a778838b4c34c0b7570aba4281007c52b4f9be1fc8c80d87c5a524920a7cc"
"qoi-textures_plants/002966_plant_52_a6657e026d70.png","qoi-textures_plants","1024","1249","1278976","a6657e026d706282509b93d1652824d4e89fad8095e4e5d0e4199644edf35983"
"qoi-textures_plants/002967_plant_53_6827a277144f.png","qoi-textures_plants","864","2036","1759104","6827a277144ff5908fa8400b0b614df8b7f93f0ffd459f402810f831bb59e00b"
"qoi-textures_plants/002968_plant_54_ce5815e76322.png","qoi-textures_plants","1647","1024","1686528","ce5815e763228f1c7e437aa3609f2d8a8f8980f885e948a20ba43e7ad67e0e2b"
"qoi-textures_plants/002969_plant_55_f1e4bc5dcc85.png","qoi-textures_plants","1024","1557","1594368","f1e4bc5dcc85bd694dc04a8d24be1016e427a61252591f2a2ad61792a0467d82"
"qoi-textures_plants/002970_plant_56_6789a33d5481.png","qoi-textures_plants","1024","768","786432","6789a33d54818bccfd29fda42a8637989f51a5232ed04ee8cc499556588e9ef2"
"qoi-textures_plants/002971_plant_57_f3c918fae6c9.png","qoi-textures_plants","1024","1799","1842176","f3c918fae6c9b931266bb65cc9a68fac78387eec5c3803156d5c69cd5cc5a07c"
"qoi-textures_plants/002972_plant_58_c314591672d1.png","qoi-textures_plants","1024","1377","1410048","c314591672d1d2435e028c63c05bcb3c9822805b23f61f3adab48efbe44a695d"
"qoi-textures_plants/002973_plant_59_87f2bfabbed4.png","qoi-textures_plants","1024","926","948224","87f2bfabbed4226f16cb92d9ab45348fe7018aca82575ad5be6d7076341adb83"
"qoi-textures_plants/002974_plant_60_98ef4e7f72c5.png","qoi-textures_plants","1024","918","940032","98ef4e7f72c53dd2d9505e33484a6a61729a747909c6a5d075dae5f7a57eb0f5"
"ui-enrico/002975_10183_4d4a1a33b0ff.png","ui-enrico","540","960","518400","4d4a1a33b0ff8d7350468bc32360f35ca2b869e0cc8b5fe9e758998463f67da7"
"ui-enrico/002976_10522_ae80ca8ee0f5.png","ui-enrico","540","960","518400","ae80ca8ee0f52e26181c62db751660f314074859bfc77d6474888786b43fb715"
"ui-enrico/002977_10544_f5593ee2bfcd.png","ui-enrico","540","960","518400","f5593ee2bfcd5723343f8b6a86e8e1febfbf35b022d206030d952e3f732ca2e0"
"ui-enrico/002978_10612_f19817ae9a55.png","ui-enrico","1080","1920","2073600","f19817ae9a55f9bba431a9a41926f0f64bb9fa93be82eb653907d37b0c26942c"
"ui-enrico/002979_1068_f3fc3a62d0da.png","ui-enrico","1080","1920","2073600","f3fc3a62d0dab3550e23a730806f6d12d96e15005a15485f808748538dab476a"
"ui-enrico/002980_1074_2b51af598bf7.png","ui-enrico","540","960","518400","2b51af598bf772017a1ad568513ddc22c58f5d3ba21edacd12cbfb1bc274d8e0"
"ui-enrico/002981_10966_639dc7384a6e.png","ui-enrico","1080","1920","2073600","639dc7384a6ee0011c66b3dbbcadce82ed21079119e47fbce6aa74d2de10956e"
"ui-enrico/002982_1115_449f578ed793.png","ui-enrico","1080","1920","2073600","449f578ed79396e6259b293d77d33fe770522c48052c8b137052c25e59780c63"
"ui-enrico/002983_11150_55e6fa077e1d.png","ui-enrico","1080","1920","2073600","55e6fa077e1d59b4fbdc0c4362678a11ef4fa01cbd0829416edff76e29b477c1"
"ui-enrico/002984_11231_751fbbde7375.png","ui-enrico","540","960","518400","751fbbde73757dd0bbe91bdfbd5e57460183f8a2ce0dd2b6be0e4a13a506519d"
"ui-enrico/002985_1130_5aad32c317e5.png","ui-enrico","1080","1920","2073600","5aad32c317e5e04c9f7d4119633b630f4e6f2d05f336e4ca500b0d6051366cca"
"ui-enrico/002986_11730_e88f1c256ff1.png","ui-enrico","1080","1920","2073600","e88f1c256ff1bcb80403df1da3403ea2191720f20e419c5cd528f0a30c187bab"
"ui-enrico/002987_11746_e13fbd33fd3f.png","ui-enrico","1080","1920","2073600","e13fbd33fd3f65aeff4c7a9f44d040f67b3786a728603e9e98069447b739257f"
"ui-enrico/002988_1184_7b808490a8fb.png","ui-enrico","1080","1920","2073600","7b808490a8fb86b459eff39f4546d10b0740b361568e49b34e4ec9f6d80ac0ab"
"ui-enrico/002989_124_87dc1955a568.png","ui-enrico","1080","1920","2073600","87dc1955a56821ab66c57559484f03cf7622d67a9336af021ead8eb3ab3c2ed5"
"ui-enrico/002990_12804_4c3571b4a596.png","ui-enrico","540","960","518400","4c3571b4a5960b166bfb4f8e8ef3a0b47142740c33a941b88ed44e1a0f390f8a"
"ui-enrico/002991_1281_6626d7e925c4.png","ui-enrico","540","960","518400","6626d7e925c4e78c304ada64f34e708b79caafed7ff865420c9b2ae80ea7db31"
"ui-enrico/002992_12921_bc1ace56c2e9.png","ui-enrico","1080","1920","2073600","bc1ace56c2e9385c8d13031a890d6b1edc2e4f961e69b024a958f00532679f13"
"ui-enrico/002993_1332_69963e9d4cbf.png","ui-enrico","1080","1920","2073600","69963e9d4cbfe188b25bcf6e0bc29a346533ac3f78c7226f0ae835ac4fac3963"
"ui-enrico/002994_1371_c85034b99560.png","ui-enrico","540","960","518400","c85034b99560222d571b3d0ca18bc6a9788423aeaf8eab5aefc3e1dce1257fbb"
"ui-enrico/002995_14085_24d9d0a9c52d.png","ui-enrico","1080","1920","2073600","24d9d0a9c52dce6d551b89fc456a62513468a6ebaae00ab68087cdaf68ff1ba9"
"ui-enrico/002996_1411_abea518e2831.png","ui-enrico","540","960","518400","abea518e28317aaa4a3a5be4892f91fbfd007d96379355336da3f4c2532744bb"
"ui-enrico/002997_1460_bc901bea8139.png","ui-enrico","1080","1920","2073600","bc901bea8139bdc7912acb13534412a1cbef128414adc47ffdef4448b41a1d7b"
"ui-enrico/002998_15194_281deb20f9b8.png","ui-enrico","1080","1920","2073600","281deb20f9b8bfa429a87935729f6de7c0b145e1c7159f4a6dea6f318af1ab27"
"ui-enrico/002999_15287_4bf28701da26.png","ui-enrico","540","960","518400","4bf28701da269e3d4f9325c84727c3c635c91574be68016ffa48e04c236867d9"
"ui-enrico/003000_15393_2aa2a384a05d.png","ui-enrico","1080","1920","2073600","2aa2a384a05d23231a2b3966d48f71fd2d4a462b87ea2d4ff834b7cbbb2d2af9"
"ui-enrico/003001_15449_6ce205800191.png","ui-enrico","1080","1920","2073600","6ce2058001910ccc525089a5771b532f3b452b241463f868a7aeef86ac1dd369"
"ui-enrico/003002_15452_2a3568f8437b.png","ui-enrico","1080","1920","2073600","2a3568f8437b5038cb40c4367fc55ab1ade6f706af210a83568879e163282ff1"
"ui-enrico/003003_15668_db1c8d5e9773.png","ui-enrico","540","960","518400","db1c8d5e9773b380d5c78c9d63ac87c64b563a51b66a65188b7a0583de545541"
"ui-enrico/003004_15950_860f117d8de5.png","ui-enrico","540","960","518400","860f117d8de55fa97eb2ea947724f58fe9134a8d533940566db67b7dac907df2"
"ui-enrico/003005_1611_4b9bf9adca71.png","ui-enrico","1080","1920","2073600","4b9bf9adca713359a3418128453793c4d154181449a0a038f553522305a67ccf"
"ui-enrico/003006_1622_86e91a927741.png","ui-enrico","540","960","518400","86e91a9277417c1dd0f871fd46c6811b01f8021bb2462c0fe4403a11f016bb0a"
"ui-enrico/003007_16347_59e66eb23ea8.png","ui-enrico","1080","1920","2073600","59e66eb23ea88ed485fcb43af97129fe7c268b4fa13eda50be1ac301a79a626e"
"ui-enrico/003008_17085_8153d2b11f69.png","ui-enrico","540","960","518400","8153d2b11f694372a494accd71a29366f7a560193e0e3db8de502825977aa5eb"
"ui-enrico/003009_17346_38e283488cfd.png","ui-enrico","1080","1920","2073600","38e283488cfd77b749af91d15bd76b252fb0c03ff5f240e8b84519264902f9d9"
"ui-enrico/003010_1753_5dd63ddf52d4.png","ui-enrico","540","960","518400","5dd63ddf52d49edd611292927d3e3e1a5cd526407f4fc3b3c7488f86134814d8"
"ui-enrico/003011_17576_2b7595cf1ebf.png","ui-enrico","1080","1920","2073600","2b7595cf1ebfc34cd06d391657aabea9911665def9596ec7c79432a8dcd73614"
"ui-enrico/003012_17767_a45f66f80af3.png","ui-enrico","1080","1920","2073600","a45f66f80af38d1767336789ff2fc03e2b8705ecb680d6516f2c527733e02fa6"
"ui-enrico/003013_1809_0c8a07d0fced.png","ui-enrico","1080","1920","2073600","0c8a07d0fcede59fed4b9d98167de2c091965d8e1dd8bd750bfb484bc5085ac1"
"ui-enrico/003014_18483_2d6e9cc8b106.png","ui-enrico","1080","1920","2073600","2d6e9cc8b10671654183a8b0e867b599f72ec2878e669f01edd6fbf2ea5ef5a8"
"ui-enrico/003015_1863_5203a3df899d.png","ui-enrico","1080","1920","2073600","5203a3df899d150e473cd72c276f5b872747fe613fa9482393cb810af4b43450"
"ui-enrico/003016_1868_dc23c91fe22c.png","ui-enrico","540","960","518400","dc23c91fe22c835c11b95a24741c1a8a3326a584347e818760d047944000cede"
"ui-enrico/003017_18975_76e265779aab.png","ui-enrico","540","960","518400","76e265779aab55223fbb0af3d9a6b3d4f2b9da5381532ca559960c244b0d092f"
"ui-enrico/003018_19089_572617c607a9.png","ui-enrico","1080","1920","2073600","572617c607a9d871f668ed2f0966298f5a334b2f4de2876f4f1ded83e749d065"
"ui-enrico/003019_19094_30099c8985ca.png","ui-enrico","1080","1920","2073600","30099c8985cad9dc0ded99a52cbce858b0b4e932f1de2469c08441cfa8a50c18"
"ui-enrico/003020_19730_7eb48589672b.png","ui-enrico","540","960","518400","7eb48589672b1f854edab9d3a39d1767cc545d304ef83d22f6f506b8ce317b00"
"ui-enrico/003021_1996_863f64c41e01.png","ui-enrico","540","960","518400","863f64c41e018419c7dcdb367c0dc3391f9ae7d5c90ee3effdfb886b369e8184"
"ui-enrico/003022_2002_78c3d5a63a1c.png","ui-enrico","1080","1920","2073600","78c3d5a63a1cca1073e556fc18ba4ab2c523e1c21a560250537e8f0795db2242"
"ui-enrico/003023_2013_052a1c8404ea.png","ui-enrico","1080","1920","2073600","052a1c8404eaf0da3e5e99ac86744804ac1a7b4735bec56df64cbdfd79f6405e"
"ui-enrico/003024_20164_0e7cf49113e2.png","ui-enrico","1080","1920","2073600","0e7cf49113e24a07e11db0246fb279d6a819f36c4cbf33f3589b8b79702d70d4"
"ui-enrico/003025_2030_bfb47aafee09.png","ui-enrico","540","960","518400","bfb47aafee09cb94efebc6369d8bdda6169b4f93ef1911cc0050334b07dae5e4"
"ui-enrico/003026_2040_f46db7100007.png","ui-enrico","1080","1920","2073600","f46db7100007ae2fdf471583628b952a32b5c35c9a5a89eeafff9726123c925c"
"ui-enrico/003027_20437_dc538a5abf2b.png","ui-enrico","1080","1920","2073600","dc538a5abf2b6bdaa0d07ed85123195e520d7ff8ef8e692eff75d81af7781902"
"ui-enrico/003028_2081_0c7648bccc33.png","ui-enrico","540","960","518400","0c7648bccc331966334b757853a5599995b200d6f7d9efdf386230195f693db5"
"ui-enrico/003029_2101_64b3ea54a3a5.png","ui-enrico","540","960","518400","64b3ea54a3a5931e514a61358c0fe000cafe6baa14a79ecd1b8f64265f4ffe46"
"ui-enrico/003030_2128_b1de158f9ad6.png","ui-enrico","1080","1920","2073600","b1de158f9ad6b41ad77120382da20861bc19b9015f1f22cf8adfb6cd285bdd64"
"ui-enrico/003031_2170_2862f746698a.png","ui-enrico","540","960","518400","2862f746698ad0638e6b3dcf795a9695e8d21c664936a2d6c0a42eb8bb48cb9c"
"ui-enrico/003032_2175_c225453a1a72.png","ui-enrico","1080","1920","2073600","c225453a1a72e5a326d06aee6dd16658f26e69c8c6ee82a580d7887354355fcd"
"ui-enrico/003033_2192_ed7f6d550095.png","ui-enrico","1080","1920","2073600","ed7f6d55009537ae4f4a42fb98e85e1cbed1d0c0fdcd3accd64eaf2cbae90d55"
"ui-enrico/003034_22173_6e461d20dbf3.png","ui-enrico","1080","1920","2073600","6e461d20dbf37aa18ea2adab695246dd3f76e72888f36499c70a6e791dc96a51"
"ui-enrico/003035_2251_b44a88f5ed17.png","ui-enrico","1080","1920","2073600","b44a88f5ed17ac044dd850f90a6f87efcd4e37cc0056b9f3cbb2b9cf97fa4fc9"
"ui-enrico/003036_2259_36d275c493eb.png","ui-enrico","540","960","518400","36d275c493eb6ec1e5a5380b47053af688a467acc4136dc79b855ee24d425aa0"
"ui-enrico/003037_228_87889c1fcd8e.png","ui-enrico","1080","1920","2073600","87889c1fcd8ea78a990da03bc8454c48dfb239b3cce468f2c58c1d118b41127d"
"ui-enrico/003038_2309_2a3227ccdc4f.png","ui-enrico","1080","1920","2073600","2a3227ccdc4f380bed7c273075c29915a6eb9cf0de73046c182078ce776ec474"
"ui-enrico/003039_2317_af5afed4bff6.png","ui-enrico","1080","1920","2073600","af5afed4bff6633589b04cd8411241aa87716d6f52c3d6ece0f86da44b9fd830"
"ui-enrico/003040_2322_5a882adcc3db.png","ui-enrico","1080","1920","2073600","5a882adcc3dbcac7e37d876fc0eee75c53b8e0df661e9c4b4be65a8a03d4b204"
"ui-enrico/003041_23301_30fb5c82fcf6.png","ui-enrico","1080","1920","2073600","30fb5c82fcf61a9c2765a44345ee49e0fc5863f943606718ab4d8ed954b6b9ad"
"ui-enrico/003042_24196_c6b3df74a187.png","ui-enrico","1080","1920","2073600","c6b3df74a187c508db7952dec72087aba4f00578221b68d7a8a06d875db2c034"
"ui-enrico/003043_2421_b84a601f2fa5.png","ui-enrico","1080","1920","2073600","b84a601f2fa505e48459d81bfd5f58c73c9be73c5d17e71f1ac4938373043397"
"ui-enrico/003044_2477_edda49dd1f95.png","ui-enrico","1080","1920","2073600","edda49dd1f9507e6a144a6ad1fd610256824b159572707429fb82d8702450565"
"ui-enrico/003045_2517_2cfd9fb7eb61.png","ui-enrico","1080","1920","2073600","2cfd9fb7eb61b7d04b4441c31a82dca36eb9bcdbd689603292b229ddf847afe8"
"ui-enrico/003046_2525_fbf098bea094.png","ui-enrico","1080","1920","2073600","fbf098bea094fdb38d0d575949fbae4b71616b6f8662cfae700b1733bed27fee"
"ui-enrico/003047_2526_71229c470ca6.png","ui-enrico","1080","1920","2073600","71229c470ca688823692e82b4de0a9df6d6174d394af0895be2d33b9352b87f4"
"ui-enrico/003048_2559_3f902c77c515.png","ui-enrico","540","960","518400","3f902c77c5155327666e4e38d424218ece40826d11b495b7984a02bf79518372"
"ui-enrico/003049_2561_0324c549aad4.png","ui-enrico","540","960","518400","0324c549aad497edf38535e223429c9ac77784572c389133e80c393ee368af35"
"ui-enrico/003050_2627_508ba68c742a.png","ui-enrico","1080","1920","2073600","508ba68c742a596cc976b7d4bcae2308a1ab7ddf3cbd642b2fbb73e77850274f"
"ui-enrico/003051_2716_d7cd6a3db388.png","ui-enrico","540","960","518400","d7cd6a3db38861a620c5dd34d46f31ec3884b8c5e6dbb1738a76cff05bfd0fca"
"ui-enrico/003052_2834_22f836182bc7.png","ui-enrico","540","960","518400","22f836182bc750a1daa150bf2e366d9291210610942ab5cece77f916505f0c7b"
"ui-enrico/003053_2858_1919960368bc.png","ui-enrico","1080","1920","2073600","1919960368bcfee532e5f07eddb8409eab3f4391d688b49d8b56c2acab9470fe"
"ui-enrico/003054_2867_34fc0496ab63.png","ui-enrico","1080","1920","2073600","34fc0496ab63478fbd86f85e5a4591c90b131cfa593e6250e9c4a56f7fb6da86"
"ui-enrico/003055_295_f394a64da426.png","ui-enrico","1080","1920","2073600","f394a64da42626fb9fef065d0fb0a0f38e9d3f41e94fc43ed729c1088314a2d4"
"ui-enrico/003056_29704_e48be852b3d5.png","ui-enrico","540","960","518400","e48be852b3d5928c4ec2e2293ace9b290f26b77896e697d444380e0511c51f7a"
"ui-enrico/003057_30259_a7f171098aca.png","ui-enrico","540","960","518400","a7f171098aca145a3b4998dc7a175d339e8e6c635aa4fea436e48998530d6686"
"ui-enrico/003058_30542_f6df5bae6022.png","ui-enrico","1080","1920","2073600","f6df5bae6022a1fcff39c9a02db1861a34a0522bada986fef5eda883125a767c"
"ui-enrico/003059_30767_283a45bea05c.png","ui-enrico","1080","1920","2073600","283a45bea05c80d2c3ff1b9a0dc2eb0851d280c63e8fb3ff04ac07c41f063f39"
"ui-enrico/003060_30929_36160e075700.png","ui-enrico","1080","1920","2073600","36160e0757003b4c1c49e291aafe333083cd100dc29556cce52396f3079580df"
"ui-enrico/003061_3116_8caf88d3b14b.png","ui-enrico","1080","1920","2073600","8caf88d3b14b9aa49cb63ca35a8113a4ae0e438e435c9a134d2221df59587085"
"ui-enrico/003062_3140_c83264aa2430.png","ui-enrico","1080","1920","2073600","c83264aa24304245c7d4d8ce543e4d3bfd06c0d6902d5044aa6b2471cdb9d8bf"
"ui-enrico/003063_3196_3f226f493c78.png","ui-enrico","1080","1920","2073600","3f226f493c78bb0d396b2f296380342cef0015ef6e1cf07eb49d5bb13ce37648"
"ui-enrico/003064_320_3b2c4f1c9afd.png","ui-enrico","1080","1920","2073600","3b2c4f1c9afdeb4a84821d420baef8908f7f5cade727e3ffe6f6531568bd4385"
"ui-enrico/003065_3258_9e6edb8c853a.png","ui-enrico","1080","1920","2073600","9e6edb8c853a27c6bd20af6f08ffae800a9158662294a4623503af3303e23280"
"ui-enrico/003066_3291_77c82f33522b.png","ui-enrico","1080","1920","2073600","77c82f33522b934d06532e6917f126e9273faa4f3e12547555d89f05c60785cb"
"ui-enrico/003067_3370_f52b63fa1731.png","ui-enrico","1080","1920","2073600","f52b63fa173165f4f50fa65a3d4954e811f7fd2c5a7788487c5293cc8857612e"
"ui-enrico/003068_33763_804b924638a3.png","ui-enrico","540","960","518400","804b924638a31265b73c904ad1b72ba0483e298e44177660e43b4ef11bc47521"
"ui-enrico/003069_3380_abb82e698ba3.png","ui-enrico","1080","1920","2073600","abb82e698ba37b5c832f709d715c2608323b5e6553abcfe24dd3e6c16859accc"
"ui-enrico/003070_3381_bc997ff743b3.png","ui-enrico","1080","1920","2073600","bc997ff743b38539376e25f2e4ddca22dd27db1b76febc3da17be351f7df1716"
"ui-enrico/003071_35573_b943c8ff0489.png","ui-enrico","1080","1920","2073600","b943c8ff0489a95ba3047b34c92ce4784f9763d157c844fa65d3a5518022c3b0"
"ui-enrico/003072_362_cbbbe3e3d317.png","ui-enrico","1080","1920","2073600","cbbbe3e3d3174d8caa3d63f885b0f0cd1cfeb16400e6e0048f147d3344697ee8"
"ui-enrico/003073_37211_84e0cdaf0e2a.png","ui-enrico","1080","1920","2073600","84e0cdaf0e2ac8de542a8fdf5ba5480441cc24ae45e760c0e84434c05e0952a3"
"ui-enrico/003074_3722_b15a56b33878.png","ui-enrico","1080","1920","2073600","b15a56b33878478d7b41109a70c6760e2b25e789eb0523c01f17b5e6e5b603b9"
"ui-enrico/003075_37266_b4fbdb815e6a.png","ui-enrico","540","960","518400","b4fbdb815e6a4326ffcf627219ba990b11dee348f552c65826386046ea812e17"
"ui-enrico/003076_3817_832db96de31f.png","ui-enrico","1080","1920","2073600","832db96de31f31b6b62ba0127546e72757fb266ae1ee6d696e8256fbb4891f98"
"ui-enrico/003077_3822_6121b67cea50.png","ui-enrico","1080","1920","2073600","6121b67cea5096131cb158ac53ed09033e447fa20ee7cfacbaf63b77dd7dc418"
"ui-enrico/003078_38554_9c7441e99678.png","ui-enrico","1080","1920","2073600","9c7441e99678f3acbce1dc8e91a4676d8fc2381ca56fea83aa4968bfa067c78a"
"ui-enrico/003079_388_7c8ccbaeef54.png","ui-enrico","540","960","518400","7c8ccbaeef5453067cd33db40a79003c70e483f85a82ac391747ff29be2965b8"
"ui-enrico/003080_3923_231ae8871d4b.png","ui-enrico","1080","1920","2073600","231ae8871d4b8273fb3520d00939b58232857d4ef110390fac13e734230e9595"
"ui-enrico/003081_3933_b41693d2a6c6.png","ui-enrico","1080","1920","2073600","b41693d2a6c60ddfb2a962925effc99d8552f0c93d83083dcd3ad2d8a03c89e4"
"ui-enrico/003082_3993_57ca52ba1931.png","ui-enrico","1080","1920","2073600","57ca52ba1931760f888bc05d46a8d9cc3303d626d48bce55b430ea26c1455595"
"ui-enrico/003083_4008_1464faf76767.png","ui-enrico","1080","1920","2073600","1464faf767679c6a334d06c29ad9d115c28f9afa7e3dadd18c923379ae95230b"
"ui-enrico/003084_40361_a1101dc48fa7.png","ui-enrico","1080","1920","2073600","a1101dc48fa7d672d0345b97724bd896db25d2e3453a1b186fb658ed6b5a7b0b"
"ui-enrico/003085_4066_8aeb91df9245.png","ui-enrico","1080","1920","2073600","8aeb91df92459f1567ddefcf41050013d837ba4fcc024b64292e437de8129e86"
"ui-enrico/003086_40907_cb0ae4229d31.png","ui-enrico","1080","1920","2073600","cb0ae4229d31fe438cf37dee0a9875901988cb80503581a7a4a8372926c3eee8"
"ui-enrico/003087_4143_56202b065c86.png","ui-enrico","1080","1920","2073600","56202b065c8651968c0a01474c7c032d0536280155e32cf21151d2e629d4d836"
"ui-enrico/003088_4211_5f5cc19a9546.png","ui-enrico","1080","1920","2073600","5f5cc19a95462d18ea45323343201ae793bc3b128e2d39f3078790d4875a8358"
"ui-enrico/003089_42545_c94427a0fe0a.png","ui-enrico","1080","1920","2073600","c94427a0fe0a7ff68bfd72b1e08a669cbd57b5a253777ab2126f4826c4c9a485"
"ui-enrico/003090_4271_c3bc2336ec65.png","ui-enrico","1080","1920","2073600","c3bc2336ec65508f3fef35de7401a1a6882c0fda59dcde4c046e87d305e70c12"
"ui-enrico/003091_43092_206fddb3fedf.png","ui-enrico","1080","1920","2073600","206fddb3fedf77c3ca385e2b30d820e81cd10dfbafca0312c40c6a37e7a91d07"
"ui-enrico/003092_44114_32546016283e.png","ui-enrico","1080","1920","2073600","32546016283eefcc23d13aea8e8cb835d524626ea943875ac3e17da021c360a1"
"ui-enrico/003093_4508_7e9f92ebe73d.png","ui-enrico","1080","1920","2073600","7e9f92ebe73dea6bd417ca32d40f07c155165723cdafe50f2d5a9850dd1f3c58"
"ui-enrico/003094_4584_9a4c7acdfa95.png","ui-enrico","1080","1920","2073600","9a4c7acdfa95f0d3e2529cf78b40ddb1327d87ef21d9f1b74ca862724f034d62"
"ui-enrico/003095_4717_2e5c3c254450.png","ui-enrico","1080","1920","2073600","2e5c3c254450eb47d77d66853c4d7874b9362cdcbad1ea9d8f783fd35e7868f4"
"ui-enrico/003096_47646_a23450e0676b.png","ui-enrico","1080","1920","2073600","a23450e0676b12559fca97f5e99bf5c56370c30ca30924c6960390cd95534b3a"
"ui-enrico/003097_48236_1da3c9e45d83.png","ui-enrico","540","960","518400","1da3c9e45d8369e0372b64f577621d8f414f0cd2e9a99e539c9c41c170425887"
"ui-enrico/003098_4833_0054978628e4.png","ui-enrico","540","960","518400","0054978628e45d5becc4be38226c8c78106ffb3576431490834ee640c2bca764"
"ui-enrico/003099_492_9baeeef9c952.png","ui-enrico","1080","1920","2073600","9baeeef9c952e63e2f5cc154c64deb534e11d66f30ebe40a575976b6fe29a795"
"ui-enrico/003100_497_8c074e5229fb.png","ui-enrico","1080","1920","2073600","8c074e5229fbe5fec4ea47e1f09802f42033b840e11185a60fb1a9885f8400ba"
"ui-enrico/003101_49936_c0bc57814613.png","ui-enrico","1080","1920","2073600","c0bc57814613f13953c15dc84ca4d1f844cdcbc5fbe61bd06ceedfd0e9210770"
"ui-enrico/003102_501_f83fb2db7359.png","ui-enrico","1080","1920","2073600","f83fb2db7359a958419b54f4df5424b41ac0eac7f3cb11c82752abca738db232"
"ui-enrico/003103_505_21ddb71fffab.png","ui-enrico","1080","1920","2073600","21ddb71fffab601f1effd2eeb25f72f633b1a014fb23b5f355aeb0c41a62dbc4"
"ui-enrico/003104_50956_1d465fe60a11.png","ui-enrico","540","960","518400","1d465fe60a11e87b333deeba9732e32efbea974be8d589aae2a8167d854537b0"
"ui-enrico/003105_514_69b2afb02e6e.png","ui-enrico","1080","1920","2073600","69b2afb02e6e03af494edb16171b6d05a148706d36b33ca947a8e650c786b47b"
"ui-enrico/003106_52366_2845665372d9.png","ui-enrico","540","960","518400","2845665372d9e466cab9c0cf1317556714a542d03bb11daea86de40ea8768335"
"ui-enrico/003107_526_e3f0df029293.png","ui-enrico","1080","1920","2073600","e3f0df029293f2852458e0c14e8011bf80267812d77a382910a5020dbbd1f753"
"ui-enrico/003108_54183_fe4caa3069fc.png","ui-enrico","1080","1920","2073600","fe4caa3069fc4c514036c8543840a99a26fff51367f1c7c87a022fd74f693362"
"ui-enrico/003109_5429_f4f92418bf66.png","ui-enrico","1080","1920","2073600","f4f92418bf66bb5cb7fca1ced07a52a01907585b436766da0ee0d71336f0f16e"
"ui-enrico/003110_545_c809887ea794.png","ui-enrico","1080","1920","2073600","c809887ea7946a9b5dbde68e92af13696c3fc158567eaaa34cf31aac9cf29ab7"
"ui-enrico/003111_546_ce9fd30dd912.png","ui-enrico","1080","1920","2073600","ce9fd30dd912401004ee287098f17cf61a5b8886cfb02fa1e1829f0499841e04"
"ui-enrico/003112_5470_e3f325017f5a.png","ui-enrico","1080","1920","2073600","e3f325017f5ac81034ee0de5f207b3d8ed1ab21a06c0713cc34ef40135bf0752"
"ui-enrico/003113_5510_2b962225b746.png","ui-enrico","540","960","518400","2b962225b74692177b45626527de216329e5aa0bf956e8c7065d3d4a98965b2c"
"ui-enrico/003114_55812_4627435961fe.png","ui-enrico","1080","1920","2073600","4627435961fe2466188e6592c49577c59458d10b765183daa749d6cf1cc361d4"
"ui-enrico/003115_5593_1fb3bd1577d3.png","ui-enrico","1080","1920","2073600","1fb3bd1577d3bb6e8b1863ef6936adff0669357ba32e846eb59ca4f3b4719d57"
"ui-enrico/003116_5782_bc2f518ae549.png","ui-enrico","1080","1920","2073600","bc2f518ae549496069b3ddc513d27a1702028f705e771e5b242daf1b6e361518"
"ui-enrico/003117_5889_ecd89115267c.png","ui-enrico","540","960","518400","ecd89115267cc15239e766855e07d51af4b41bfe754c11e69bae3346ae2c7581"
"ui-enrico/003118_5915_e82f86f77165.png","ui-enrico","1080","1920","2073600","e82f86f77165f5d85fefd23e5e32cbaa9bd7b1b2d0cfdc6e8abfd1640f6ba7b8"
"ui-enrico/003119_5942_f341beeb9643.png","ui-enrico","1080","1920","2073600","f341beeb96432d7233657263b4847cbc62b7b9c774b7f7f935f3d747f0142342"
"ui-enrico/003120_5956_9c9735586ee7.png","ui-enrico","1080","1920","2073600","9c9735586ee7b4646b283e7366065ea90b958185dc453ba5cdfce134cf41849f"
"ui-enrico/003121_6011_936a5a2975f5.png","ui-enrico","1080","1920","2073600","936a5a2975f585e871d5291aaeae40570de192027090fa00d2d285e27e017e3f"
"ui-enrico/003122_6015_ec02a1a2e092.png","ui-enrico","1080","1920","2073600","ec02a1a2e0923239b387a7eb58f763e2cbc657f5f664557cfc368d8096b2cf82"
"ui-enrico/003123_60164_df300cb062b3.png","ui-enrico","1080","1920","2073600","df300cb062b30629285b21f686af91a0a98a8fc1f88dd2a083d56e723e1965b4"
"ui-enrico/003124_6068_6b9ef168a31b.png","ui-enrico","1080","1920","2073600","6b9ef168a31b19cb52ea91c812fd5b1e2d477f67c3681d64c99f39e6ee32de7c"
"ui-enrico/003125_6105_5400caae569a.png","ui-enrico","1080","1920","2073600","5400caae569a700eb1e27d083b7e1a03f2292d4170f59a2f6d51e881fde35271"
"ui-enrico/003126_61906_95d96669be8f.png","ui-enrico","540","960","518400","95d96669be8fdf486df64a73c30ffab0e1e6ddce1e644dcd044d30331fc7bb4c"
"ui-enrico/003127_6303_396994fdb2b2.png","ui-enrico","1080","1920","2073600","396994fdb2b2355068c54f2b24d01dd43a8b0ac611704e93168c97008d567326"
"ui-enrico/003128_6320_d3a7f24c3753.png","ui-enrico","1080","1920","2073600","d3a7f24c37532d1329e96fe0d215fcda857263b4f56eb7935093933a107c591a"
"ui-enrico/003129_63473_8f66cfa31eee.png","ui-enrico","1080","1920","2073600","8f66cfa31eeec27fde0191158bd7e942ec6ed387d75b1ee8824120d74c7543cc"
"ui-enrico/003130_6364_938ad8058f6f.png","ui-enrico","1080","1920","2073600","938ad8058f6f797b08b6bda23c5b64ea29961b124f40ab4dfcfd2d31b1fdfadc"
"ui-enrico/003131_6401_a2d69b403fae.png","ui-enrico","540","960","518400","a2d69b403fae69e8c294dc2da9a1036ba3b3ab0b2ab10877e1aeb0008b960686"
"ui-enrico/003132_6469_ebd6e830b8f5.png","ui-enrico","540","960","518400","ebd6e830b8f5c516e75d1a4ab63d370c5de1f43549cd51e73e7cb80fc35da77e"
"ui-enrico/003133_650_e81c58229ada.png","ui-enrico","1080","1920","2073600","e81c58229ada78420066db2089479b83ec27c5e530196c06139302fddf109d77"
"ui-enrico/003134_6506_255256cf177b.png","ui-enrico","1080","1920","2073600","255256cf177b2b69464e13884c4e53648c2a7481b340691b4ad9b5f53fc3b560"
"ui-enrico/003135_66171_5a8c25b539ee.png","ui-enrico","1080","1920","2073600","5a8c25b539eea9e1b93b703094dc9683360cec3cf9bfe7de018323474656b2e5"
"ui-enrico/003136_6713_79baf00218da.png","ui-enrico","540","960","518400","79baf00218daa03f52efb9fb0a1dfe98805621e930632da1664c321bc21d215f"
"ui-enrico/003137_68088_5e23d734ccd3.png","ui-enrico","540","960","518400","5e23d734ccd3b107b0c385ec711e8172279e15b8f8e22cf1defd863238b7be30"
"ui-enrico/003138_686_62e44052440e.png","ui-enrico","1080","1920","2073600","62e44052440e1ea339974ff6a3e6883b8cf68222a737107abe55a1fdffb4ec33"
"ui-enrico/003139_6905_73397ce73838.png","ui-enrico","1080","1920","2073600","73397ce73838c94a2d611077305304adab406678abc846acbd423b821a774c44"
"ui-enrico/003140_6918_99dad54d5665.png","ui-enrico","1080","1920","2073600","99dad54d566513c174144cf8ca8455260829b2ccdbeff4cfca67da5e478b8e15"
"ui-enrico/003141_7013_c7876ab83663.png","ui-enrico","1080","1920","2073600","c7876ab83663a156366185acfad3513f4ddca33bbb53efac910d3e65d5736d17"
"ui-enrico/003142_7169_ade7e578d91e.png","ui-enrico","1080","1920","2073600","ade7e578d91e1799c74ed3d76d4e4a1a8720d23f5248c6655bb29c8cbd0d580b"
"ui-enrico/003143_7198_8e0b07122698.png","ui-enrico","1080","1920","2073600","8e0b07122698284cc4812e7f4fd4a21ae336eb07d24d6fc666cb22d8d4f3bbec"
"ui-enrico/003144_7387_1fcce24e5c44.png","ui-enrico","1080","1920","2073600","1fcce24e5c4408119b8f6ecffa485d4f79c71fa34fee8c2ead61000198f565df"
"ui-enrico/003145_7410_0944864f2337.png","ui-enrico","1080","1920","2073600","0944864f2337673036a5576d09dba28fd955a3809bbfff151906f34e9d6d7ce8"
"ui-enrico/003146_7470_69d1031d6fa2.png","ui-enrico","1080","1920","2073600","69d1031d6fa2cb55d009b5e48fc0c63e7bf50f61ba7c86262f67bb9b7dae22e7"
"ui-enrico/003147_758_3b6256bfd6be.png","ui-enrico","1080","1920","2073600","3b6256bfd6bef44935fdabeba51ea5a2316a7c03c6fb0dc1dde5757af8edfe57"
"ui-enrico/003148_7745_464cf30a59f4.png","ui-enrico","540","960","518400","464cf30a59f498eeb8975600d6f28d601bf4054518f0ed6d4ce3295317bf5278"
"ui-enrico/003149_7831_788059d00fd0.png","ui-enrico","1080","1920","2073600","788059d00fd0dbe7ce18f0f2a20489e97ab6ed613bba49aca4ec24cb52f5cb36"
"ui-enrico/003150_7902_cde2d8bd8229.png","ui-enrico","540","960","518400","cde2d8bd82295987c0d0e9ee88983011c4308669a0b79a8b83cebc56cf3be1d3"
"ui-enrico/003151_8120_337e0346e537.png","ui-enrico","1080","1920","2073600","337e0346e537049d3a924a867c85f62846098371f1ad4d6d8e77475c100cee37"
"ui-enrico/003152_8134_fa77f1c4e014.png","ui-enrico","540","960","518400","fa77f1c4e014480906f21b49c9c244d6ab3391a240ea8bfeae540b2c032c782c"
"ui-enrico/003153_8150_0f399bb00ad7.png","ui-enrico","540","960","518400","0f399bb00ad751f68e037db916c3f20f08023ad9cb98b5ed991eeb184e03b218"
"ui-enrico/003154_8243_229f577d683d.png","ui-enrico","1080","1920","2073600","229f577d683d02eef771765c2d29526b1e0c9a49f80492d03fa8e5cf19ce0101"
"ui-enrico/003155_8359_8a1e2f536e4c.png","ui-enrico","1080","1920","2073600","8a1e2f536e4cd53d146378a770cce56e8430a78bbc3fd188e73596f26e28a9bc"
"ui-enrico/003156_8522_285b121ac91d.png","ui-enrico","1080","1920","2073600","285b121ac91dd334d31ba40dda381806e7d3ba62826445e142b35047204d45c2"
"ui-enrico/003157_8560_9655e7d97151.png","ui-enrico","1080","1920","2073600","9655e7d97151a58fe9a30806269c83352d5a7897c2ca13e70d3668b5814f0882"
"ui-enrico/003158_8592_789c36f92712.png","ui-enrico","540","960","518400","789c36f9271207a6fd7ddb6c750d862734ae34ed3a751619f12b104561e3d9f6"
"ui-enrico/003159_8613_c4cb0fb69bd6.png","ui-enrico","540","960","518400","c4cb0fb69bd672898512b3511d7a58d59d2acf8129749713cb2a14a7fe5b8209"
"ui-enrico/003160_865_bc461303e188.png","ui-enrico","540","960","518400","bc461303e188d715ac91f5bd54179a4b9d06f6d8c68d4651e225f4df6a92cbb6"
"ui-enrico/003161_879_e176a24bfd3c.png","ui-enrico","1080","1920","2073600","e176a24bfd3c2a467db1a257ebd7cf0b62d0beb1285a0185ee1d202e99cf955a"
"ui-enrico/003162_9075_0718b4a5a9d3.png","ui-enrico","1080","1920","2073600","0718b4a5a9d39aad38ecd00adb6458e070b3f9aed4b9984e6d5953094677b17d"
"ui-enrico/003163_9146_0375fb1910ea.png","ui-enrico","540","960","518400","0375fb1910ea89d2addd7987df3e6c3dde36a9ce08aa0120d1f564abbecc6fe6"
"ui-enrico/003164_9248_f08239e36048.png","ui-enrico","540","960","518400","f08239e360488409b52d9b4d9ac565b67d0c2a5f5331c13e9867592e7841b79a"
"ui-enrico/003165_9311_7bf09f713eb3.png","ui-enrico","1080","1920","2073600","7bf09f713eb3ded3a491fc6a23ac3675629b7719f927cb61b44e8fa924b33f47"
"ui-enrico/003166_9371_4d90620c78dc.png","ui-enrico","1080","1920","2073600","4d90620c78dcb8ea4e75bd473b3ce2a8baa2341369fcededa1ab910ede744122"
"ui-enrico/003167_9895_578f00d74322.png","ui-enrico","1080","1920","2073600","578f00d743228bcf9d0ae6ccadf8f6c349c9d6e921228e41427a8932e5ff01da"
